file	gsm	total_counts	n_genes_rows
GSM4261475_expression_output_expression_2017545a.tsv.gz	GSM4261475	2770446	47643
GSM4261476_expression_output_expression_2017545b.tsv.gz	GSM4261476	2701610	47643
GSM4261477_expression_output_expression_2017545c.tsv.gz	GSM4261477	2696289	47643
GSM4261478_expression_output_expression_2017545d.tsv.gz	GSM4261478	2664930	47643
GSM4261479_expression_output_expression_2017545e.tsv.gz	GSM4261479	2367793	47643
GSM4261480_expression_output_expression_2017545f.tsv.gz	GSM4261480	2382941	47643
GSM4261481_expression_output_expression_2017545g.tsv.gz	GSM4261481	2351552	47643
GSM4261482_expression_output_expression_2017545h.tsv.gz	GSM4261482	2357977	47643
GSM4261483_expression_output_expression_2017547a.tsv.gz	GSM4261483	248855	47643
GSM4261484_expression_output_expression_2017547b.tsv.gz	GSM4261484	241383	47643
GSM4261485_expression_output_expression_2017547c.tsv.gz	GSM4261485	242944	47643
GSM4261486_expression_output_expression_2017547d.tsv.gz	GSM4261486	240480	47643
GSM4261487_expression_output_expression_2017547e.tsv.gz	GSM4261487	214166	47643
GSM4261488_expression_output_expression_2017547f.tsv.gz	GSM4261488	215421	47643
GSM4261489_expression_output_expression_2017547g.tsv.gz	GSM4261489	212710	47643
GSM4261490_expression_output_expression_2017547h.tsv.gz	GSM4261490	214003	47643
GSM4261491_expression_output_expression_2017553a.tsv.gz	GSM4261491	2584530	47643
GSM4261492_expression_output_expression_2017553b.tsv.gz	GSM4261492	2514687	47643
GSM4261493_expression_output_expression_2017553c.tsv.gz	GSM4261493	2519796	47643
GSM4261494_expression_output_expression_2017553d.tsv.gz	GSM4261494	2494151	47643
GSM4261495_expression_output_expression_2017553e.tsv.gz	GSM4261495	2155980	47643
GSM4261496_expression_output_expression_2017553f.tsv.gz	GSM4261496	2163141	47643
GSM4261497_expression_output_expression_2017553g.tsv.gz	GSM4261497	2140862	47643
GSM4261498_expression_output_expression_2017553h.tsv.gz	GSM4261498	2134697	47643
GSM4261499_expression_output_expression_2017555a.tsv.gz	GSM4261499	249573	47643
GSM4261500_expression_output_expression_2017555b.tsv.gz	GSM4261500	242437	47643
GSM4261501_expression_output_expression_2017555c.tsv.gz	GSM4261501	241725	47643
GSM4261502_expression_output_expression_2017555d.tsv.gz	GSM4261502	238650	47643
GSM4261503_expression_output_expression_2017555e.tsv.gz	GSM4261503	214560	47643
GSM4261504_expression_output_expression_2017555f.tsv.gz	GSM4261504	216958	47643
GSM4261505_expression_output_expression_2017555g.tsv.gz	GSM4261505	214114	47643
GSM4261506_expression_output_expression_2017555h.tsv.gz	GSM4261506	215184	47643
GSM4261507_expression_output_expression_2017561a.tsv.gz	GSM4261507	2708851	47643
GSM4261508_expression_output_expression_2017561b.tsv.gz	GSM4261508	2646964	47643
GSM4261509_expression_output_expression_2017561c.tsv.gz	GSM4261509	2644545	47643
GSM4261510_expression_output_expression_2017561d.tsv.gz	GSM4261510	2626120	47643
GSM4261511_expression_output_expression_2017561e.tsv.gz	GSM4261511	2212280	47643
GSM4261512_expression_output_expression_2017561f.tsv.gz	GSM4261512	2237026	47643
GSM4261513_expression_output_expression_2017561g.tsv.gz	GSM4261513	2207263	47643
GSM4261514_expression_output_expression_2017561h.tsv.gz	GSM4261514	2220455	47643
GSM4261515_expression_output_expression_2017563a.tsv.gz	GSM4261515	408469	47643
GSM4261516_expression_output_expression_2017563b.tsv.gz	GSM4261516	398462	47643
GSM4261517_expression_output_expression_2017563c.tsv.gz	GSM4261517	397948	47643
GSM4261518_expression_output_expression_2017563d.tsv.gz	GSM4261518	394241	47643
GSM4261519_expression_output_expression_2017563e.tsv.gz	GSM4261519	344605	47643
GSM4261520_expression_output_expression_2017563f.tsv.gz	GSM4261520	347912	47643
GSM4261521_expression_output_expression_2017563g.tsv.gz	GSM4261521	343689	47643
GSM4261522_expression_output_expression_2017563h.tsv.gz	GSM4261522	345658	47643
