GSM	file_prefix	library_id	cell_part	animal_label	technical_rep	pool_size	biological_unit	paired_status
GSM4261475	GSM4261475_expression_output_expression_2017545a	2017545	Full Astrocytes	C1	1	1	2017545_FullAstrocytes	unpaired (label match not sufficient; pool composition differs by fraction)
GSM4261476	GSM4261476_expression_output_expression_2017545b	2017545	Full Astrocytes	C1	2	1	2017545_FullAstrocytes	unpaired (label match not sufficient; pool composition differs by fraction)
GSM4261477	GSM4261477_expression_output_expression_2017545c	2017545	Full Astrocytes	C1	3	1	2017545_FullAstrocytes	unpaired (label match not sufficient; pool composition differs by fraction)
GSM4261478	GSM4261478_expression_output_expression_2017545d	2017545	Full Astrocytes	C1	4	1	2017545_FullAstrocytes	unpaired (label match not sufficient; pool composition differs by fraction)
GSM4261479	GSM4261479_expression_output_expression_2017545e	2017545	Full Astrocytes	C1	5	1	2017545_FullAstrocytes	unpaired (label match not sufficient; pool composition differs by fraction)
GSM4261480	GSM4261480_expression_output_expression_2017545f	2017545	Full Astrocytes	C1	6	1	2017545_FullAstrocytes	unpaired (label match not sufficient; pool composition differs by fraction)
GSM4261481	GSM4261481_expression_output_expression_2017545g	2017545	Full Astrocytes	C1	7	1	2017545_FullAstrocytes	unpaired (label match not sufficient; pool composition differs by fraction)
GSM4261482	GSM4261482_expression_output_expression_2017545h	2017545	Full Astrocytes	C1	8	1	2017545_FullAstrocytes	unpaired (label match not sufficient; pool composition differs by fraction)
GSM4261483	GSM4261483_expression_output_expression_2017547a	2017547	PAP	C1	1	2	2017547_PAP	unpaired (label match not sufficient; pool composition differs by fraction)
GSM4261484	GSM4261484_expression_output_expression_2017547b	2017547	PAP	C1	2	2	2017547_PAP	unpaired (label match not sufficient; pool composition differs by fraction)
GSM4261485	GSM4261485_expression_output_expression_2017547c	2017547	PAP	C1	3	2	2017547_PAP	unpaired (label match not sufficient; pool composition differs by fraction)
GSM4261486	GSM4261486_expression_output_expression_2017547d	2017547	PAP	C1	4	2	2017547_PAP	unpaired (label match not sufficient; pool composition differs by fraction)
GSM4261487	GSM4261487_expression_output_expression_2017547e	2017547	PAP	C1	5	2	2017547_PAP	unpaired (label match not sufficient; pool composition differs by fraction)
GSM4261488	GSM4261488_expression_output_expression_2017547f	2017547	PAP	C1	6	2	2017547_PAP	unpaired (label match not sufficient; pool composition differs by fraction)
GSM4261489	GSM4261489_expression_output_expression_2017547g	2017547	PAP	C1	7	2	2017547_PAP	unpaired (label match not sufficient; pool composition differs by fraction)
GSM4261490	GSM4261490_expression_output_expression_2017547h	2017547	PAP	C1	8	2	2017547_PAP	unpaired (label match not sufficient; pool composition differs by fraction)
GSM4261491	GSM4261491_expression_output_expression_2017553a	2017553	Full Astrocytes	C2	1	1	2017553_FullAstrocytes	unpaired (label match not sufficient; pool composition differs by fraction)
GSM4261492	GSM4261492_expression_output_expression_2017553b	2017553	Full Astrocytes	C2	2	1	2017553_FullAstrocytes	unpaired (label match not sufficient; pool composition differs by fraction)
GSM4261493	GSM4261493_expression_output_expression_2017553c	2017553	Full Astrocytes	C2	3	1	2017553_FullAstrocytes	unpaired (label match not sufficient; pool composition differs by fraction)
GSM4261494	GSM4261494_expression_output_expression_2017553d	2017553	Full Astrocytes	C2	4	1	2017553_FullAstrocytes	unpaired (label match not sufficient; pool composition differs by fraction)
GSM4261495	GSM4261495_expression_output_expression_2017553e	2017553	Full Astrocytes	C2	5	1	2017553_FullAstrocytes	unpaired (label match not sufficient; pool composition differs by fraction)
GSM4261496	GSM4261496_expression_output_expression_2017553f	2017553	Full Astrocytes	C2	6	1	2017553_FullAstrocytes	unpaired (label match not sufficient; pool composition differs by fraction)
GSM4261497	GSM4261497_expression_output_expression_2017553g	2017553	Full Astrocytes	C2	7	1	2017553_FullAstrocytes	unpaired (label match not sufficient; pool composition differs by fraction)
GSM4261498	GSM4261498_expression_output_expression_2017553h	2017553	Full Astrocytes	C2	8	1	2017553_FullAstrocytes	unpaired (label match not sufficient; pool composition differs by fraction)
GSM4261499	GSM4261499_expression_output_expression_2017555a	2017555	PAP	C2	1	2	2017555_PAP	unpaired (label match not sufficient; pool composition differs by fraction)
GSM4261500	GSM4261500_expression_output_expression_2017555b	2017555	PAP	C2	2	2	2017555_PAP	unpaired (label match not sufficient; pool composition differs by fraction)
GSM4261501	GSM4261501_expression_output_expression_2017555c	2017555	PAP	C2	3	2	2017555_PAP	unpaired (label match not sufficient; pool composition differs by fraction)
GSM4261502	GSM4261502_expression_output_expression_2017555d	2017555	PAP	C2	4	2	2017555_PAP	unpaired (label match not sufficient; pool composition differs by fraction)
GSM4261503	GSM4261503_expression_output_expression_2017555e	2017555	PAP	C2	5	2	2017555_PAP	unpaired (label match not sufficient; pool composition differs by fraction)
GSM4261504	GSM4261504_expression_output_expression_2017555f	2017555	PAP	C2	6	2	2017555_PAP	unpaired (label match not sufficient; pool composition differs by fraction)
GSM4261505	GSM4261505_expression_output_expression_2017555g	2017555	PAP	C2	7	2	2017555_PAP	unpaired (label match not sufficient; pool composition differs by fraction)
GSM4261506	GSM4261506_expression_output_expression_2017555h	2017555	PAP	C2	8	2	2017555_PAP	unpaired (label match not sufficient; pool composition differs by fraction)
GSM4261507	GSM4261507_expression_output_expression_2017561a	2017561	Full Astrocytes	C3	1	1	2017561_FullAstrocytes	unpaired (label match not sufficient; pool composition differs by fraction)
GSM4261508	GSM4261508_expression_output_expression_2017561b	2017561	Full Astrocytes	C3	2	1	2017561_FullAstrocytes	unpaired (label match not sufficient; pool composition differs by fraction)
GSM4261509	GSM4261509_expression_output_expression_2017561c	2017561	Full Astrocytes	C3	3	1	2017561_FullAstrocytes	unpaired (label match not sufficient; pool composition differs by fraction)
GSM4261510	GSM4261510_expression_output_expression_2017561d	2017561	Full Astrocytes	C3	4	1	2017561_FullAstrocytes	unpaired (label match not sufficient; pool composition differs by fraction)
GSM4261511	GSM4261511_expression_output_expression_2017561e	2017561	Full Astrocytes	C3	5	1	2017561_FullAstrocytes	unpaired (label match not sufficient; pool composition differs by fraction)
GSM4261512	GSM4261512_expression_output_expression_2017561f	2017561	Full Astrocytes	C3	6	1	2017561_FullAstrocytes	unpaired (label match not sufficient; pool composition differs by fraction)
GSM4261513	GSM4261513_expression_output_expression_2017561g	2017561	Full Astrocytes	C3	7	1	2017561_FullAstrocytes	unpaired (label match not sufficient; pool composition differs by fraction)
GSM4261514	GSM4261514_expression_output_expression_2017561h	2017561	Full Astrocytes	C3	8	1	2017561_FullAstrocytes	unpaired (label match not sufficient; pool composition differs by fraction)
GSM4261515	GSM4261515_expression_output_expression_2017563a	2017563	PAP	C3	1	2	2017563_PAP	unpaired (label match not sufficient; pool composition differs by fraction)
GSM4261516	GSM4261516_expression_output_expression_2017563b	2017563	PAP	C3	2	2	2017563_PAP	unpaired (label match not sufficient; pool composition differs by fraction)
GSM4261517	GSM4261517_expression_output_expression_2017563c	2017563	PAP	C3	3	2	2017563_PAP	unpaired (label match not sufficient; pool composition differs by fraction)
GSM4261518	GSM4261518_expression_output_expression_2017563d	2017563	PAP	C3	4	2	2017563_PAP	unpaired (label match not sufficient; pool composition differs by fraction)
GSM4261519	GSM4261519_expression_output_expression_2017563e	2017563	PAP	C3	5	2	2017563_PAP	unpaired (label match not sufficient; pool composition differs by fraction)
GSM4261520	GSM4261520_expression_output_expression_2017563f	2017563	PAP	C3	6	2	2017563_PAP	unpaired (label match not sufficient; pool composition differs by fraction)
GSM4261521	GSM4261521_expression_output_expression_2017563g	2017563	PAP	C3	7	2	2017563_PAP	unpaired (label match not sufficient; pool composition differs by fraction)
GSM4261522	GSM4261522_expression_output_expression_2017563h	2017563	PAP	C3	8	2	2017563_PAP	unpaired (label match not sufficient; pool composition differs by fraction)
