run_accession	experiment_title
SRR28702144	Illumina HiSeq 2500 sequencing: GSM8208369: Cortex, stroke zone 3, immunoprecipitated RNA, rep 3 Mus musculus RNA-Seq
SRR28702153	Illumina HiSeq 2500 sequencing: GSM8208366: Cortex, stroke zone 2, immunoprecipitated RNA, rep 5 Mus musculus RNA-Seq
SRR28702157	Illumina HiSeq 2500 sequencing: GSM8208364: Cortex, stroke zone 2, immunoprecipitated RNA, rep 3 Mus musculus RNA-Seq
SRR28702161	Illumina HiSeq 2500 sequencing: GSM8208362: Cortex, stroke zone 2, immunoprecipitated RNA, rep 1 Mus musculus RNA-Seq
SRR28702170	Illumina HiSeq 2500 sequencing: GSM8208358: Cortex, stroke zone 1, immunoprecipitated RNA, rep 2 Mus musculus RNA-Seq
SRR28702177	Illumina HiSeq 2500 sequencing: GSM8208356: White matter, stroke zone 5, immunoprecipitated RNA, rep 5 Mus musculus RNA-Seq
SRR28702188	Illumina HiSeq 2500 sequencing: GSM8208351: White matter, stroke zone 4, immunoprecipitated RNA, rep 5 Mus musculus RNA-Seq
SRR28702208	Illumina HiSeq 2500 sequencing: GSM8208343: White matter, stroke zone 3, immunoprecipitated RNA, rep 2 Mus musculus RNA-Seq
SRR28702220	Illumina HiSeq 2500 sequencing: GSM8208379: Cortex, stroke zone 5, immunoprecipitated RNA, rep 3 Mus musculus RNA-Seq
SRR28702233	Illumina HiSeq 2500 sequencing: GSM8208373: Cortex, stroke zone 4, immunoprecipitated RNA, rep 2 Mus musculus RNA-Seq
SRR28702234	Illumina HiSeq 2500 sequencing: GSM8208373: Cortex, stroke zone 4, immunoprecipitated RNA, rep 2 Mus musculus RNA-Seq
SRR28702235	Illumina HiSeq 2500 sequencing: GSM8208371: Cortex, stroke zone 3, immunoprecipitated RNA, rep 5 Mus musculus RNA-Seq
SRR28702241	Illumina HiSeq 2500 sequencing: GSM8208370: Cortex, stroke zone 3, immunoprecipitated RNA, rep 4 Mus musculus RNA-Seq
SRR28702242	Illumina HiSeq 2500 sequencing: GSM8208370: Cortex, stroke zone 3, immunoprecipitated RNA, rep 4 Mus musculus RNA-Seq
SRR28702244	Illumina HiSeq 2500 sequencing: GSM8208327: Cortex, stroke zones 1-3, immunoprecipitated RNA, rep 1 Mus musculus RNA-Seq
SRR28702247	Illumina HiSeq 2500 sequencing: GSM8208326: Cortex, stroke zones 1-3, input RNA, rep 1 Mus musculus RNA-Seq
SRR28702248	Illumina HiSeq 2500 sequencing: GSM8208326: Cortex, stroke zones 1-3, input RNA, rep 1 Mus musculus RNA-Seq
SRR28702256	Illumina HiSeq 2500 sequencing: GSM8208322: Cortex, uninjured, input RNA, rep 4 Mus musculus RNA-Seq
SRR28702259	Illumina HiSeq 2500 sequencing: GSM8208321: Cortex, uninjured, immunoprecipitated RNA, rep 3 Mus musculus RNA-Seq
SRR28702261	Illumina HiSeq 2500 sequencing: GSM8208320: Cortex, uninjured, input RNA, rep 3 Mus musculus RNA-Seq
SRR28702262	Illumina HiSeq 2500 sequencing: GSM8208320: Cortex, uninjured, input RNA, rep 3 Mus musculus RNA-Seq
SRR28702263	Illumina HiSeq 2500 sequencing: GSM8208319: Cortex, uninjured, immunoprecipitated RNA, rep 2 Mus musculus RNA-Seq
SRR28702266	Illumina HiSeq 2500 sequencing: GSM8208318: Cortex, uninjured, input RNA, rep 2 Mus musculus RNA-Seq
SRR28702276	Illumina HiSeq 2500 sequencing: GSM8208314: White matter, stroke zones 1-3, input RNA, rep 3 Mus musculus RNA-Seq
SRR28702278	Illumina HiSeq 2500 sequencing: GSM8208341: White matter, stroke zone 2, immunoprecipitated RNA, rep 5 Mus musculus RNA-Seq
SRR28702292	Illumina HiSeq 2500 sequencing: GSM8208336: White matter, stroke zone 1, immunoprecipitated RNA, rep 5 Mus musculus RNA-Seq
SRR28702299	Illumina HiSeq 2500 sequencing: GSM8208332: White matter, stroke zone 1, immunoprecipitated RNA, rep 1 Mus musculus RNA-Seq
SRR28702301	Illumina HiSeq 2500 sequencing: GSM8208334: White matter, stroke zone 1, immunoprecipitated RNA, rep 3 Mus musculus RNA-Seq
SRR28702306	Illumina HiSeq 2500 sequencing: GSM8208330: Cortex, stroke zones 1-3, input RNA, rep 3 Mus musculus RNA-Seq
SRR28702310	Illumina HiSeq 2500 sequencing: GSM8208329: Cortex, stroke zones 1-3, immunoprecipitated RNA, rep 2 Mus musculus RNA-Seq
SRR28702311	Illumina HiSeq 2500 sequencing: GSM8208329: Cortex, stroke zones 1-3, immunoprecipitated RNA, rep 2 Mus musculus RNA-Seq
SRR28702312	Illumina HiSeq 2500 sequencing: GSM8208313: White matter, stroke zones 1-3, immunoprecipitated RNA, rep 2 Mus musculus RNA-Seq
SRR28702314	Illumina HiSeq 2500 sequencing: GSM8208315: White matter, stroke zones 1-3, immunoprecipitated RNA, rep 3 Mus musculus RNA-Seq
SRR28702318	Illumina HiSeq 2500 sequencing: GSM8208311: White matter, stroke zones 1-3, immunoprecipitated RNA, rep 1 Mus musculus RNA-Seq
SRR28702319	Illumina HiSeq 2500 sequencing: GSM8208311: White matter, stroke zones 1-3, immunoprecipitated RNA, rep 1 Mus musculus RNA-Seq
SRR28702323	Illumina HiSeq 2500 sequencing: GSM8208308: White matter, uninjured, input RNA, rep 5 Mus musculus RNA-Seq
SRR28702324	Illumina HiSeq 2500 sequencing: GSM8208308: White matter, uninjured, input RNA, rep 5 Mus musculus RNA-Seq
SRR28702328	Illumina HiSeq 2500 sequencing: GSM8208307: White matter, uninjured, immunoprecipitated RNA, rep 4 Mus musculus RNA-Seq
SRR28702330	Illumina HiSeq 2500 sequencing: GSM8208304: White matter, uninjured, input RNA, rep 3 Mus musculus RNA-Seq
SRR28702332	Illumina HiSeq 2500 sequencing: GSM8208306: White matter, uninjured, input RNA, rep 4 Mus musculus RNA-Seq
SRR28702335	Illumina HiSeq 2500 sequencing: GSM8208305: White matter, uninjured, immunoprecipitated RNA, rep 3 Mus musculus RNA-Seq
SRR28702339	Illumina HiSeq 2500 sequencing: GSM8208303: White matter, uninjured, immunoprecipitated RNA, rep 2 Mus musculus RNA-Seq
SRR28702145	Illumina HiSeq 2500 sequencing: GSM8208368: Cortex, stroke zone 3, immunoprecipitated RNA, rep 2 Mus musculus RNA-Seq
SRR28702146	Illumina HiSeq 2500 sequencing: GSM8208368: Cortex, stroke zone 3, immunoprecipitated RNA, rep 2 Mus musculus RNA-Seq
SRR28702159	Illumina HiSeq 2500 sequencing: GSM8208363: Cortex, stroke zone 2, immunoprecipitated RNA, rep 2 Mus musculus RNA-Seq
SRR28702165	Illumina HiSeq 2500 sequencing: GSM8208359: Cortex, stroke zone 1, immunoprecipitated RNA, rep 3 Mus musculus RNA-Seq
SRR28702174	Illumina HiSeq 2500 sequencing: GSM8208357: Cortex, stroke zone 1, immunoprecipitated RNA, rep 1 Mus musculus RNA-Seq
SRR28702175	Illumina HiSeq 2500 sequencing: GSM8208355: White matter, stroke zone 5, immunoprecipitated RNA, rep 4 Mus musculus RNA-Seq
SRR28702181	Illumina HiSeq 2500 sequencing: GSM8208354: White matter, stroke zone 5, immunoprecipitated RNA, rep 3 Mus musculus RNA-Seq
SRR28702185	Illumina HiSeq 2500 sequencing: GSM8208352: White matter, stroke zone 5, immunoprecipitated RNA, rep 1 Mus musculus RNA-Seq
SRR28702186	Illumina HiSeq 2500 sequencing: GSM8208352: White matter, stroke zone 5, immunoprecipitated RNA, rep 1 Mus musculus RNA-Seq
SRR28702190	Illumina HiSeq 2500 sequencing: GSM8208349: White matter, stroke zone 4, immunoprecipitated RNA, rep 3 Mus musculus RNA-Seq
SRR28702211	Illumina HiSeq 2500 sequencing: GSM8208380: Cortex, stroke zone 5, immunoprecipitated RNA, rep 4 Mus musculus RNA-Seq
SRR28702223	Illumina HiSeq 2500 sequencing: GSM8208377: Cortex, stroke zone 5, immunoprecipitated RNA, rep 1 Mus musculus RNA-Seq
SRR28702224	Illumina HiSeq 2500 sequencing: GSM8208377: Cortex, stroke zone 5, immunoprecipitated RNA, rep 1 Mus musculus RNA-Seq
SRR28702232	Illumina HiSeq 2500 sequencing: GSM8208376: Cortex, stroke zone 4, immunoprecipitated RNA, rep 5 Mus musculus RNA-Seq
SRR28702240	Illumina HiSeq 2500 sequencing: GSM8208370: Cortex, stroke zone 3, immunoprecipitated RNA, rep 4 Mus musculus RNA-Seq
SRR28702251	Illumina HiSeq 2500 sequencing: GSM8208324: Cortex, uninjured, input RNA, rep 5 Mus musculus RNA-Seq
SRR28702258	Illumina HiSeq 2500 sequencing: GSM8208321: Cortex, uninjured, immunoprecipitated RNA, rep 3 Mus musculus RNA-Seq
SRR28702267	Illumina HiSeq 2500 sequencing: GSM8208318: Cortex, uninjured, input RNA, rep 2 Mus musculus RNA-Seq
SRR28702268	Illumina HiSeq 2500 sequencing: GSM8208317: Cortex, uninjured, immunoprecipitated RNA, rep 1 Mus musculus RNA-Seq
SRR28702269	Illumina HiSeq 2500 sequencing: GSM8208317: Cortex, uninjured, immunoprecipitated RNA, rep 1 Mus musculus RNA-Seq
SRR28702270	Illumina HiSeq 2500 sequencing: GSM8208316: Cortex, uninjured, input RNA, rep 1 Mus musculus RNA-Seq
SRR28702271	Illumina HiSeq 2500 sequencing: GSM8208316: Cortex, uninjured, input RNA, rep 1 Mus musculus RNA-Seq
SRR28702275	Illumina HiSeq 2500 sequencing: GSM8208314: White matter, stroke zones 1-3, input RNA, rep 3 Mus musculus RNA-Seq
SRR28702280	Illumina HiSeq 2500 sequencing: GSM8208339: White matter, stroke zone 2, immunoprecipitated RNA, rep 3 Mus musculus RNA-Seq
SRR28702281	Illumina HiSeq 2500 sequencing: GSM8208340: White matter, stroke zone 2, immunoprecipitated RNA, rep 4 Mus musculus RNA-Seq
SRR28702284	Illumina HiSeq 2500 sequencing: GSM8208338: White matter, stroke zone 2, immunoprecipitated RNA, rep 2 Mus musculus RNA-Seq
SRR28702285	Illumina HiSeq 2500 sequencing: GSM8208338: White matter, stroke zone 2, immunoprecipitated RNA, rep 2 Mus musculus RNA-Seq
SRR28702289	Illumina HiSeq 2500 sequencing: GSM8208335: White matter, stroke zone 1, immunoprecipitated RNA, rep 4 Mus musculus RNA-Seq
SRR28702293	Illumina HiSeq 2500 sequencing: GSM8208336: White matter, stroke zone 1, immunoprecipitated RNA, rep 5 Mus musculus RNA-Seq
SRR28702298	Illumina HiSeq 2500 sequencing: GSM8208332: White matter, stroke zone 1, immunoprecipitated RNA, rep 1 Mus musculus RNA-Seq
SRR28702300	Illumina HiSeq 2500 sequencing: GSM8208332: White matter, stroke zone 1, immunoprecipitated RNA, rep 1 Mus musculus RNA-Seq
SRR28702308	Illumina HiSeq 2500 sequencing: GSM8208330: Cortex, stroke zones 1-3, input RNA, rep 3 Mus musculus RNA-Seq
SRR28702320	Illumina HiSeq 2500 sequencing: GSM8208311: White matter, stroke zones 1-3, immunoprecipitated RNA, rep 1 Mus musculus RNA-Seq
SRR28702340	Illumina HiSeq 2500 sequencing: GSM8208300: White matter, uninjured, input RNA, rep 1 Mus musculus RNA-Seq
SRR28702341	Illumina HiSeq 2500 sequencing: GSM8208300: White matter, uninjured, input RNA, rep 1 Mus musculus RNA-Seq
SRR28702343	Illumina HiSeq 2500 sequencing: GSM8208302: White matter, uninjured, input RNA, rep 2 Mus musculus RNA-Seq
SRR28702347	Illumina HiSeq 2500 sequencing: GSM8208301: White matter, uninjured, immunoprecipitated RNA, rep 1 Mus musculus RNA-Seq
SRR28702151	Illumina HiSeq 2500 sequencing: GSM8208365: Cortex, stroke zone 2, immunoprecipitated RNA, rep 4 Mus musculus RNA-Seq
SRR28702152	Illumina HiSeq 2500 sequencing: GSM8208366: Cortex, stroke zone 2, immunoprecipitated RNA, rep 5 Mus musculus RNA-Seq
SRR28702156	Illumina HiSeq 2500 sequencing: GSM8208364: Cortex, stroke zone 2, immunoprecipitated RNA, rep 3 Mus musculus RNA-Seq
SRR28702160	Illumina HiSeq 2500 sequencing: GSM8208362: Cortex, stroke zone 2, immunoprecipitated RNA, rep 1 Mus musculus RNA-Seq
SRR28702162	Illumina HiSeq 2500 sequencing: GSM8208361: Cortex, stroke zone 1, immunoprecipitated RNA, rep 5 Mus musculus RNA-Seq
SRR28702163	Illumina HiSeq 2500 sequencing: GSM8208361: Cortex, stroke zone 1, immunoprecipitated RNA, rep 5 Mus musculus RNA-Seq
SRR28702173	Illumina HiSeq 2500 sequencing: GSM8208357: Cortex, stroke zone 1, immunoprecipitated RNA, rep 1 Mus musculus RNA-Seq
SRR28702179	Illumina HiSeq 2500 sequencing: GSM8208354: White matter, stroke zone 5, immunoprecipitated RNA, rep 3 Mus musculus RNA-Seq
SRR28702191	Illumina HiSeq 2500 sequencing: GSM8208349: White matter, stroke zone 4, immunoprecipitated RNA, rep 3 Mus musculus RNA-Seq
SRR28702199	Illumina HiSeq 2500 sequencing: GSM8208347: White matter, stroke zone 4, immunoprecipitated RNA, rep 1 Mus musculus RNA-Seq
SRR28702204	Illumina HiSeq 2500 sequencing: GSM8208346: White matter, stroke zone 3, immunoprecipitated RNA, rep 5 Mus musculus RNA-Seq
SRR28702209	Illumina HiSeq 2500 sequencing: GSM8208343: White matter, stroke zone 3, immunoprecipitated RNA, rep 2 Mus musculus RNA-Seq
SRR28702214	Illumina HiSeq 2500 sequencing: GSM8208342: White matter, stroke zone 3, immunoprecipitated RNA, rep 1 Mus musculus RNA-Seq
SRR28702222	Illumina HiSeq 2500 sequencing: GSM8208378: Cortex, stroke zone 5, immunoprecipitated RNA, rep 2 Mus musculus RNA-Seq
SRR28702230	Illumina HiSeq 2500 sequencing: GSM8208374: Cortex, stroke zone 4, immunoprecipitated RNA, rep 3 Mus musculus RNA-Seq
SRR28702231	Illumina HiSeq 2500 sequencing: GSM8208374: Cortex, stroke zone 4, immunoprecipitated RNA, rep 3 Mus musculus RNA-Seq
SRR28702236	Illumina HiSeq 2500 sequencing: GSM8208371: Cortex, stroke zone 3, immunoprecipitated RNA, rep 5 Mus musculus RNA-Seq
SRR28702253	Illumina HiSeq 2500 sequencing: GSM8208323: Cortex, uninjured, immunoprecipitated RNA, rep 4 Mus musculus RNA-Seq
SRR28702255	Illumina HiSeq 2500 sequencing: GSM8208323: Cortex, uninjured, immunoprecipitated RNA, rep 4 Mus musculus RNA-Seq
SRR28702265	Illumina HiSeq 2500 sequencing: GSM8208319: Cortex, uninjured, immunoprecipitated RNA, rep 2 Mus musculus RNA-Seq
SRR28702272	Illumina HiSeq 2500 sequencing: GSM8208316: Cortex, uninjured, input RNA, rep 1 Mus musculus RNA-Seq
SRR28702273	Illumina HiSeq 2500 sequencing: GSM8208315: White matter, stroke zones 1-3, immunoprecipitated RNA, rep 3 Mus musculus RNA-Seq
SRR28702274	Illumina HiSeq 2500 sequencing: GSM8208315: White matter, stroke zones 1-3, immunoprecipitated RNA, rep 3 Mus musculus RNA-Seq
SRR28702282	Illumina HiSeq 2500 sequencing: GSM8208340: White matter, stroke zone 2, immunoprecipitated RNA, rep 4 Mus musculus RNA-Seq
SRR28702287	Illumina HiSeq 2500 sequencing: GSM8208337: White matter, stroke zone 2, immunoprecipitated RNA, rep 1 Mus musculus RNA-Seq
SRR28702295	Illumina HiSeq 2500 sequencing: GSM8208334: White matter, stroke zone 1, immunoprecipitated RNA, rep 3 Mus musculus RNA-Seq
SRR28702307	Illumina HiSeq 2500 sequencing: GSM8208330: Cortex, stroke zones 1-3, input RNA, rep 3 Mus musculus RNA-Seq
SRR28702315	Illumina HiSeq 2500 sequencing: GSM8208312: White matter, stroke zones 1-3, input RNA, rep 2 Mus musculus RNA-Seq
SRR28702322	Illumina HiSeq 2500 sequencing: GSM8208310: White matter, stroke zones 1-3, input RNA, rep 1 Mus musculus RNA-Seq
SRR28702326	Illumina HiSeq 2500 sequencing: GSM8208309: White matter, uninjured, immunoprecipitated RNA, rep 5 Mus musculus RNA-Seq
SRR28702327	Illumina HiSeq 2500 sequencing: GSM8208309: White matter, uninjured, immunoprecipitated RNA, rep 5 Mus musculus RNA-Seq
SRR28702331	Illumina HiSeq 2500 sequencing: GSM8208304: White matter, uninjured, input RNA, rep 3 Mus musculus RNA-Seq
SRR28702336	Illumina HiSeq 2500 sequencing: GSM8208305: White matter, uninjured, immunoprecipitated RNA, rep 3 Mus musculus RNA-Seq
SRR28702342	Illumina HiSeq 2500 sequencing: GSM8208302: White matter, uninjured, input RNA, rep 2 Mus musculus RNA-Seq
SRR28702345	Illumina HiSeq 2500 sequencing: GSM8208301: White matter, uninjured, immunoprecipitated RNA, rep 1 Mus musculus RNA-Seq
SRR28702143	Illumina HiSeq 2500 sequencing: GSM8208369: Cortex, stroke zone 3, immunoprecipitated RNA, rep 3 Mus musculus RNA-Seq
SRR28702147	Illumina HiSeq 2500 sequencing: GSM8208368: Cortex, stroke zone 3, immunoprecipitated RNA, rep 2 Mus musculus RNA-Seq
SRR28702148	Illumina HiSeq 2500 sequencing: GSM8208367: Cortex, stroke zone 3, immunoprecipitated RNA, rep 1 Mus musculus RNA-Seq
SRR28702150	Illumina HiSeq 2500 sequencing: GSM8208365: Cortex, stroke zone 2, immunoprecipitated RNA, rep 4 Mus musculus RNA-Seq
SRR28702154	Illumina HiSeq 2500 sequencing: GSM8208366: Cortex, stroke zone 2, immunoprecipitated RNA, rep 5 Mus musculus RNA-Seq
SRR28702155	Illumina HiSeq 2500 sequencing: GSM8208364: Cortex, stroke zone 2, immunoprecipitated RNA, rep 3 Mus musculus RNA-Seq
SRR28702158	Illumina HiSeq 2500 sequencing: GSM8208363: Cortex, stroke zone 2, immunoprecipitated RNA, rep 2 Mus musculus RNA-Seq
SRR28702166	Illumina HiSeq 2500 sequencing: GSM8208360: Cortex, stroke zone 1, immunoprecipitated RNA, rep 4 Mus musculus RNA-Seq
SRR28702167	Illumina HiSeq 2500 sequencing: GSM8208360: Cortex, stroke zone 1, immunoprecipitated RNA, rep 4 Mus musculus RNA-Seq
SRR28702180	Illumina HiSeq 2500 sequencing: GSM8208354: White matter, stroke zone 5, immunoprecipitated RNA, rep 3 Mus musculus RNA-Seq
SRR28702187	Illumina HiSeq 2500 sequencing: GSM8208352: White matter, stroke zone 5, immunoprecipitated RNA, rep 1 Mus musculus RNA-Seq
SRR28702192	Illumina HiSeq 2500 sequencing: GSM8208350: White matter, stroke zone 4, immunoprecipitated RNA, rep 4 Mus musculus RNA-Seq
SRR28702197	Illumina HiSeq 2500 sequencing: GSM8208348: White matter, stroke zone 4, immunoprecipitated RNA, rep 2 Mus musculus RNA-Seq
SRR28702201	Illumina HiSeq 2500 sequencing: GSM8208345: White matter, stroke zone 3, immunoprecipitated RNA, rep 4 Mus musculus RNA-Seq
SRR28702202	Illumina HiSeq 2500 sequencing: GSM8208346: White matter, stroke zone 3, immunoprecipitated RNA, rep 5 Mus musculus RNA-Seq
SRR28702203	Illumina HiSeq 2500 sequencing: GSM8208346: White matter, stroke zone 3, immunoprecipitated RNA, rep 5 Mus musculus RNA-Seq
SRR28702206	Illumina HiSeq 2500 sequencing: GSM8208344: White matter, stroke zone 3, immunoprecipitated RNA, rep 3 Mus musculus RNA-Seq
SRR28702207	Illumina HiSeq 2500 sequencing: GSM8208344: White matter, stroke zone 3, immunoprecipitated RNA, rep 3 Mus musculus RNA-Seq
SRR28702212	Illumina HiSeq 2500 sequencing: GSM8208342: White matter, stroke zone 3, immunoprecipitated RNA, rep 1 Mus musculus RNA-Seq
SRR28702213	Illumina HiSeq 2500 sequencing: GSM8208342: White matter, stroke zone 3, immunoprecipitated RNA, rep 1 Mus musculus RNA-Seq
SRR28702215	Illumina HiSeq 2500 sequencing: GSM8208381: Cortex, stroke zone 5, immunoprecipitated RNA, rep 5 Mus musculus RNA-Seq
SRR28702217	Illumina HiSeq 2500 sequencing: GSM8208381: Cortex, stroke zone 5, immunoprecipitated RNA, rep 5 Mus musculus RNA-Seq
SRR28702219	Illumina HiSeq 2500 sequencing: GSM8208379: Cortex, stroke zone 5, immunoprecipitated RNA, rep 3 Mus musculus RNA-Seq
SRR28702221	Illumina HiSeq 2500 sequencing: GSM8208378: Cortex, stroke zone 5, immunoprecipitated RNA, rep 2 Mus musculus RNA-Seq
SRR28702226	Illumina HiSeq 2500 sequencing: GSM8208376: Cortex, stroke zone 4, immunoprecipitated RNA, rep 5 Mus musculus RNA-Seq
SRR28702228	Illumina HiSeq 2500 sequencing: GSM8208375: Cortex, stroke zone 4, immunoprecipitated RNA, rep 4 Mus musculus RNA-Seq
SRR28702229	Illumina HiSeq 2500 sequencing: GSM8208374: Cortex, stroke zone 4, immunoprecipitated RNA, rep 3 Mus musculus RNA-Seq
SRR28702237	Illumina HiSeq 2500 sequencing: GSM8208372: Cortex, stroke zone 4, immunoprecipitated RNA, rep 1 Mus musculus RNA-Seq
SRR28702239	Illumina HiSeq 2500 sequencing: GSM8208372: Cortex, stroke zone 4, immunoprecipitated RNA, rep 1 Mus musculus RNA-Seq
SRR28702243	Illumina HiSeq 2500 sequencing: GSM8208327: Cortex, stroke zones 1-3, immunoprecipitated RNA, rep 1 Mus musculus RNA-Seq
SRR28702245	Illumina HiSeq 2500 sequencing: GSM8208325: Cortex, uninjured, immunoprecipitated RNA, rep 5 Mus musculus RNA-Seq
SRR28702257	Illumina HiSeq 2500 sequencing: GSM8208322: Cortex, uninjured, input RNA, rep 4 Mus musculus RNA-Seq
SRR28702260	Illumina HiSeq 2500 sequencing: GSM8208320: Cortex, uninjured, input RNA, rep 3 Mus musculus RNA-Seq
SRR28702279	Illumina HiSeq 2500 sequencing: GSM8208339: White matter, stroke zone 2, immunoprecipitated RNA, rep 3 Mus musculus RNA-Seq
SRR28702283	Illumina HiSeq 2500 sequencing: GSM8208340: White matter, stroke zone 2, immunoprecipitated RNA, rep 4 Mus musculus RNA-Seq
SRR28702288	Illumina HiSeq 2500 sequencing: GSM8208337: White matter, stroke zone 2, immunoprecipitated RNA, rep 1 Mus musculus RNA-Seq
SRR28702296	Illumina HiSeq 2500 sequencing: GSM8208333: White matter, stroke zone 1, immunoprecipitated RNA, rep 2 Mus musculus RNA-Seq
SRR28702305	Illumina HiSeq 2500 sequencing: GSM8208328: Cortex, stroke zones 1-3, input RNA, rep 2 Mus musculus RNA-Seq
SRR28702313	Illumina HiSeq 2500 sequencing: GSM8208313: White matter, stroke zones 1-3, immunoprecipitated RNA, rep 2 Mus musculus RNA-Seq
SRR28702316	Illumina HiSeq 2500 sequencing: GSM8208312: White matter, stroke zones 1-3, input RNA, rep 2 Mus musculus RNA-Seq
SRR28702317	Illumina HiSeq 2500 sequencing: GSM8208312: White matter, stroke zones 1-3, input RNA, rep 2 Mus musculus RNA-Seq
SRR28702329	Illumina HiSeq 2500 sequencing: GSM8208307: White matter, uninjured, immunoprecipitated RNA, rep 4 Mus musculus RNA-Seq
SRR28702333	Illumina HiSeq 2500 sequencing: GSM8208306: White matter, uninjured, input RNA, rep 4 Mus musculus RNA-Seq
SRR28702337	Illumina HiSeq 2500 sequencing: GSM8208305: White matter, uninjured, immunoprecipitated RNA, rep 3 Mus musculus RNA-Seq
SRR28702338	Illumina HiSeq 2500 sequencing: GSM8208303: White matter, uninjured, immunoprecipitated RNA, rep 2 Mus musculus RNA-Seq
SRR28702149	Illumina HiSeq 2500 sequencing: GSM8208367: Cortex, stroke zone 3, immunoprecipitated RNA, rep 1 Mus musculus RNA-Seq
SRR28702164	Illumina HiSeq 2500 sequencing: GSM8208359: Cortex, stroke zone 1, immunoprecipitated RNA, rep 3 Mus musculus RNA-Seq
SRR28702168	Illumina HiSeq 2500 sequencing: GSM8208360: Cortex, stroke zone 1, immunoprecipitated RNA, rep 4 Mus musculus RNA-Seq
SRR28702169	Illumina HiSeq 2500 sequencing: GSM8208362: Cortex, stroke zone 2, immunoprecipitated RNA, rep 1 Mus musculus RNA-Seq
SRR28702171	Illumina HiSeq 2500 sequencing: GSM8208358: Cortex, stroke zone 1, immunoprecipitated RNA, rep 2 Mus musculus RNA-Seq
SRR28702172	Illumina HiSeq 2500 sequencing: GSM8208358: Cortex, stroke zone 1, immunoprecipitated RNA, rep 2 Mus musculus RNA-Seq
SRR28702176	Illumina HiSeq 2500 sequencing: GSM8208356: White matter, stroke zone 5, immunoprecipitated RNA, rep 5 Mus musculus RNA-Seq
SRR28702178	Illumina HiSeq 2500 sequencing: GSM8208356: White matter, stroke zone 5, immunoprecipitated RNA, rep 5 Mus musculus RNA-Seq
SRR28702182	Illumina HiSeq 2500 sequencing: GSM8208353: White matter, stroke zone 5, immunoprecipitated RNA, rep 2 Mus musculus RNA-Seq
SRR28702183	Illumina HiSeq 2500 sequencing: GSM8208353: White matter, stroke zone 5, immunoprecipitated RNA, rep 2 Mus musculus RNA-Seq
SRR28702184	Illumina HiSeq 2500 sequencing: GSM8208355: White matter, stroke zone 5, immunoprecipitated RNA, rep 4 Mus musculus RNA-Seq
SRR28702189	Illumina HiSeq 2500 sequencing: GSM8208351: White matter, stroke zone 4, immunoprecipitated RNA, rep 5 Mus musculus RNA-Seq
SRR28702193	Illumina HiSeq 2500 sequencing: GSM8208350: White matter, stroke zone 4, immunoprecipitated RNA, rep 4 Mus musculus RNA-Seq
SRR28702194	Illumina HiSeq 2500 sequencing: GSM8208350: White matter, stroke zone 4, immunoprecipitated RNA, rep 4 Mus musculus RNA-Seq
SRR28702195	Illumina HiSeq 2500 sequencing: GSM8208348: White matter, stroke zone 4, immunoprecipitated RNA, rep 2 Mus musculus RNA-Seq
SRR28702196	Illumina HiSeq 2500 sequencing: GSM8208348: White matter, stroke zone 4, immunoprecipitated RNA, rep 2 Mus musculus RNA-Seq
SRR28702198	Illumina HiSeq 2500 sequencing: GSM8208347: White matter, stroke zone 4, immunoprecipitated RNA, rep 1 Mus musculus RNA-Seq
SRR28702200	Illumina HiSeq 2500 sequencing: GSM8208345: White matter, stroke zone 3, immunoprecipitated RNA, rep 4 Mus musculus RNA-Seq
SRR28702205	Illumina HiSeq 2500 sequencing: GSM8208344: White matter, stroke zone 3, immunoprecipitated RNA, rep 3 Mus musculus RNA-Seq
SRR28702210	Illumina HiSeq 2500 sequencing: GSM8208380: Cortex, stroke zone 5, immunoprecipitated RNA, rep 4 Mus musculus RNA-Seq
SRR28702216	Illumina HiSeq 2500 sequencing: GSM8208381: Cortex, stroke zone 5, immunoprecipitated RNA, rep 5 Mus musculus RNA-Seq
SRR28702218	Illumina HiSeq 2500 sequencing: GSM8208379: Cortex, stroke zone 5, immunoprecipitated RNA, rep 3 Mus musculus RNA-Seq
SRR28702225	Illumina HiSeq 2500 sequencing: GSM8208376: Cortex, stroke zone 4, immunoprecipitated RNA, rep 5 Mus musculus RNA-Seq
SRR28702227	Illumina HiSeq 2500 sequencing: GSM8208375: Cortex, stroke zone 4, immunoprecipitated RNA, rep 4 Mus musculus RNA-Seq
SRR28702238	Illumina HiSeq 2500 sequencing: GSM8208372: Cortex, stroke zone 4, immunoprecipitated RNA, rep 1 Mus musculus RNA-Seq
SRR28702246	Illumina HiSeq 2500 sequencing: GSM8208325: Cortex, uninjured, immunoprecipitated RNA, rep 5 Mus musculus RNA-Seq
SRR28702249	Illumina HiSeq 2500 sequencing: GSM8208326: Cortex, stroke zones 1-3, input RNA, rep 1 Mus musculus RNA-Seq
SRR28702250	Illumina HiSeq 2500 sequencing: GSM8208324: Cortex, uninjured, input RNA, rep 5 Mus musculus RNA-Seq
SRR28702252	Illumina HiSeq 2500 sequencing: GSM8208324: Cortex, uninjured, input RNA, rep 5 Mus musculus RNA-Seq
SRR28702254	Illumina HiSeq 2500 sequencing: GSM8208323: Cortex, uninjured, immunoprecipitated RNA, rep 4 Mus musculus RNA-Seq
SRR28702264	Illumina HiSeq 2500 sequencing: GSM8208319: Cortex, uninjured, immunoprecipitated RNA, rep 2 Mus musculus RNA-Seq
SRR28702277	Illumina HiSeq 2500 sequencing: GSM8208341: White matter, stroke zone 2, immunoprecipitated RNA, rep 5 Mus musculus RNA-Seq
SRR28702286	Illumina HiSeq 2500 sequencing: GSM8208338: White matter, stroke zone 2, immunoprecipitated RNA, rep 2 Mus musculus RNA-Seq
SRR28702290	Illumina HiSeq 2500 sequencing: GSM8208335: White matter, stroke zone 1, immunoprecipitated RNA, rep 4 Mus musculus RNA-Seq
SRR28702291	Illumina HiSeq 2500 sequencing: GSM8208336: White matter, stroke zone 1, immunoprecipitated RNA, rep 5 Mus musculus RNA-Seq
SRR28702294	Illumina HiSeq 2500 sequencing: GSM8208334: White matter, stroke zone 1, immunoprecipitated RNA, rep 3 Mus musculus RNA-Seq
SRR28702297	Illumina HiSeq 2500 sequencing: GSM8208333: White matter, stroke zone 1, immunoprecipitated RNA, rep 2 Mus musculus RNA-Seq
SRR28702302	Illumina HiSeq 2500 sequencing: GSM8208331: Cortex, stroke zones 1-3, immunoprecipitated RNA, rep 3 Mus musculus RNA-Seq
SRR28702303	Illumina HiSeq 2500 sequencing: GSM8208331: Cortex, stroke zones 1-3, immunoprecipitated RNA, rep 3 Mus musculus RNA-Seq
SRR28702304	Illumina HiSeq 2500 sequencing: GSM8208328: Cortex, stroke zones 1-3, input RNA, rep 2 Mus musculus RNA-Seq
SRR28702309	Illumina HiSeq 2500 sequencing: GSM8208329: Cortex, stroke zones 1-3, immunoprecipitated RNA, rep 2 Mus musculus RNA-Seq
SRR28702321	Illumina HiSeq 2500 sequencing: GSM8208310: White matter, stroke zones 1-3, input RNA, rep 1 Mus musculus RNA-Seq
SRR28702325	Illumina HiSeq 2500 sequencing: GSM8208309: White matter, uninjured, immunoprecipitated RNA, rep 5 Mus musculus RNA-Seq
SRR28702334	Illumina HiSeq 2500 sequencing: GSM8208306: White matter, uninjured, input RNA, rep 4 Mus musculus RNA-Seq
SRR28702344	Illumina HiSeq 2500 sequencing: GSM8208302: White matter, uninjured, input RNA, rep 2 Mus musculus RNA-Seq
SRR28702346	Illumina HiSeq 2500 sequencing: GSM8208301: White matter, uninjured, immunoprecipitated RNA, rep 1 Mus musculus RNA-Seq
