run_accession	sample_accession	experiment_title	library_name	read_count	fastq_ftp	fastq_bytes	fastq_md5
SRR25403062	SAMN36695345	Illumina HiSeq 4000 sequencing: GSM7658909: Astrocyte day3 rep1 Mus musculus RNA-Seq	GSM7658909	23276640	ftp.sra.ebi.ac.uk/vol1/fastq/SRR254/062/SRR25403062/SRR25403062_1.fastq.gz;ftp.sra.ebi.ac.uk/vol1/fastq/SRR254/062/SRR25403062/SRR25403062_2.fastq.gz	1888969160;2077321272	1de3e6a59e02da58b3ae59ed1e0bf6c3;169ad699cc937e35fec43f4604d6a75b
SRR25403063	SAMN36695344	Illumina HiSeq 4000 sequencing: GSM7658910: Astrocyte day3 rep2 Mus musculus RNA-Seq	GSM7658910	22181973	ftp.sra.ebi.ac.uk/vol1/fastq/SRR254/063/SRR25403063/SRR25403063_1.fastq.gz;ftp.sra.ebi.ac.uk/vol1/fastq/SRR254/063/SRR25403063/SRR25403063_2.fastq.gz	1808974726;2115518528	dfddde92b5d46bad3db18d85a3491685;2ed49d312f60839ebc4edeb8db6e9b1c
SRR25403068	SAMN36695339	Illumina HiSeq 4000 sequencing: GSM7658915: Astrocyte day60 rep1 Mus musculus RNA-Seq	GSM7658915	20588526	ftp.sra.ebi.ac.uk/vol1/fastq/SRR254/068/SRR25403068/SRR25403068_1.fastq.gz;ftp.sra.ebi.ac.uk/vol1/fastq/SRR254/068/SRR25403068/SRR25403068_2.fastq.gz	1633891094;1945606863	bf1f15eebca51c2eec54d9a992840d44;373123c3d34c53c840439f4d8dc3ffeb
SRR25403065	SAMN36695342	Illumina HiSeq 4000 sequencing: GSM7658912: Astrocyte day7 rep2 Mus musculus RNA-Seq	GSM7658912	22525706	ftp.sra.ebi.ac.uk/vol1/fastq/SRR254/065/SRR25403065/SRR25403065_1.fastq.gz;ftp.sra.ebi.ac.uk/vol1/fastq/SRR254/065/SRR25403065/SRR25403065_2.fastq.gz	1858263749;2166189038	523ba2052c0d494a59aff48fd28ac7b2;54052143dcbbcaaaab565e30a0551a17
SRR25403067	SAMN36695340	Illumina HiSeq 4000 sequencing: GSM7658914: Astrocyte day21 rep2 Mus musculus RNA-Seq	GSM7658914	21547497	ftp.sra.ebi.ac.uk/vol1/fastq/SRR254/067/SRR25403067/SRR25403067_1.fastq.gz;ftp.sra.ebi.ac.uk/vol1/fastq/SRR254/067/SRR25403067/SRR25403067_2.fastq.gz	1800827038;2092579609	3fefdce9be60e2a57dc19c0a14d5a6b5;7b48e50eacabac56f40636850402d0df
SRR25403069	SAMN36695338	Illumina HiSeq 4000 sequencing: GSM7658916: Astrocyte day60 rep2 Mus musculus RNA-Seq	GSM7658916	26118348	ftp.sra.ebi.ac.uk/vol1/fastq/SRR254/069/SRR25403069/SRR25403069_1.fastq.gz;ftp.sra.ebi.ac.uk/vol1/fastq/SRR254/069/SRR25403069/SRR25403069_2.fastq.gz	2073285072;2578042548	6c3f5e7f4c4f82bc851c7e5373005b3c;23ae7297294b532c6de18fa647573ba1
SRR25403064	SAMN36695343	Illumina HiSeq 4000 sequencing: GSM7658911: Astrocyte day7 rep1 Mus musculus RNA-Seq	GSM7658911	20634384	ftp.sra.ebi.ac.uk/vol1/fastq/SRR254/064/SRR25403064/SRR25403064_1.fastq.gz;ftp.sra.ebi.ac.uk/vol1/fastq/SRR254/064/SRR25403064/SRR25403064_2.fastq.gz	1734627512;1984996684	f4533e5760f53151f026a4129b773014;0f639bdb2204e0cf796c6f0f950b6248
SRR25403066	SAMN36695341	Illumina HiSeq 4000 sequencing: GSM7658913: Astrocyte day21 rep1 Mus musculus RNA-Seq	GSM7658913	19876188	ftp.sra.ebi.ac.uk/vol1/fastq/SRR254/066/SRR25403066/SRR25403066_1.fastq.gz;ftp.sra.ebi.ac.uk/vol1/fastq/SRR254/066/SRR25403066/SRR25403066_2.fastq.gz	1557585893;1772782743	f39aae7b5f922856cbb09d466cf77270;5e724b7016835b8e19bd211144d0d130
SRR25403070	SAMN36695349	Illumina HiSeq 4000 sequencing: GSM7658905: Astrocyte Sham rep1 Mus musculus RNA-Seq	GSM7658905	25577916	ftp.sra.ebi.ac.uk/vol1/fastq/SRR254/070/SRR25403070/SRR25403070_1.fastq.gz;ftp.sra.ebi.ac.uk/vol1/fastq/SRR254/070/SRR25403070/SRR25403070_2.fastq.gz	2090117617;2499313759	34ced9d056b611e1e117cd456125e92c;85d69dbe99f36c75b73475ef24699787
SRR25403071	SAMN36695348	Illumina HiSeq 4000 sequencing: GSM7658906: Astrocyte Sham rep2 Mus musculus RNA-Seq	GSM7658906	26846951	ftp.sra.ebi.ac.uk/vol1/fastq/SRR254/071/SRR25403071/SRR25403071_1.fastq.gz;ftp.sra.ebi.ac.uk/vol1/fastq/SRR254/071/SRR25403071/SRR25403071_2.fastq.gz	2203999787;2600414669	d7b5670b74b0d58da33801b89fb9c732;84bf3ff7cce8cc11e32a7cb69791abfd
SRR25403072	SAMN36695347	Illumina HiSeq 4000 sequencing: GSM7658907: Astrocyte day1 rep1 Mus musculus RNA-Seq	GSM7658907	20214045	ftp.sra.ebi.ac.uk/vol1/fastq/SRR254/072/SRR25403072/SRR25403072_1.fastq.gz;ftp.sra.ebi.ac.uk/vol1/fastq/SRR254/072/SRR25403072/SRR25403072_2.fastq.gz	1619518494;1908705751	c5e94a82f95add687d696360ab14960a;26ae43130d6d2e74221410e819a62c36
SRR25403073	SAMN36695346	Illumina HiSeq 4000 sequencing: GSM7658908: Astrocyte day1 rep2 Mus musculus RNA-Seq	GSM7658908	20679201	ftp.sra.ebi.ac.uk/vol1/fastq/SRR254/073/SRR25403073/SRR25403073_1.fastq.gz;ftp.sra.ebi.ac.uk/vol1/fastq/SRR254/073/SRR25403073/SRR25403073_2.fastq.gz	1744646188;1968612492	3d1d07f8852965fcab0415c3901097b6;a7553b8ec3c158f1b3c4f81855c02724
