sample	region	filter	n_reads	mapq_median	mapq_lt20_pct	mapq_255_pct	mapq_ge30_pct	softclip_read_pct	softclip_base_pct	spliced_read_pct	nm_median
day3_rep1	annotated_UTR	main	2774	255.0	0.360	99.640	99.640	9.193	0.814	0.721	None
day3_rep1	review_window	main	3703	255	0.270	99.730	99.730	8.993	0.716	17.472	None
day3_rep2	annotated_UTR	main	2657	255	0.301	99.699	99.699	5.420	0.278	1.016	None
day3_rep2	review_window	main	3614	255.0	0.332	99.668	99.668	6.364	0.395	18.456	None
day7_rep1	annotated_UTR	main	3694	255.0	0.054	99.946	99.946	4.467	0.288	0.298	None
day7_rep1	review_window	main	5569	255	0.036	99.964	99.964	5.028	0.316	23.559	None
day7_rep2	annotated_UTR	main	4203	255	0.095	99.905	99.905	2.689	0.080	0.666	None
day7_rep2	review_window	main	6639	255	0.090	99.910	99.910	3.238	0.092	26.570	None
sham1	annotated_UTR	main	2594	255.0	0.231	99.769	99.769	4.472	0.364	4.279	None
sham1	review_window	main	3126	255.0	0.256	99.744	99.744	4.766	0.381	16.187	None
sham2	annotated_UTR	main	3839	255	0.182	99.818	99.818	3.334	0.100	4.324	None
sham2	review_window	main	4908	255.0	0.163	99.837	99.837	3.647	0.096	18.847	None
day3_rep1	annotated_UTR	dedup	2774	255.0	0.360	99.640	99.640	9.193	0.814	0.721	None
day3_rep1	review_window	dedup	3703	255	0.270	99.730	99.730	8.993	0.716	17.472	None
day3_rep2	annotated_UTR	dedup	2657	255	0.301	99.699	99.699	5.420	0.278	1.016	None
day3_rep2	review_window	dedup	3614	255.0	0.332	99.668	99.668	6.364	0.395	18.456	None
day7_rep1	annotated_UTR	dedup	3694	255.0	0.054	99.946	99.946	4.467	0.288	0.298	None
day7_rep1	review_window	dedup	5569	255	0.036	99.964	99.964	5.028	0.316	23.559	None
day7_rep2	annotated_UTR	dedup	4203	255	0.095	99.905	99.905	2.689	0.080	0.666	None
day7_rep2	review_window	dedup	6639	255	0.090	99.910	99.910	3.238	0.092	26.570	None
sham1	annotated_UTR	dedup	2594	255.0	0.231	99.769	99.769	4.472	0.364	4.279	None
sham1	review_window	dedup	3126	255.0	0.256	99.744	99.744	4.766	0.381	16.187	None
sham2	annotated_UTR	dedup	3839	255	0.182	99.818	99.818	3.334	0.100	4.324	None
sham2	review_window	dedup	4908	255.0	0.163	99.837	99.837	3.647	0.096	18.847	None
