file	sha256	bytes	source_note
REANALYSIS_RESULTS_20260923.zip	60f97720e928d4fe3d20f4a3dab216c628d607720c30f31d1327097e30da9f08	90618776	GitHub Release v2026-09-23 资产（字节数与远端登记一致）
REANALYSIS_RESULTS_20260921.zip	b72b31478c4e49781320abd37d4b6feb2cf14f5fb3306620c3c8339ac59a7a13	89122581	GitHub Release v2026-09-23 资产（含 120 个 BAM 切片）
gencode.vM25.annotation.gtf.gz	e6c9704cb5832b8a1c71431ecac9ea30057377c72cdc9a12dc5d0405ab066d5a	28542432	GENCODE 官网 release_M25
gencode.vM25.transcripts.fa.gz	5139cf409a680b60434716ca10ad4e474cbbe5d2e4d11af7553edfad8ed73670	54587418	GENCODE 官网 release_M25
chr5.fa.gz	bcaf73bc4a2687226b969cb723bdcc7c7657cb211067f162704564d775003def	48571686	UCSC mm10 chromosomes/chr5.fa.gz（md5 53e996b8236720821f82a687423edd22 与官方一致；mm10=GRCm38 同一组装，chr 命名与 BAM 一致）
sham1.Atp2a2.cand.bam	b1d05f0570ed2b160e76761c58860ca2ab5c6df894133f966b72752a9a26a442	254435	0921/0923 双包内均有，字节数一致
sham2.Atp2a2.cand.bam	05aad9cc2380edfd6a86b4930477e6415916836e755a4e0b7af2a6555883f57a	424103	0921/0923 双包内均有，字节数一致
day3_rep1.Atp2a2.cand.bam	10a0b8dd21f7da9086286e84ef5c10b09bc56e99aea39510e2e4384da5769a66	308647	0921/0923 双包内均有，字节数一致
day3_rep2.Atp2a2.cand.bam	2ff5b0ec6fd77fde1c7c7714cb30fbfb13267a54cbec636c23d2cc43c51369d4	331124	0921/0923 双包内均有，字节数一致
day7_rep1.Atp2a2.cand.bam	11515348ae36b3bdd504971393309e8ada06e3b41997d6ac73a3528118396690	632798	0921/0923 双包内均有，字节数一致
day7_rep2.Atp2a2.cand.bam	20ece38a13c07b6c45f11d65d2f46cd303102a00c4eb11c5f1cb25ebcb391f24	723382	0921/0923 双包内均有，字节数一致
p2_full_pdui_matrix.tsv	32b12218f02004bc685d1bdebb9abcbbb381ce7dd466f36664489191ac4da4c4	1399292	冻结输入（input_links sha256 清单在案）
p2_sample_map.tsv	9277848ece4f463ea0c54c6c9dbac4b64b293346034ec8fa612299fe2d918867	269	冻结输入
Atp2a2_read_metrics.tsv(旧,含spliced=0勘误)	a236f1c7854e05a97ac59ef6292558c21f15eede0d2a93ca444fa592ced81e5e	292	旧交付，本轮勘误对象
event_review_table.v2.tsv(旧)	edd5e696b43b74ce873323b8314e49c01eb35c6b92f4f269ca447bd64de0496d	3628	旧交付，本轮更新为 v3
decision_summary_v1.md(旧)	82488034f381aa6b17dfecb3b823e7d3581518d3f17c9f051d8eb1c617beec61	3065	旧交付，本轮更新为 v2
edgeR_TMM_PAP_vs_Full.tsv(旧,CSV冒名)	498be08bee59f356f2a1d432ecad787952c52a7883c2a4a352779edfe50ccd5a	1609021	旧交付，本轮重导出真 TSV
Atp2a2_assay_design.tsv(旧)	84967c9b6662782a88bd3ee7425a387ab9d32dbee610683ed5a3319922fea939	644	旧交付（其序列提取有 bug），本轮重设计
