sample	segment	start0	end0	length_bp	mean_depth	covered_bases_pct	ratio_vs_shared
day3_rep1	distal_full	122453512	122456498	2986	35.621	98.56	0.0863
day3_rep1	overlap_177974_UTR	122453512	122454293	781	49.278	98.59	0.1195
day3_rep1	exclusive_3UTR_part	122454293	122456498	2205	30.783	98.55	0.0746
day3_rep1	shared	122456498	122457153	655	412.528	100.00	1.0000
day3_rep1	terminal_exon	122453512	122454304	792	49.307	98.61	0.1195
day3_rep1	spliced_UTR_intron	122454304	122455892	1588	18.904	97.98	0.0458
day3_rep1	penult_UTR_5p_part	122455892	122456498	606	61.540	100.00	0.1492
day3_rep2	distal_full	122453512	122456498	2986	32.402	99.93	0.0835
day3_rep2	overlap_177974_UTR	122453512	122454293	781	62.898	99.74	0.1620
day3_rep2	exclusive_3UTR_part	122454293	122456498	2205	21.601	100.00	0.0556
day3_rep2	shared	122456498	122457153	655	388.163	100.00	1.0000
day3_rep2	terminal_exon	122453512	122454304	792	62.754	99.75	0.1617
day3_rep2	spliced_UTR_intron	122454304	122455892	1588	15.634	100.00	0.0403
day3_rep2	penult_UTR_5p_part	122455892	122456498	606	36.675	100.00	0.0945
day7_rep1	distal_full	122453512	122456498	2986	45.668	97.69	0.0861
day7_rep1	overlap_177974_UTR	122453512	122454293	781	44.971	91.17	0.0848
day7_rep1	exclusive_3UTR_part	122454293	122456498	2205	45.916	100.00	0.0866
day7_rep1	shared	122456498	122457153	655	530.252	100.00	1.0000
day7_rep1	terminal_exon	122453512	122454304	792	44.980	91.29	0.0848
day7_rep1	spliced_UTR_intron	122454304	122455892	1588	44.971	100.00	0.0848
day7_rep1	penult_UTR_5p_part	122455892	122456498	606	48.396	100.00	0.0913
day7_rep2	distal_full	122453512	122456498	2986	50.970	99.80	0.0848
day7_rep2	overlap_177974_UTR	122453512	122454293	781	51.814	99.23	0.0862
day7_rep2	exclusive_3UTR_part	122454293	122456498	2205	50.670	100.00	0.0843
day7_rep2	shared	122456498	122457153	655	601.215	100.00	1.0000
day7_rep2	terminal_exon	122453512	122454304	792	52.170	99.24	0.0868
day7_rep2	spliced_UTR_intron	122454304	122455892	1588	48.783	100.00	0.0811
day7_rep2	penult_UTR_5p_part	122455892	122456498	606	55.130	100.00	0.0917
sham1	distal_full	122453512	122456498	2986	72.867	99.80	0.3345
sham1	overlap_177974_UTR	122453512	122454293	781	165.752	99.23	0.7609
sham1	exclusive_3UTR_part	122454293	122456498	2205	39.968	100.00	0.1835
sham1	shared	122456498	122457153	655	217.847	100.00	1.0000
sham1	terminal_exon	122453512	122454304	792	165.213	99.24	0.7584
sham1	spliced_UTR_intron	122454304	122455892	1588	14.542	100.00	0.0668
sham1	penult_UTR_5p_part	122455892	122456498	606	105.015	100.00	0.4821
sham2	distal_full	122453512	122456498	2986	98.313	100.00	0.2705
sham2	overlap_177974_UTR	122453512	122454293	781	174.127	100.00	0.4790
sham2	exclusive_3UTR_part	122454293	122456498	2205	71.460	100.00	0.1966
sham2	shared	122456498	122457153	655	363.492	100.00	1.0000
sham2	terminal_exon	122453512	122454304	792	174.376	100.00	0.4797
sham2	spliced_UTR_intron	122454304	122455892	1588	25.874	100.00	0.0712
sham2	penult_UTR_5p_part	122455892	122456498	606	188.726	100.00	0.5192
