event	symbol	contrasts	n_contrasts	dPDUI_min	dPDUI_max	padj_min	direction	L1	L2_qki_lostseg	L3_motif_frozen	L4_conserved	axis_PAP	axis_endfoot	axis_zone_cortex	axis_zone_WM	class
10	Lrp11	day21	1	-0.12	-0.12	0.0484810204666559	shortening	none	no	yes	CONSERVED	yes	no	yes	yes	C
17	Stxbp5	day1,day7	2	-0.28	-0.255	0.0392330063413383	shortening	none	no	yes	CONSERVED	yes	no	no	no	C
26	Aig1	day1,day21,day60	3	-0.355	-0.26	0.0253985727455277	shortening	none	no	yes	CONSERVED	no	no	no	yes	C
44	Sgk1	day7	1	-0.16	-0.16	0.0881968549976951	shortening	none	no	yes	CONSERVED	no	no	no	no	C
61	Soga3	day3	1	0.13	0.13	0.031372423837109	lengthening	none	no	no		no	no	no	no	none
96	Snx3	day60	1	-0.15	-0.15	0.07353649363764099	shortening	none	no	yes	CONSERVED	no	no	no	no	C
103	Rtn4ip1	day1,day21	2	-0.24	-0.18	0.0321980062558742	shortening	none	no	yes	CONSERVED	no	no	no	yes	C
117	Msl3l2	day21	1	-0.205	-0.205	0.0406731903346519	shortening	none	no	yes	CONSERVED	no	no	no	yes	C
119	Serinc1	day21,day7	2	-0.29	-0.22	0.0692593169347379	shortening	none	no	yes	CONSERVED	yes	no	no	yes	C
133	Dnajb12	day21,day60,day7	3	-0.11	-0.105	0.0868419260962556	shortening	none	no	yes	CONSERVED	no	no	no	yes	C
137	Psap	day21,day60	2	-0.295	-0.29	0.0883527514211989	shortening	none	no	yes	CONSERVED	yes	no	yes	yes	C
152	Hk1	day1,day7	2	-0.11	-0.105	0.0576999506052199	shortening	none	no	yes	CONSERVED	yes	no	yes	yes	C
165	Egr2	day3	1	0.17	0.17	0.0479145137783625	lengthening	none	no	no		no	no	no	yes	none
166	Ado	day1,day21,day7	3	-0.415	-0.205	0.0252841996758201	shortening	none	no	no	CONSERVED	no	no	no	no	none
167	Zfp365	day21,day60	2	-0.195	-0.135	0.0252841996758201	shortening	none	no	yes	CONSERVED	yes	no	yes	yes	C
175	Cisd1	day1,day21,day7	3	-0.13	-0.1	0.0234538615374884	shortening	none	no	yes	CONSERVED	no	no	no	no	C
183	Snrpd3	day1	1	-0.44	-0.44	0.0723936824233703	shortening	none	no	yes	CONSERVED	no	no	no	yes	C
188	Gstt1	day21	1	-0.14	-0.14	0.0766330557291719	shortening	none	no	no	CONSERVED	no	no	no	no	none
216	Agpat3	day1,day21,day3,day7	4	-0.305	-0.245	0.0740356745390241	shortening	none	yes	yes	CONSERVED	no	no	yes	yes	B
224	Hcn2	day3,day60,day7	3	-0.405	0.15	0.0393653664956452	mixed	none	no	no	CONSERVED	yes	no	no	yes	none
226	Rnf126	day60	1	-0.35	-0.35	0.088275982650815	shortening	none	no	yes	CONSERVED	no	no	no	yes	C
228	Ptbp1	day1,day21	2	-0.13	-0.12	0.044551213203285	shortening	regulator_GW	no	yes	CONSERVED	no	no	no	no	C
240	Stk11	day1	1	0.115	0.115	0.0939528298904118	lengthening	none	no	no		no	no	yes	yes	none
241	Atp5d	day60,day7	2	-0.125	-0.115	0.0337706191424074	shortening	none	no	no	CONSERVED	no	no	yes	yes	none
252	Mbd3	day60	1	-0.27	-0.27	0.0949671019523946	shortening	none	no	yes	CONSERVED	no	no	no	yes	C
256	Abhd17a	day60	1	-0.17	-0.17	0.0446903709551371	shortening	none	no	yes	CONSERVED	no	no	no	yes	C
262	Mob3a	day1,day21,day7	3	-0.225	-0.115	0.0392330063413383	shortening	none	no	yes	CONSERVED	no	no	no	no	C
266	Oaz1	day21,day60	2	-0.19	-0.19	0.0966678468860445	shortening	none	no	yes	CONSERVED	no	no	no	yes	C
279	Eef2	day1,day21,day60,day7	4	-0.205	-0.165	0.0486473833053463	shortening	none	no	yes	CONSERVED	yes	no	yes	yes	C
288	Mfsd12	day7	1	-0.225	-0.225	0.0252841996758201	shortening	none	no	yes	CONSERVED	no	no	yes	no	C
291	Dohh	day60	1	-0.195	-0.195	0.0395597319351994	shortening	none	no	yes	CONSERVED	no	no	no	yes	C
293	Gm48552	day60	1	-0.21	-0.21	0.0283369198574856	shortening	none	no	yes	CONSERVED	no	no	no	no	C
297	Ncln	day1	1	-0.25	-0.25	0.0871997792555695	shortening	none	no	yes	CONSERVED	yes	no	no	yes	C
299	Gna11	day1,day21,day60,day7	4	0.23	0.23	0.0735617989690261	lengthening	none	no	no		yes	no	no	yes	none
300	Tle5	day21,day60,day7	3	-0.13	-0.11	0.0252841996758201	shortening	none	no	yes	CONSERVED	no	no	no	no	C
301	Tle6	day60,day7	2	0.34	0.34	0.0959225053014361	lengthening	none	no	no		no	no	no	no	none
329	Hsp90b1	day21,day60	2	-0.125	-0.11	0.0484810204666559	shortening	none	no	yes	CONSERVED	yes	no	no	no	C
332	Gnptab	day21,day7	2	0.105	0.11	0.0902963469918923	lengthening	none	no	no		no	no	no	no	none
345	Ntn4	day3	1	0.39	0.39	0.0788296542787767	lengthening	none	no	no		no	no	no	no	none
356	Nudt4	day3	1	-0.18	-0.18	0.07925112613942402	shortening	none	no	yes	CONSERVED	no	no	no	no	C
367	Cep290	day60	1	-0.18	-0.18	0.0456346082911931	shortening	none	no	yes	CONSERVED	no	no	no	no	C
373	Nav3	day21	1	-0.365	-0.365	0.0252841996758201	shortening	none	no	yes	CONSERVED	yes	no	yes	yes	C
379	Krr1	day1	1	-0.105	-0.105	0.0681637664369429	shortening	none	no	yes	CONSERVED	no	no	no	no	C
380	Atxn7l3b	day21	1	-0.115	-0.115	0.036016217269046	shortening	none	no	yes	CONSERVED	no	no	no	yes	C
388	Kcnmb4	day21,day60	2	-0.22	-0.175	0.027110728014762	shortening	none	no	yes	CONSERVED	yes	no	no	yes	C
399	Slc35e3	day1,day21,day7	3	-0.205	-0.15	0.0234538615374884	shortening	none	no	yes	CONSERVED	no	no	no	yes	C
437	Shmt2	day1	1	-0.145	-0.145	0.0651149271423353	shortening	none	no	yes	CONSERVED	no	no	no	yes	C
453	Cs	day21,day7	2	-0.24	-0.18	0.0321980062558742	shortening	none	no	yes	CONSERVED	no	no	yes	yes	C
473	Itga7	day1	1	0.27	0.27	0.0860770815934256	lengthening	none	no	no		no	no	no	no	none
480	Rnf185	day3	1	0.105	0.105	0.031372423837109	lengthening	none	no	no		no	no	no	no	none
487	Tcn2	day21,day60	2	-0.155	-0.13	0.0252841996758201	shortening	none	no	yes	CONSERVED	no	no	yes	yes	C
492	Rnf215	day1,day21,day60,day7	4	-0.415	-0.36	0.0353401392041724	shortening	none	no	yes	CONSERVED	no	no	no	no	C
493	Ccdc157	day21,day7	2	-0.36	-0.24	0.0253044069476028	shortening	none	no	yes	CONSERVED	no	no	no	yes	C
503	Ap1b1	day21,day60	2	-0.14	-0.135	0.0392330063413383	shortening	none	no	yes	CONSERVED	yes	no	yes	yes	C
504	Rasl10a	day60	1	-0.24	-0.24	0.0427193962700973	shortening	none	no	yes	CONSERVED	no	no	yes	no	C
507	Ccdc117	day21	1	0.11	0.11	0.0875812592709197	lengthening	none	no	no		no	no	no	no	none
513	Ykt6	day21,day3,day60	3	0.375	0.38	0.0239630306716823	lengthening	none	no	no		no	no	no	yes	none
518	Ogdh	day21	1	-0.245	-0.245	0.0316881295945304	shortening	none	no	yes	CONSERVED	yes	no	yes	yes	C
520	Ppia	day1,day21,day60,day7	4	0.21	0.3	0.0286329589894486	lengthening	none	no	no		no	no	yes	yes	none
521	H2az2	day21,day7	2	-0.315	-0.26	0.0239630306716823	shortening	none	no	no	CONSERVED	no	no	no	no	none
535	Plek	day1,day21,day7	3	-0.22	-0.18	0.0252841996758201	shortening	none	no	yes	CONSERVED	no	no	yes	yes	C
553	B3gnt2	day3	1	0.285	0.285	0.0286257299454269	lengthening	none	no	no		no	no	no	no	none
580	Rhbdf1	day3	1	-0.115	-0.115	0.0865241477268198	shortening	none	no	yes	CONSERVED	no	no	yes	no	C
617	Irgm1	day21,day60	2	-0.225	-0.195	0.0423257388187894	shortening	none	no	yes	CONSERVED	no	no	yes	yes	C
626	Cnot6	day1	1	0.205	0.205	0.0732054607122513	lengthening	none	no	no		no	no	no	yes	none
628	Mapk9	day21,day3,day7	3	-0.495	-0.415	0.0280266804248984	shortening	none	no	yes	CONSERVED	yes	no	no	no	C
635	Rufy1	day60	1	-0.255	-0.255	0.0775371828580134	shortening	none	no	yes	CONSERVED	no	no	no	yes	C
646	Sar1b	day1,day21,day60,day7	4	-0.265	-0.25	0.0603222817717373	shortening	none	no	yes	CONSERVED	no	no	no	no	C
647	Ube2b	day7	1	-0.16	-0.16	0.0349951439899156	shortening	none	no	yes	CONSERVED	no	no	no	yes	C
696	Snap47	day1,day21,day60,day7	4	-0.305	-0.235	0.0296936657026221	shortening	none	no	yes	CONSERVED	no	no	no	yes	C
704	Med9	day7	1	-0.25	-0.25	0.0438311434336257	shortening	none	no	yes	CONSERVED	no	no	no	yes	C
732	Zswim7	day7	1	-0.195	-0.195	0.0936720145697781	shortening	none	no	yes	CONSERVED	no	no	no	no	C
756	Ndel1	day21	1	-0.165	-0.165	0.0838347915150507	shortening	none	no	yes	CONSERVED	no	no	yes	no	C
757	Arhgef15	day21,day3	2	-0.215	-0.15	0.0253985727455277	shortening	none	no	yes	CONSERVED	no	no	no	no	C
775	Mpdu1	day7	1	-0.135	-0.135	0.0740356745390241	shortening	none	no	yes	CONSERVED	no	no	no	yes	C
776	Eif4a1	day1,day60	2	0.21	0.35	0.0423306755771685	lengthening	none	no	no		no	no	no	no	none
786	Eif5a	day21,day60	2	-0.22	-0.205	0.0740356745390241	shortening	none	no	yes	CONSERVED	no	no	yes	yes	C
789	Gabarap	day1,day21,day60,day7	4	-0.2	-0.15	0.0392330063413383	shortening	none	no	yes	CONSERVED	no	no	no	yes	C
805	Spag7	day1,day21,day7	3	-0.28	-0.23	0.0473765857954511	shortening	none	no	yes	CONSERVED	no	no	no	yes	C
812	Derl2	day1,day60,day7	3	0.15	0.245	0.031372423837109	lengthening	none	no	no		no	no	yes	no	none
813	Mis12	day60,day7	2	-0.3	-0.155	0.0252841996758201	shortening	none	no	yes	CONSERVED	no	no	no	no	C
825	Atp2a3	day21,day7	2	-0.45	-0.22	0.0321980062558742	shortening	none	no	yes	CONSERVED	no	no	no	yes	C
830	Tax1bp3	day1,day21,day60,day7	4	-0.27	-0.235	0.0615514325971667	shortening	none	no	yes	CONSERVED	no	no	yes	no	C
835	Pafah1b1	day21,day3,day7	3	-0.58	-0.325	0.0484810204666559	shortening	none	no	yes	CONSERVED	no	no	no	yes	C
838	Tsr1	day1,day21,day3,day60,day7	5	-0.76	-0.43	0.0234538615374884	shortening	none	no	yes	CONSERVED	no	no	no	no	C
870	Git1	day3	1	0.135	0.135	0.0539380585625873	lengthening	none	no	no		yes	no	yes	yes	none
878	Fam222b	day1,day21	2	-0.22	-0.215	0.0252841996758201	shortening	none	no	yes	CONSERVED	no	no	no	yes	C
879	Traf4	day21,day60	2	-0.37	-0.225	0.0626490933455302	shortening	none	no	yes	CONSERVED	no	no	no	no	C
880	Nek8	day1	1	-0.265	-0.265	0.0759396315199365	shortening	none	no	yes	CONSERVED	no	no	no	no	C
911	Adap2	day3	1	0.54	0.54	0.0638862951964855	lengthening	none	no	no		no	no	yes	yes	none
927	Rad51d	day1	1	0.185	0.185	0.0585292950605755	lengthening	none	no	no		no	no	no	no	none
952	Car4	day21	1	0.105	0.105	0.0825248082761645	lengthening	none	no	no		no	no	no	no	none
959	Rps6kb1	day3	1	-0.145	-0.145	0.0524151838873746	shortening	none	no	yes	CONSERVED	no	no	no	no	C
967	Smg8	day21	1	-0.23	-0.23	0.0392330063413383	shortening	none	no	yes	CONSERVED	no	no	no	no	C
971	Mtmr4	day1,day60,day7	3	-0.275	-0.215	0.0248294546630999	shortening	none	no	yes	CONSERVED	yes	no	no	no	C
975	Srsf1	day7	1	-0.1	-0.1	0.0585272740054929	shortening	none	no	yes	CONSERVED	no	no	no	yes	C
976	Vezf1	day7	1	-0.23	-0.23	0.0788296542787767	shortening	none	no	yes	CONSERVED	no	no	no	no	C
980	Coil	day21,day3	2	-0.555	-0.32	0.0234538615374884	shortening	none	no	yes	CONSERVED	no	no	yes	no	C
990	Spag9	day21,day3	2	-0.25	-0.145	0.033863161394889	shortening	none	no	yes	CONSERVED	no	no	no	yes	C
999	Mrpl27	day21	1	-0.12	-0.12	0.0929462516069384	shortening	none	no	yes	CONSERVED	no	no	no	no	C
1009	Nxph3	day60	1	-0.18	-0.18	0.0935815664698772	shortening	none	no	yes	CONSERVED	yes	no	yes	no	C
1012	Abi3	day21,day3,day7	3	-0.25	-0.19	0.0234538615374884	shortening	none	no	yes	CONSERVED	no	no	yes	yes	C
1036	Ppp1r1b	day21,day60	2	-0.275	-0.27	0.0280266804248984	shortening	none	no	yes	CONSERVED	no	no	no	yes	C
1044	Psmd3	day1,day7	2	-0.155	-0.13	0.0280266804248984	shortening	none	no	no	CONSERVED	no	no	no	yes	none
1046	Thra	day21	1	-0.54	-0.54	0.0750800289796879	shortening	none	no	yes	CONSERVED	no	no	no	yes	C
1061	P3h4	day7	1	-0.165	-0.165	0.08085011201038299	shortening	none	no	yes	CONSERVED	no	no	no	no	C
1064	Acly	day1	1	-0.23	-0.23	0.044551213203285	shortening	none	no	yes	CONSERVED	no	no	no	yes	C
1065	Cnp	day1,day7	2	-0.145	-0.125	0.0384900151361251	shortening	none	yes	yes	CONSERVED	no	no	no	yes	B
1071	Ghdc	day60	1	-0.2	-0.2	0.051748753549012004	shortening	none	no	yes	CONSERVED	no	no	no	no	C
1072	Stat5b	day3	1	-0.33	-0.33	0.0321980062558742	shortening	none	no	no	CONSERVED	no	no	no	no	none
1079	Mlx	day1,day7	2	0.2	0.225	0.0611893617622076	lengthening	none	no	no		no	no	no	no	none
1095	Rnd2	day1,day60	2	-0.17	-0.145	0.0788296542787767	shortening	none	no	yes	CONSERVED	no	no	no	no	C
1102	Dusp3	day7	1	-0.255	-0.255	0.0317674534927574	shortening	none	no	yes	CONSERVED	no	no	yes	yes	C
1103	Mpp2	day7	1	-0.125	-0.125	0.033863161394889	shortening	none	no	no	CONSERVED	no	no	no	yes	none
1110	Rundc3a	day60	1	-0.13	-0.13	0.0407578906712107	shortening	none	no	yes	CONSERVED	yes	no	yes	yes	C
1112	Grn	day21	1	-0.215	-0.215	0.0929462516069384	shortening	none	no	yes	CONSERVED	yes	no	yes	yes	C
1118	Gjc1	day60	1	-0.175	-0.175	0.0805027491136754	shortening	none	no	yes	CONSERVED	no	no	no	no	C
1123	Nmt1	day3	1	-0.405	-0.405	0.0634856504176117	shortening	none	no	yes	CONSERVED	no	no	no	yes	C
1127	Hexim2	day60	1	-0.51	-0.51	0.0640785859991797	shortening	none	no	yes	CONSERVED	no	no	yes	yes	C
1129	Arhgap27	day7	1	-0.115	-0.115	0.0669514931849553	shortening	none	no	no	CONSERVED	yes	no	yes	no	none
1137	Cdc27	day1,day7	2	-0.44	-0.35	0.0469219977651064	shortening	none	no	no	CONSERVED	no	no	no	yes	none
1144	Dcaf7	day21,day7	2	-0.23	-0.13	0.0239630306716823	shortening	none	no	yes	CONSERVED	yes	no	no	yes	C
1156	Pecam1	day21	1	-0.38	-0.38	0.0902036021163076	shortening	none	no	yes	CONSERVED	yes	no	no	no	C
1180	Slc39a11	day7	1	-0.15	-0.15	0.0369033045371193	shortening	none	no	yes	CONSERVED	no	no	yes	no	C
1183	Cdc42ep4	day1,day7	2	-0.205	-0.11	0.0313161854071894	shortening	none	no	yes	CONSERVED	no	no	yes	yes	C
1184	Ttyh2	day21,day7	2	0.2	0.265	0.0542121364655374	lengthening	none	no	no		no	no	no	yes	none
1186	Btbd17	day60	1	-0.325	-0.325	0.0258275454201898	shortening	none	no	yes	CONSERVED	no	no	no	no	C
1193	Slc9a3r1	day1,day21,day7	3	-0.29	-0.215	0.0530867851678098	shortening	none	no	yes	CONSERVED	no	yes	yes	yes	C
1194	Tmem104	day3	1	-0.29	-0.29	0.0940107116537827	shortening	none	no	yes	CONSERVED	no	no	no	no	C
1198	Cdr2l	day7	1	-0.21	-0.21	0.0964990918949601	shortening	none	no	yes	CONSERVED	no	no	no	yes	C
1207	Mif4gd	day1,day21,day7	3	-0.205	-0.115	0.0401122977718579	shortening	none	no	no	CONSERVED	no	no	yes	no	none
1217	Unk	day1,day3,day60,day7	4	-0.3	-0.19	0.0463741246285026	shortening	none	no	yes	CONSERVED	no	no	no	no	C
1219	Trim47	day21	1	-0.18	-0.18	0.0977117548083443	shortening	none	no	yes	CONSERVED	no	no	no	no	C
1220	Fbf1	day1	1	-0.34	-0.34	0.0790843654343913	shortening	none	no	yes	CONSERVED	no	no	yes	no	C
1222	Ten1	day21	1	-0.205	-0.205	0.0940107116537827	shortening	none	no	yes	CONSERVED	no	no	no	no	C
1227	Prpsap1	day21,day60	2	-0.21	-0.18	0.0239630306716823	shortening	none	no	yes	CONSERVED	no	no	no	no	C
1279	P4hb	day1,day21,day60	3	-0.25	-0.165	0.0513541062757265	shortening	none	no	yes	CONSERVED	no	no	no	yes	C
1303	Wdr45b	day21,day60,day7	3	-0.355	-0.275	0.0252841996758201	shortening	none	no	yes	CONSERVED	no	no	no	no	C
1304	Rab40b	day60,day7	2	-0.375	-0.24	0.0464857846610324	shortening	none	no	yes	CONSERVED	yes	no	no	no	C
1306	Rab10	day3,day60	2	-0.175	0.11	0.0487275471128992	mixed	none	no	yes	CONSERVED	no	no	no	no	C
1307	Kif3c	day21	1	-0.115	-0.115	0.0811964041228233	shortening	none	no	yes	CONSERVED	yes	no	no	yes	C
1321	Laptm4a	day1,day21,day60,day7	4	-0.175	-0.13	0.0638862951964855	shortening	none	no	yes	CONSERVED	no	no	no	yes	C
1324	Rdh14	day60,day7	2	-0.26	-0.23	0.0435980152202841	shortening	none	no	yes	CONSERVED	no	no	no	no	C
1331	Lratd1	day21	1	-0.115	-0.115	0.0688415029855206	shortening	none	no	yes	CONSERVED	no	no	yes	no	C
1332	Trib2	day1,day21,day60,day7	4	-0.26	-0.135	0.0283369198574856	shortening	none	no	yes	CONSERVED	no	no	no	no	C
1345	Rrm2	day1	1	0.195	0.195	0.0786640488206077	lengthening	none	no	no		no	no	no	yes	none
1350	Rps7	day1	1	0.135	0.135	0.0518599097322522	lengthening	none	no	no		no	no	no	no	none
1396	Dtd2	day7	1	-0.1	-0.1	0.0936720145697781	shortening	none	no	yes	CONSERVED	no	no	no	no	C
1422	Gm49383	day1,day21,day60,day7	4	-0.205	-0.17	0.0545383086654768	shortening	none	no	yes	CONSERVED	no	no	no	no	C
1426	Klhdc2	day3,day7	2	-0.26	-0.255	0.0974279351278157	shortening	none	no	yes	CONSERVED	no	no	no	no	C
1447	Rtn1	day1	1	0.1	0.1	0.0568390628487871	lengthening	none	no	no		yes	yes	yes	no	none
1455	Hif1a	day21,day60,day7	3	-0.27	-0.23	0.0252841996758201	shortening	none	no	yes	CONSERVED	no	no	no	no	C
1459	Wdr89	day1,day21,day60,day7	4	-0.695	-0.47	0.0234538615374884	shortening	none	no	yes	CONSERVED	no	no	no	no	C
1475	Arg2	day21,day60	2	-0.58	-0.56	0.0363788863239257	shortening	none	no	no	CONSERVED	no	no	no	yes	none
1484	Srsf5	day21,day60	2	-0.21	-0.2	0.056841656943292004	shortening	none	no	yes	CONSERVED	no	no	yes	yes	C
1489	Med6	day1,day60,day7	3	-0.235	-0.175	0.0252841996758201	shortening	none	no	yes	CONSERVED	no	no	yes	no	C
1503	Aldh6a1	day21,day7	2	-0.23	-0.175	0.0253985727455277	shortening	none	no	no	CONSERVED	no	yes	no	no	none
1507	Isca2	day7	1	-0.175	-0.175	0.0252841996758201	shortening	none	no	yes	CONSERVED	no	no	yes	no	C
1513	Pgf	day7	1	-0.205	-0.205	0.0421041549233093	shortening	none	no	yes	CONSERVED	no	no	no	no	C
1531	Vipas39	day21	1	-0.115	-0.115	0.07353649363764099	shortening	none	no	yes	CONSERVED	no	no	no	no	C
1532	Ahsa1	day60	1	-0.12	-0.12	0.0793065771447433	shortening	none	no	yes	CONSERVED	no	no	no	no	C
1541	Sel1l	day1,day21,day7	3	-0.35	-0.27	0.0762913544871376	shortening	none	no	yes	CONSERVED	yes	no	no	yes	C
1558	Chga	day60	1	-0.23	-0.23	0.0961965028249588	shortening	none	no	yes	CONSERVED	yes	no	yes	yes	C
1563	Ubr7	day1,day21,day3,day7	4	-0.215	-0.115	0.0659063065793187	shortening	none	no	yes	CONSERVED	no	no	no	no	C
1577	Eml1	day3	1	-0.115	-0.115	0.0651462280952862	shortening	none	no	yes	CONSERVED	yes	no	no	no	C
1579	Degs2	day1	1	-0.18	-0.18	0.0454572132521025	shortening	none	no	yes	CONSERVED	no	no	no	yes	C
1588	Traf3	day21	1	0.32	0.32	0.0812003233015949	lengthening	none	no	no		yes	no	yes	yes	none
1591	Gm266	day21,day60,day7	3	-0.465	-0.32	0.0690393788054159	shortening	none	no	yes	CONSERVED	no	no	no	no	C
1594	Ckb	day21,day60	2	-0.105	-0.1	0.0686003613780619	shortening	none	no	no	CONSERVED	no	no	no	yes	none
1597	Zfyve21	day21	1	-0.135	-0.135	0.0618054703811882	shortening	none	no	yes	CONSERVED	no	yes	no	no	C
1598	Ppp1r13b	day1,day21,day7	3	-0.38	-0.195	0.0470223310332108	shortening	none	no	yes	CONSERVED	yes	no	no	no	C
1608	Cdca4	day3,day60,day7	3	-0.325	-0.105	0.0252841996758201	shortening	none	no	yes	CONSERVED	no	no	no	yes	C
1614	Crip2	day1,day21,day60,day7	4	-0.175	-0.135	0.0280266804248984	shortening	none	no	yes	CONSERVED	no	no	no	no	C
1647	Mplkip	day3	1	-0.12	-0.12	0.0977433007623869	shortening	none	no	yes	CONSERVED	no	no	yes	yes	C
1650	Vps41	day21	1	-0.27	-0.27	0.0618956058841543	shortening	none	no	yes	CONSERVED	no	no	no	no	C
1653	Epdr1	day21,day60,day7	3	-0.245	-0.14	0.0252841996758201	shortening	none	no	yes	CONSERVED	no	no	no	yes	C
1669	H1f2	day21,day60,day7	3	-0.265	-0.245	0.0362646688166005	shortening	none	no	yes	CONSERVED	no	no	yes	yes	C
1678	Dusp22	day21	1	0.14	0.14	0.0252841996758201	lengthening	none	no	no		no	no	no	yes	none
1701	Txndc5	day21	1	-0.405	-0.405	0.0993454956304108	shortening	none	no	yes	CONSERVED	no	no	no	no	C
1726	Cap2	day21	1	-0.16	-0.16	0.0713827913990559	shortening	none	no	yes	CONSERVED	no	no	yes	yes	C
1731	Tpmt	day21	1	-0.2	-0.2	0.0369033045371193	shortening	none	no	yes	CONSERVED	no	no	yes	no	C
1736	Phf2	day7	1	-0.27	-0.27	0.0973222819254326	shortening	none	no	yes	CONSERVED	no	no	no	yes	C
1746	Spin1	day3,day7	2	-0.35	-0.155	0.044551213203285	shortening	none	no	yes	CONSERVED	yes	no	yes	no	C
1761	4833439L19Rik	day60	1	-0.155	-0.155	0.0788296542787767	shortening	none	no	yes	CONSERVED	no	yes	no	yes	C
1764	Higd2a	day7	1	-0.12	-0.12	0.0925549485298683	shortening	none	no	yes	CONSERVED	no	no	no	no	C
1768	Gprin1	day21,day60	2	-0.25	-0.22	0.0280266804248984	shortening	none	no	yes	CONSERVED	yes	no	yes	yes	C
1776	Rab24	day1	1	-0.115	-0.115	0.0713827913990559	shortening	none	no	no	CONSERVED	no	no	no	no	none
1777	Prelid1	day1,day21,day60,day7	4	-0.16	-0.115	0.0313161854071894	shortening	none	no	no	CONSERVED	no	no	no	yes	none
1784	Tmed9	day1	1	-0.18	-0.18	0.0929462516069384	shortening	none	no	yes	CONSERVED	no	no	no	yes	C
1789	Txndc15	day1,day21,day60,day7	4	-0.265	-0.215	0.0313161854071894	shortening	none	no	yes	CONSERVED	no	no	no	no	C
1794	Smad5	day1,day3	2	-0.29	-0.255	0.0447294704334133	shortening	none	no	yes	CONSERVED	no	no	no	no	C
1798	Gkap1	day3	1	0.335	0.335	0.0585272740054929	lengthening	none	no	no		no	no	yes	no	none
1812	Zfp935	day21,day60	2	-0.42	-0.38	0.0538114037815204	shortening	none	no	yes	CONSERVED	no	no	no	yes	C
1815	Zfp367	day1,day60	2	0.155	0.175	0.0280266804248984	lengthening	none	no	no		no	no	no	no	none
1831	Tent4a	day21	1	-0.16	-0.16	0.0542121364655374	shortening	none	no	yes	CONSERVED	no	no	no	yes	C
1839	Clptm1l	day21,day60	2	-0.255	-0.24	0.044551213203285	shortening	none	no	yes	CONSERVED	no	no	no	no	C
1845	Sdha	day21	1	-0.105	-0.105	0.0817448271563173	shortening	none	no	yes	CONSERVED	no	no	no	no	C
1846	Ccdc127	day21,day3,day7	3	-0.29	-0.26	0.0303076005858414	shortening	none	no	yes	CONSERVED	no	no	no	yes	C
1865	Rps23	day7	1	0.13	0.13	0.0959225053014361	lengthening	none	no	no		no	no	no	no	none
1873	Tent2	day21,day3	2	-0.315	-0.19	0.0252841996758201	shortening	none	no	yes	CONSERVED	no	no	no	yes	C
1949	Rpp14	day60	1	-0.14	-0.14	0.0788296542787767	shortening	none	no	yes	CONSERVED	no	no	no	no	C
1952	Fam107a	day1	1	-0.22	-0.22	0.0517862334161404	shortening	none	yes	yes	CONSERVED	no	yes	yes	yes	B
1964	Nkiras1	day7	1	0.74	0.74	0.0252841996758201	lengthening	none	no	no		no	no	no	no	none
1965	Ube2e1	day21	1	-0.34	-0.34	0.0449660558555985	shortening	none	no	yes	CONSERVED	no	no	no	yes	C
1968	Rtraf	day3,day7	2	0.28	0.84	0.0519877894297565	lengthening	none	no	no		no	no	no	yes	none
1980	Fut11	day21,day60	2	-0.155	-0.15	0.0358610359915677	shortening	none	no	yes	CONSERVED	no	no	no	no	C
1984	Vcl	day21,day7	2	-0.3	-0.295	0.0234538615374884	shortening	none	no	yes	CONSERVED	no	no	no	no	C
1985	Ap3m1	day21,day7	2	0.175	0.26	0.0423306755771685	lengthening	none	no	no		no	no	no	no	none
1986	Adk	day60	1	-0.19	-0.19	0.08888535637471001	shortening	none	no	yes	CONSERVED	no	no	no	yes	C
1993	Ppif	day7	1	-0.21	-0.21	0.0321980062558742	shortening	none	no	yes	CONSERVED	no	no	no	no	C
1994	Zcchc24	day7	1	-0.19	-0.19	0.0252841996758201	shortening	none	no	yes	CONSERVED	no	yes	no	yes	C
1999	Tmem254c	day21	1	-0.115	-0.115	0.0780519248512463	shortening	none	no	yes	CONSERVED	no	no	no	no	C
2034	Glud1	day1,day21	2	-0.13	-0.11	0.0252841996758201	shortening	none	no	yes	CONSERVED	no	no	no	no	C
2039	Ccser2	day1,day21,day3,day7	4	-0.445	-0.29	0.0234538615374884	shortening	none	no	yes	CONSERVED	no	no	no	no	C
2048	Fermt2	day1,day21	2	-0.205	-0.205	0.0435458040190959	shortening	none	no	yes	CONSERVED	no	no	yes	no	C
2055	Atg14	day1	1	0.175	0.175	0.0280266804248984	lengthening	none	no	no		no	no	no	no	none
2067	Pip4p1	day1	1	0.635	0.635	0.0321980062558742	lengthening	none	no	no		no	no	no	no	none
2069	Rnase4	day21,day60,day7	3	-0.265	-0.25	0.0560791638625488	shortening	none	no	yes	CONSERVED	no	no	no	yes	C
2072	Ndrg2	day1,day21,day60,day7	4	-0.28	-0.225	0.0341459271600608	shortening	none	yes	yes	CONSERVED	no	yes	yes	yes	B
2075	Hnrnpc	day21	1	-0.165	-0.165	0.0894732549275276	shortening	none	no	no	CONSERVED	no	no	no	yes	none
2112	Nop9	day21,day3,day60,day7	4	-0.885	-0.62	0.0234538615374884	shortening	none	no	yes	CONSERVED	no	no	no	no	C
2138	Gm49336	day60	1	0.38	0.38	0.0234538615374884	lengthening	none	no	no		no	no	no	no	none
2139	Mtmr6	day7	1	-0.235	-0.235	0.0296936657026221	shortening	none	no	yes	CONSERVED	no	no	no	no	C
2165	Ephx2	day21,day7	2	-0.115	-0.115	0.0313161854071894	shortening	none	no	yes	CONSERVED	no	no	no	yes	C
2166	Ptk2b	day21,day7	2	-0.295	-0.29	0.0570255915867509	shortening	none	no	no	CONSERVED	yes	yes	yes	yes	none
2174	Nefl	day3	1	0.21	0.21	0.0667330758959843	lengthening	none	no	no		yes	no	yes	yes	none
2177	Entpd4	day21	1	-0.195	-0.195	0.0940107116537827	shortening	none	no	yes	CONSERVED	no	no	no	no	C
2213	Lcp1	day21	1	-0.125	-0.125	0.0603222817717373	shortening	none	no	yes	CONSERVED	yes	yes	yes	no	C
2228	Rgcc	day21,day7	2	-0.15	-0.14	0.0737601528959184	shortening	none	no	yes	CONSERVED	no	no	no	no	C
2243	Commd6	day21,day60,day7	3	-0.21	-0.16	0.0250048173532358	shortening	none	no	yes	CONSERVED	no	no	no	no	C
2249	Ednrb	day3,day7	2	0.28	0.28	0.0296936657026221	lengthening	none	no	no		no	no	no	yes	none
2272	Selenop	day21	1	-0.155	-0.155	0.0910932690482665	shortening	none	no	yes	CONSERVED	no	no	no	yes	C
2313	Zfp622	day7	1	0.12	0.12	0.0936720145697781	lengthening	none	no	no		no	no	yes	no	none
2318	Trio	day21,day7	2	0.265	0.475	0.0317674534927574	lengthening	none	no	no		yes	no	yes	yes	none
2320	Dap	day1,day21	2	-0.3	-0.255	0.0910762496650023	shortening	none	no	yes	CONSERVED	no	no	no	no	C
2343	Klf10	day21,day3	2	-0.12	0.17	0.0288045476504877	mixed	none	no	yes	CONSERVED	no	no	no	no	C
2347	Cthrc1	day21,day60,day7	3	-0.315	-0.23	0.0234538615374884	shortening	none	no	yes	CONSERVED	no	no	no	yes	C
2348	Slc25a32	day1,day21,day3	3	-0.285	-0.2	0.0659110922794813	shortening	none	no	yes	CONSERVED	no	no	no	no	C
2356	Ebag9	day60	1	-0.105	-0.105	0.0369362049299042	shortening	none	no	yes	CONSERVED	no	no	no	no	C
2401	Slc45a4	day21,day3,day7	3	-0.16	-0.135	0.0423051458267712	shortening	none	no	yes	CONSERVED	yes	no	no	yes	C
2406	Lynx1	day3	1	-0.3	-0.3	0.0297618511955018	shortening	none	no	yes	CONSERVED	yes	no	yes	yes	C
2408	Ly6a	day1,day21,day60,day7	4	-0.195	-0.14	0.0553315891756213	shortening	none	no	no	CONSERVED	no	no	yes	no	none
2409	Ly6c1	day1,day21,day60	3	-0.195	-0.145	0.0559207296432587	shortening	none	no	yes	CONSERVED	no	no	no	yes	C
2426	Plec	day21	1	-0.235	-0.235	0.0234538615374884	shortening	none	no	yes	CONSERVED	yes	no	yes	yes	C
2433	Maf1	day7	1	-0.17	-0.17	0.0758494391737073	shortening	none	no	yes	CONSERVED	no	no	no	no	C
2442	Cyhr1	day21,day7	2	0.17	0.175	0.06032792710641201	lengthening	none	no	no		no	no	no	yes	none
2446	Lrrc14	day21,day3,day60,day7	4	-0.285	-0.235	0.0252841996758201	shortening	none	no	yes	CONSERVED	no	no	yes	yes	C
2447	C030006K11Rik	day21	1	0.215	0.215	0.0252841996758201	lengthening	none	no	no		no	no	no	no	none
2449	Zfp251	day60,day7	2	-0.42	-0.31	0.0234538615374884	shortening	none	no	yes	CONSERVED	no	no	no	yes	C
2470	Pdxp	day7	1	-0.155	-0.155	0.0596014248542187	shortening	none	no	yes	CONSERVED	no	no	no	no	C
2486	Cby1	day21	1	-0.17	-0.17	0.0983973604060819	shortening	none	no	yes	CONSERVED	no	no	no	yes	C
2498	Tab1	day1	1	-0.32	-0.32	0.0801299060002627	shortening	none	no	yes	CONSERVED	no	no	no	no	C
2508	Ep300	day21,day7	2	-0.66	-0.505	0.0234538615374884	shortening	none	no	yes	CONSERVED	no	no	no	no	C
2514	Aco2	day1,day21,day60	3	-0.15	-0.11	0.044551213203285	shortening	none	no	yes	CONSERVED	yes	no	yes	yes	C
2522	1500009C09Rik	day1,day60	2	-0.165	-0.15	0.0483992171635675	shortening	none	no	yes	CONSERVED	no	yes	yes	yes	C
2530	Poldip3	day7	1	-0.11	-0.11	0.0875812592709197	shortening	none	no	yes	CONSERVED	no	no	no	yes	C
2557	Brd1	day3	1	0.195	0.195	0.0477599631386161	lengthening	none	no	no		no	no	no	yes	none
2571	Lmf2	day60	1	-0.235	-0.235	0.0916811535115643	shortening	none	no	no	CONSERVED	no	no	no	yes	none
2572	Ncaph2	day1,day21,day7	3	0.205	0.235	0.0334153022523858	lengthening	none	no	no		no	no	no	no	none
2588	Pphln1	day3	1	-0.215	-0.215	0.0253985727455277	shortening	none	no	yes	CONSERVED	no	no	no	no	C
2610	Cacnb3	day1,day21	2	-0.205	-0.155	0.0680131002084147	shortening	none	no	yes	CONSERVED	yes	no	yes	no	C
2620	Kcnh3	day60	1	-0.135	-0.135	0.0763714261237013	shortening	none	no	no	CONSERVED	yes	no	yes	yes	none
2641	Dazap2	day21	1	-0.175	-0.175	0.0570255915867509	shortening	none	no	yes	CONSERVED	no	no	no	yes	C
2649	Grasp	day1,day60	2	-0.36	-0.305	0.0629948194172343	shortening	none	no	yes	CONSERVED	no	no	no	no	C
2664	Prr13	day21,day60,day7	3	-0.235	-0.22	0.0632602067131638	shortening	none	no	yes	CONSERVED	no	no	no	no	C
2682	Adcy9	day60	1	-0.22	-0.22	0.0935815664698772	shortening	none	no	no	CONSERVED	yes	no	no	yes	none
2688	Cdip1	day7	1	0.125	0.125	0.0638862951964855	lengthening	none	no	no		no	no	no	yes	none
2693	Rogdi	day60	1	-0.165	-0.165	0.0832195494822227	shortening	none	no	yes	CONSERVED	no	no	yes	yes	C
2703	Carhsp1	day3,day60,day7	3	-0.205	-0.13	0.0341940775206275	shortening	none	no	yes	CONSERVED	no	no	no	yes	C
2705	1810013L24Rik	day3	1	-0.37	-0.37	0.0812003233015949	shortening	none	no	yes	CONSERVED	no	no	no	no	C
2736	Mapk1	day1,day3	2	-0.59	-0.36	0.0239630306716823	shortening	none	no	yes	CONSERVED	yes	no	no	no	C
2739	Sdf2l1	day21,day60	2	-0.125	-0.105	0.07353649363764099	shortening	none	no	yes	CONSERVED	no	no	no	no	C
2752	Klhl22	day60	1	-0.225	-0.225	0.0252841996758201	shortening	none	no	no	CONSERVED	no	no	no	yes	none
2754	B830017H08Rik	day21,day60	2	-0.31	-0.25	0.0359222943611363	shortening	none	no	yes	CONSERVED	no	no	no	no	C
2760	Zdhhc8	day1,day21,day3,day60,day7	5	-0.91	-0.68	0.0234538615374884	shortening	none	no	yes	CONSERVED	yes	no	yes	yes	C
2773	Cldn5	day1,day21,day7	3	-0.2	-0.135	0.0473765857954511	shortening	none	no	yes	CONSERVED	no	no	no	no	C
2783	Map6d1	day1,day60,day7	3	-0.505	-0.325	0.0399569163427346	shortening	none	no	yes	CONSERVED	yes	no	no	yes	C
2785	Dvl3	day7	1	-0.265	-0.265	0.0807856910139974	shortening	none	no	yes	CONSERVED	no	no	no	yes	C
2821	Lsg1	day1,day7	2	-0.11	-0.1	0.0812003233015949	shortening	none	no	yes	CONSERVED	no	no	yes	no	C
2823	Xxylt1	day3	1	0.38	0.38	0.0504792141976151	lengthening	none	no	no		no	no	no	no	none
2829	Ncbp2	day1,day60,day7	3	-0.28	-0.175	0.0651266273295913	shortening	none	no	yes	CONSERVED	no	no	no	no	C
2842	Osbpl11	day21,day60,day7	3	-0.42	-0.195	0.0252841996758201	shortening	none	no	yes	CONSERVED	no	no	no	no	C
2875	Arhgap31	day1,day60	2	0.16	0.16	0.0252841996758201	lengthening	none	no	no		no	no	no	yes	none
2890	Tagln3	day21	1	-0.205	-0.205	0.07253154013226301	shortening	none	no	yes	CONSERVED	no	no	yes	no	C
2893	Gm4737	day7	1	-0.11	-0.11	0.0472497719359937	shortening	none	no	no	CONSERVED	no	no	no	no	none
2903	Zbtb11	day21,day60,day7	3	-0.56	-0.135	0.0252841996758201	shortening	none	no	yes	CONSERVED	no	no	no	no	C
2921	Pros1	day7	1	-0.18	-0.18	0.0919389290984055	shortening	none	no	no	CONSERVED	no	no	yes	no	none
2926	Chmp2b	day60,day7	2	-0.22	-0.15	0.0626490933455302	shortening	none	no	no	CONSERVED	no	no	no	yes	none
2928	Cadm2	day1	1	-0.16	-0.16	0.0333631245892325	shortening	none	no	yes	CONSERVED	yes	no	no	yes	C
2953	Olig1	day1,day21,day60	3	-0.32	-0.28	0.0778982608885652	shortening	none	no	yes	CONSERVED	no	yes	yes	yes	C
2960	Cryzl1	day3	1	0.225	0.225	0.0740356745390241	lengthening	none	no	no		no	no	no	no	none
2971	Ttc3	day21,day3,day60,day7	4	-0.685	-0.575	0.0234538615374884	shortening	none	no	yes	CONSERVED	yes	no	no	yes	C
2986	Scaf8	day21,day60	2	-0.38	-0.365	0.0461155294743531	shortening	none	no	yes	CONSERVED	no	no	no	yes	C
2997	Dynlt1b	day21,day3,day7	3	-0.22	-0.155	0.0506261897679927	shortening	none	no	yes	CONSERVED	no	no	no	no	C
2999	Dynlt1f	day60	1	-0.205	-0.205	0.0748039296642838	shortening	none	no	yes	CONSERVED	no	no	no	no	C
3000	Ezr	day21,day60	2	-0.165	-0.155	0.0819164256369903	shortening	none	no	yes	CONSERVED	no	no	no	no	C
3012	Mpc1	day60,day7	2	-0.225	-0.19	0.0678200430611367	shortening	none	no	yes	CONSERVED	no	no	yes	no	C
3015	Qk	day21	1	0.51	0.51	0.0875812592709197	lengthening	direct_gene	yes	no		no	no	no	yes	none
3021	Mrpl18	day60,day7	2	-0.175	-0.165	0.0576488015708972	shortening	none	no	yes	CONSERVED	no	no	no	no	C
3031	Phf10	day7	1	-0.14	-0.14	0.0705565801817257	shortening	none	no	yes	CONSERVED	no	no	no	yes	C
3039	Lix1	day3	1	0.145	0.145	0.033863161394889	lengthening	none	no	no		no	no	no	no	none
3063	Atp6v0c	day1,day21,day60,day7	4	-0.22	-0.17	0.0321980062558742	shortening	none	no	yes	CONSERVED	no	no	no	no	C
3067	Rnps1	day7	1	-0.13	-0.13	0.0570255915867509	shortening	none	no	yes	CONSERVED	no	no	no	yes	C
3070	Pgp	day21,day7	2	0.195	0.195	0.0252841996758201	lengthening	none	no	no		no	no	no	no	none
3071	Mlst8	day1	1	-0.41	-0.41	0.0486139498989258	shortening	none	no	yes	CONSERVED	no	no	no	yes	C
3078	Syngr3	day1,day21,day3	3	-0.46	0.135	0.0539380585625873	mixed	none	no	yes	CONSERVED	yes	no	yes	no	C
3081	Nubp2	day60	1	0.19	0.19	0.0296936657026221	lengthening	none	no	no		no	no	no	yes	none
3087	Tmem204	day60	1	-0.345	-0.345	0.0979432708267212	shortening	none	no	yes	CONSERVED	no	no	no	no	C
3096	Rpusd1	day7	1	-0.29	-0.29	0.0961293022669333	shortening	none	no	yes	CONSERVED	no	no	yes	yes	C
3100	Jmjd8	day21,day7	2	0.25	0.275	0.0473765857954511	lengthening	none	no	no		no	no	no	no	none
3101	Stub1	day21	1	0.275	0.275	0.0716639822954891	lengthening	none	no	no		no	no	yes	yes	none
3103	Gm20683	day21,day60,day7	3	-0.345	-0.245	0.0321980062558742	shortening	none	no	yes	CONSERVED	no	no	no	no	C
3112	Nme4	day60	1	-0.26	-0.26	0.0840653980736435	shortening	none	no	yes	CONSERVED	no	no	no	no	C
3114	Axin1	day3	1	0.22	0.22	0.0252841996758201	lengthening	none	no	no		no	no	no	yes	none
3118	Dusp1	day21,day60	2	-0.31	-0.275	0.0735617989690261	shortening	none	no	yes	CONSERVED	no	no	yes	no	C
3126	Lemd2	day21	1	-0.18	-0.18	0.06032792710641201	shortening	none	no	yes	CONSERVED	no	no	no	no	C
3129	Pacsin1	day21	1	0.51	0.51	0.0999062849222013	lengthening	none	no	no		yes	no	yes	yes	none
3157	U2af1	day21	1	0.155	0.155	0.044836599029447	lengthening	none	no	no		no	no	no	no	none
3170	Cyp4f14	day21	1	-0.47	-0.47	0.0585272740054929	shortening	none	no	yes	CONSERVED	no	no	no	no	C
3173	Zfp952	day1	1	0.42	0.42	0.040870756308808	lengthening	none	no	no		no	no	no	yes	none
3176	Zfp955b	day60	1	-0.13	-0.13	0.0812809654931676	shortening	none	no	yes	CONSERVED	no	no	yes	no	C
3183	Rps28	day21,day7	2	0.115	0.12	0.08348920880187599	lengthening	none	no	no		no	no	yes	no	none
3193	H2-Ke6	day60	1	-0.335	-0.335	0.0982038853478603	shortening	none	no	yes	CONSERVED	no	no	no	no	C
3197	H2-DMa	day60	1	0.12	0.12	0.0449660558555985	lengthening	none	no	no		no	no	no	no	none
3215	Dxo	day3,day60,day7	3	-0.19	-0.105	0.0313161854071894	shortening	none	no	yes	CONSERVED	no	no	no	no	C
3221	Neu1	day3	1	-0.225	-0.225	0.087451178088392	shortening	none	no	yes	CONSERVED	no	no	no	no	C
3223	Hspa1a	day7	1	-0.125	-0.125	0.0875812592709197	shortening	none	no	no	CONSERVED	no	yes	no	no	none
3225	Clic1	day60,day7	2	-0.125	-0.1	0.0625731751085176	shortening	none	no	no	CONSERVED	no	no	yes	no	none
3226	Ddah2	day1,day21,day60	3	-0.165	-0.11	0.0280266804248984	shortening	none	no	yes	CONSERVED	no	no	no	no	C
3231	Atp6v1g2	day1	1	-0.19	-0.19	0.0902963469918923	shortening	none	no	yes	CONSERVED	no	no	yes	yes	C
3233	H2-D1	day1,day21,day60	3	-0.11	-0.105	0.0253985727455277	shortening	none	no	yes	CONSERVED	no	no	yes	yes	C
3243	Tubb5	day21,day60,day7	3	0.22	0.245	0.0253985727455277	lengthening	none	no	no		yes	no	yes	yes	none
3248	Ppp1r10	day21,day60,day7	3	-0.4	-0.225	0.0253985727455277	shortening	none	no	yes	CONSERVED	no	no	no	yes	C
3250	Gnl1	day21,day60	2	-0.25	-0.215	0.0406630790206071	shortening	none	no	yes	CONSERVED	yes	no	no	yes	C
3256	Ppp1r11	day21,day7	2	-0.11	-0.105	0.0341459271600608	shortening	none	no	yes	CONSERVED	no	no	no	no	C
3281	Vegfa	day1,day21	2	-0.33	-0.15	0.0740356745390241	shortening	none	no	yes	CONSERVED	no	no	no	no	C
3295	Klhdc3	day21	1	-0.16	-0.16	0.0795072285699549	shortening	none	no	yes	CONSERVED	no	no	no	yes	C
3297	Ppp2r5d	day21	1	-0.255	-0.255	0.0875812592709197	shortening	none	no	yes	CONSERVED	no	no	yes	no	C
3298	Pex6	day60	1	-0.12	-0.12	0.0944258130622595	shortening	none	no	no	CONSERVED	no	no	no	no	none
3299	Cnpy3	day60	1	0.135	0.135	0.0252841996758201	lengthening	none	no	no		no	no	yes	yes	none
3303	Mrps10	day21,day60,day7	3	-0.22	-0.15	0.0626490933455302	shortening	none	no	yes	CONSERVED	no	no	yes	yes	C
3304	Ccnd3	day60	1	-0.12	-0.12	0.0479145137783625	shortening	none	no	yes	CONSERVED	no	no	no	no	C
3306	Med20	day60,day7	2	-0.335	-0.27	0.0417439707191456	shortening	none	no	yes	CONSERVED	no	no	yes	no	C
3310	Tfeb	day7	1	-0.29	-0.29	0.0873310607449528	shortening	none	no	yes	CONSERVED	no	no	no	no	C
3326	Sh3gl1	day1,day21,day60	3	-0.235	-0.17	0.053579215799917	shortening	none	no	yes	CONSERVED	no	no	no	yes	C
3331	Tnfaip8l1	day21	1	-0.13	-0.13	0.0802875789062202	shortening	none	no	yes	CONSERVED	no	no	no	no	C
3348	Khsrp	day7	1	-0.325	-0.325	0.0234538615374884	shortening	none	no	yes	CONSERVED	no	no	no	no	C
3376	Gm49909	day21,day60,day7	3	-0.13	-0.12	0.0693997852449479	shortening	none	no	yes	CONSERVED	no	no	no	no	C
3400	Cdc42ep3	day3	1	0.18	0.18	0.0936921649680375	lengthening	none	no	no		no	no	no	no	none
3411	Tmem178	day7	1	-0.635	-0.635	0.0705565801817257	shortening	none	no	yes	CONSERVED	yes	no	no	yes	C
3414	Cox7a2l	day7	1	-0.12	-0.12	0.0625731751085176	shortening	none	no	yes	CONSERVED	no	no	no	yes	C
3427	Pigf	day21	1	0.14	0.14	0.0732054607122513	lengthening	none	no	no		no	no	no	no	none
3428	Cript	day60	1	-0.22	-0.22	0.0779359067074789	shortening	none	no	yes	CONSERVED	no	no	no	yes	C
3429	Socs5	day1,day7	2	-0.42	-0.325	0.0234538615374884	shortening	none	no	yes	CONSERVED	no	no	yes	yes	C
3436	Ppp1r21	day60	1	-0.145	-0.145	0.0775371828580134	shortening	none	no	yes	CONSERVED	no	no	no	no	C
3443	Jcad	day7	1	-0.22	-0.22	0.0363482240889742	shortening	none	no	yes	CONSERVED	yes	no	yes	yes	C
3469	Kctd1	day21	1	-0.295	-0.295	0.0252841996758201	shortening	none	no	yes	CONSERVED	no	no	yes	no	C
3475	Rnf125	day21,day60	2	-0.26	-0.24	0.0254123230353397	shortening	none	no	no	CONSERVED	no	no	no	no	none
3499	Sft2d3	day7	1	-0.135	-0.135	0.0252841996758201	shortening	none	no	yes	CONSERVED	no	no	yes	yes	C
3516	Egr1	day21,day3	2	-0.165	0.125	0.0392330063413383	mixed	none	no	yes	CONSERVED	yes	yes	yes	no	C
3590	Pcdhgc3	day21,day7	2	-0.115	-0.105	0.0252841996758201	shortening	none	no	yes	CONSERVED	no	no	yes	no	C
3597	Arap3	day1,day21,day60	3	-0.225	-0.155	0.0478698980213074	shortening	none	no	yes	CONSERVED	no	no	yes	no	C
3623	Hsd17b4	day1,day7	2	-0.225	-0.175	0.0681637664369429	shortening	none	no	yes	CONSERVED	no	no	yes	no	C
3627	Snx2	day60	1	0.115	0.115	0.0463730500571958	lengthening	none	no	no		no	no	no	no	none
3632	Csnk1g3	day3	1	-0.395	-0.395	0.0936720145697781	shortening	none	no	yes	CONSERVED	no	no	no	yes	C
3638	C330018D20Rik	day1,day3,day60	3	-0.245	-0.115	0.0341459271600608	shortening	none	no	yes	CONSERVED	no	no	no	yes	C
3651	Dctn4	day1,day21	2	-0.31	-0.29	0.0633774034875436	shortening	none	no	yes	CONSERVED	no	no	no	no	C
3664	Csnk1a1	day21,day3,day7	3	-0.2	-0.11	0.0454572132521025	shortening	none	no	yes	CONSERVED	no	no	no	no	C
3682	Gnal	day21	1	0.475	0.475	0.0297618511955018	lengthening	none	no	no		yes	no	yes	yes	none
3689	Spire1	day1	1	-0.165	-0.165	0.0974233499938821	shortening	none	no	yes	CONSERVED	no	yes	no	no	C
3692	Seh1l	day1,day21,day3,day60	4	-0.385	-0.245	0.0320332322117763	shortening	none	no	yes	CONSERVED	no	no	no	no	C
3695	Rnmt	day21,day3,day7	3	-0.19	-0.14	0.0791127439908447	shortening	none	no	yes	CONSERVED	no	no	no	no	C
3709	Acaa2	day7	1	-0.14	-0.14	0.0769881989456166	shortening	none	no	no	CONSERVED	no	no	no	no	none
3710	BC031181	day60	1	-0.11	-0.11	0.0507241652298867	shortening	none	no	yes	CONSERVED	no	no	no	no	C
3713	Ier3ip1	day1,day21,day60,day7	4	0.41	0.41	0.07247832051388099	lengthening	none	no	no		no	no	no	yes	none
3723	Gm16286	day60,day7	2	-0.165	-0.155	0.0542121364655374	shortening	none	no	yes	CONSERVED	no	no	no	no	C
3735	Socs6	day1,day21,day3,day7	4	-0.335	-0.29	0.0508707478824161	shortening	none	no	no	CONSERVED	no	no	yes	no	none
3738	Cpt1a	day21,day7	2	-0.255	-0.21	0.0392330063413383	shortening	none	no	yes	CONSERVED	no	no	no	no	C
3741	1810055G02Rik	day60,day7	2	-0.33	-0.32	0.0902963469918923	shortening	none	no	yes	CONSERVED	yes	no	no	no	C
3751	Rps6kb2	day21	1	0.13	0.13	0.0595669733205088	lengthening	none	no	no		no	no	yes	yes	none
3752	Ppp1ca	day21,day60	2	-0.205	-0.185	0.0252841996758201	shortening	none	no	yes	CONSERVED	no	no	no	yes	C
3761	Pcx	day60	1	-0.14	-0.14	0.0390161245503742	shortening	none	no	yes	CONSERVED	no	no	no	no	C
3764	Sptbn2	day21	1	-0.245	-0.245	0.06383624741885599	shortening	none	no	yes	CONSERVED	yes	no	yes	yes	C
3784	Sf3b2	day21,day60	2	-0.21	-0.18	0.0830357688331716	shortening	none	no	yes	CONSERVED	no	no	no	yes	C
3792	Mus81	day21,day60	2	0.11	0.12	0.026611622688662996	lengthening	none	no	no		no	no	no	no	none
3801	Fam89b	day60	1	-0.13	-0.13	0.0944109750538782	shortening	none	no	yes	CONSERVED	no	no	no	no	C
3816	Ppp2r5b	day60,day7	2	-0.15	-0.135	0.0369362049299042	shortening	none	no	yes	CONSERVED	yes	no	no	yes	C
3818	Ehd1	day3	1	-0.22	-0.22	0.0570255915867509	shortening	none	no	yes	CONSERVED	no	no	no	yes	C
3835	Stip1	day1	1	-0.13	-0.13	0.0849702884918922	shortening	none	no	yes	CONSERVED	no	no	no	no	C
3839	Spindoc	day7	1	-0.24	-0.24	0.0570255915867509	shortening	none	no	yes	CONSERVED	no	no	no	no	C
3852	Gng3	day7	1	0.325	0.325	0.0825167013158352	lengthening	none	no	no		no	no	yes	yes	none
3858	Gm49416	day1,day21,day7	3	0.235	0.235	0.0393653664956452	lengthening	none	no	no		no	no	no	no	none
3859	Ganab	day1,day21,day7	3	-0.41	-0.285	0.0234538615374884	shortening	none	no	yes	CONSERVED	yes	no	no	yes	C
3891	Osbp	day21	1	-0.225	-0.225	0.0565528678608546	shortening	none	no	yes	CONSERVED	no	no	no	yes	C
3917	Fam189a2	day3	1	0.38	0.38	0.0321980062558742	lengthening	none	no	no		no	no	no	no	none
3941	Cstf2t	day7	1	-0.17	-0.17	0.0756998301853692	shortening	none	no	yes	CONSERVED	no	no	no	no	C
3953	Ifit2	day3	1	0.385	0.385	0.0392330063413383	lengthening	none	no	no		no	no	no	no	none
3958	Pank1	day7	1	-0.125	-0.125	0.0626490933455302	shortening	none	no	yes	CONSERVED	no	no	no	yes	C
3959	Rpp30	day21,day7	2	-0.27	-0.17	0.0603222817717373	shortening	none	no	yes	CONSERVED	no	no	yes	no	C
3962	Ppp1r3c	day7	1	-0.175	-0.175	0.0258275454201898	shortening	none	no	yes	CONSERVED	no	no	no	no	C
3969	Hhex	day21	1	-0.25	-0.25	0.0902963469918923	shortening	none	no	yes	CONSERVED	no	no	no	no	C
3987	Pgam1	day1,day21,day7	3	-0.25	-0.16	0.0700056574629722	shortening	none	no	no	CONSERVED	no	no	no	no	none
3992	Morn4	day21,day3,day7	3	-0.185	0.185	0.0272339706491401	mixed	none	no	yes	CONSERVED	no	no	no	yes	C
3996	Golga7b	day21,day7	2	-0.235	-0.185	0.0740356745390241	shortening	none	no	yes	CONSERVED	yes	no	yes	yes	C
4006	Bloc1s2	day60	1	-0.11	-0.11	0.0301930791802068	shortening	none	no	no	CONSERVED	no	no	no	no	none
4010	Hif1an	day1,day3	2	-0.51	-0.49	0.0406630790206071	shortening	none	no	yes	CONSERVED	yes	no	no	yes	C
4015	Kazald1	day60	1	-0.185	-0.185	0.0256942983021057	shortening	none	no	no	CONSERVED	no	no	no	no	none
4018	Fbxw4	day21,day60	2	-0.375	-0.295	0.0778713043480933	shortening	none	no	no	CONSERVED	no	no	no	no	none
4020	Kcnip2	day3	1	0.21	0.21	0.0508707478824161	lengthening	none	no	no		no	no	yes	yes	none
4022	Ldb1	day7	1	-0.11	-0.11	0.04450697338316	shortening	none	no	yes	CONSERVED	no	no	no	yes	C
4023	Pprc1	day3	1	0.135	0.135	0.0772653411295933	lengthening	none	no	no		yes	no	no	yes	none
4029	Sufu	day7	1	-0.15	-0.15	0.0369033045371193	shortening	none	no	yes	CONSERVED	no	no	no	no	C
4035	Nt5c2	day60	1	0.455	0.455	0.0234538615374884	lengthening	none	no	no		no	no	no	no	none
4036	Ina	day21	1	-0.105	-0.105	0.0392330063413383	shortening	none	no	yes	CONSERVED	yes	no	yes	yes	C
4042	Sfr1	day21	1	-0.2	-0.2	0.0542141984726284	shortening	none	no	yes	CONSERVED	no	no	no	yes	C
4050	Nutf2-ps1	day1,day21,day7	3	-0.14	-0.105	0.0472391201528662	shortening	none	no	yes	CONSERVED	no	no	no	no	C
4071	Pdzd8	day7	1	-0.295	-0.295	0.0252841996758201	shortening	none	no	yes	CONSERVED	yes	no	no	no	C
4085	Gm37988	day1,day21,day7	3	-0.175	-0.14	0.0234538615374884	shortening	none	no	yes	CONSERVED	no	no	no	no	C
4088	Atp6v1h	day1,day21,day60,day7	4	-0.175	-0.12	0.0445066535535957	shortening	none	no	yes	CONSERVED	no	no	yes	yes	C
4098	Eya1	day21	1	-0.27	-0.27	0.039380205743874	shortening	none	no	yes	CONSERVED	no	no	no	no	C
4103	Eloc	day3,day7	2	-0.45	-0.285	0.048128217171569995	shortening	none	no	yes	CONSERVED	no	no	yes	yes	C
4144	Eif5b	day60	1	0.44	0.44	0.0570255915867509	lengthening	none	no	no		no	no	no	yes	none
4159	Tgfbrap1	day7	1	-0.32	-0.32	0.0234538615374884	shortening	none	no	yes	CONSERVED	no	no	no	no	C
4161	Fhl2	day1,day60,day7	3	-0.22	-0.18	0.0528007082545019	shortening	none	no	no	CONSERVED	no	no	no	no	none
4185	Stk17b	day60	1	-0.165	-0.165	0.0966702129607497	shortening	none	no	yes	CONSERVED	no	no	no	yes	C
4190	Hspd1	day21,day60	2	-0.195	-0.17	0.0629518984003202	shortening	none	no	yes	CONSERVED	no	no	no	no	C
4198	Spats2l	day1,day21,day60	3	-0.22	-0.135	0.0234538615374884	shortening	none	no	yes	CONSERVED	no	no	yes	no	C
4203	Nif3l1	day60,day7	2	-0.26	-0.19	0.06032792710641201	shortening	none	no	yes	CONSERVED	no	no	no	yes	C
4204	Orc2	day1	1	-0.135	-0.135	0.0669514931849553	shortening	none	no	yes	CONSERVED	no	no	no	yes	C
4216	Fam117b	day1,day21,day3,day7	4	-0.385	-0.185	0.0252841996758201	shortening	none	no	yes	CONSERVED	no	no	no	yes	C
4229	Idh1	day21	1	-0.185	-0.185	0.0816754595684282	shortening	none	no	yes	CONSERVED	no	no	no	no	C
4235	Acadl	day21,day7	2	-0.19	-0.145	0.0296936657026221	shortening	none	no	yes	CONSERVED	no	no	no	yes	C
4239	Igfbp2	day60	1	-0.1	-0.1	0.0545383086654768	shortening	none	no	yes	CONSERVED	no	no	yes	yes	C
4243	Arpc2	day21	1	-0.105	-0.105	0.0392330063413383	shortening	none	no	yes	CONSERVED	no	no	no	no	C
4244	Aamp	day60	1	-0.16	-0.16	0.0692207756943553	shortening	none	no	yes	CONSERVED	no	no	no	no	C
4267	Tuba4a	day7	1	0.13	0.13	0.0840653980736435	lengthening	none	no	no		yes	no	yes	yes	none
4269	Ptprn	day21	1	-0.22	-0.22	0.0830357688331716	shortening	none	no	yes	CONSERVED	yes	no	yes	yes	C
4281	Sgpp2	day21	1	-0.13	-0.13	0.0442744346682323	shortening	none	no	yes	CONSERVED	yes	no	no	no	C
4289	Serpine2	day1,day21,day60,day7	4	-0.215	-0.14	0.0252841996758201	shortening	none	no	no	CONSERVED	no	no	no	yes	none
4302	Itm2c	day21,day60	2	-0.23	-0.2	0.0730876176155472	shortening	none	no	yes	CONSERVED	no	no	yes	yes	C
4310	Ptma	day21,day60,day7	3	-0.18	-0.125	0.0619244457502403	shortening	none	no	yes	CONSERVED	no	no	no	yes	C
4312	Efhd1	day21	1	0.165	0.165	0.0513541062757265	lengthening	none	no	no		no	no	yes	no	none
4317	Atg16l1	day60	1	-0.12	-0.12	0.0982038853478603	shortening	none	no	yes	CONSERVED	no	no	no	no	C
4339	Hes6	day60	1	-0.315	-0.315	0.0944109750538782	shortening	none	no	yes	CONSERVED	no	no	no	yes	C
4341	Asb1	day21	1	-0.215	-0.215	0.0570255915867509	shortening	none	no	yes	CONSERVED	yes	no	no	yes	C
4359	Bok	day1,day60,day7	3	-0.275	-0.195	0.0578750599552599	shortening	none	no	yes	CONSERVED	no	no	no	yes	C
4362	Dtymk	day21	1	0.165	0.165	0.09350255796119	lengthening	none	no	no		no	no	no	no	none
4399	Dars	day1,day60	2	-0.23	-0.23	0.0824281125604807	shortening	none	no	no	CONSERVED	no	no	no	yes	none
4408	Nucks1	day3	1	-0.425	-0.425	0.0795740349106985	shortening	none	no	yes	CONSERVED	no	no	no	yes	C
4415	Dstyk	day7	1	-0.19	-0.19	0.0879307426211412	shortening	none	no	yes	CONSERVED	no	no	no	no	C
4435	Klhl12	day21	1	-0.215	-0.215	0.07984716648908799	shortening	none	no	yes	CONSERVED	no	no	no	yes	C
4436	Rabif	day1,day3	2	-0.185	-0.18	0.0252841996758201	shortening	none	no	yes	CONSERVED	no	no	no	no	C
4444	Shisa4	day60,day7	2	-0.12	-0.115	0.0767775280127374	shortening	none	no	yes	CONSERVED	no	no	no	yes	C
4451	Camsap2	day21	1	-0.18	-0.18	0.0252841996758201	shortening	none	no	yes	CONSERVED	yes	no	no	no	C
4475	Arpc5	day1,day21,day60,day7	4	-0.21	-0.115	0.0252841996758201	shortening	none	no	yes	CONSERVED	no	no	no	no	C
4521	Pogk	day21,day60	2	0.145	0.175	0.0447294704334133	lengthening	none	no	no		no	no	no	no	none
4524	Aldh9a1	day1,day21,day7	3	-0.2	-0.175	0.0252841996758201	shortening	none	no	yes	CONSERVED	no	no	yes	no	C
4534	Uap1	day1,day60,day7	3	-0.19	-0.155	0.0252841996758201	shortening	none	no	yes	CONSERVED	no	no	no	no	C
4545	Pcp4l1	day21	1	-0.11	-0.11	0.0979432708267212	shortening	none	no	yes	CONSERVED	no	no	yes	yes	C
4564	Pea15a	day60,day7	2	-0.135	-0.13	0.0564626863981111	shortening	none	yes	yes	CONSERVED	no	yes	yes	yes	B
4565	Igsf8	day21,day60,day7	3	-0.38	-0.33	0.0252841996758201	shortening	none	no	yes	CONSERVED	yes	no	no	yes	C
4574	Ackr1	day1,day21	2	-0.245	-0.2	0.0239630306716823	shortening	none	no	no	CONSERVED	yes	no	yes	no	none
4588	Efcab2	day21	1	0.21	0.21	0.0983973604060819	lengthening	none	no	no		no	no	yes	no	none
4591	Cnst	day1	1	-0.13	-0.13	0.0700056574629722	shortening	none	no	yes	CONSERVED	no	no	no	yes	C
4612	Degs1	day1,day21,day60	3	-0.19	-0.135	0.0280266804248984	shortening	none	no	yes	CONSERVED	no	no	yes	no	C
4628	Bpnt1	day21,day7	2	-0.305	-0.225	0.0713827913990559	shortening	none	no	yes	CONSERVED	no	no	no	yes	C
4649	Sertad4	day21	1	-0.27	-0.27	0.0624610936517815	shortening	none	no	yes	CONSERVED	no	no	yes	no	C
4672	Usp6nl	day1,day3,day7	3	-0.345	-0.315	0.039380205743874	shortening	none	no	yes	CONSERVED	no	no	no	no	C
4681	Fbh1	day1,day7	2	-0.165	-0.135	0.0595811775563645	shortening	none	no	yes	CONSERVED	no	no	no	no	C
4684	Pter	day1,day21,day3,day60,day7	5	-0.78	-0.64	0.0252841996758201	shortening	none	no	yes	CONSERVED	yes	no	no	yes	C
4698	Commd3	day21	1	-0.16	-0.16	0.0392330063413383	shortening	none	no	yes	CONSERVED	no	no	no	no	C
4712	Arrdc1	day7	1	-0.135	-0.135	0.0252841996758201	shortening	none	no	yes	CONSERVED	no	no	no	no	C
4717	Nelfb	day21	1	-0.29	-0.29	0.0252841996758201	shortening	none	no	yes	CONSERVED	no	no	yes	no	C
4732	Traf2	day1,day7	2	-0.23	-0.14	0.0300778041812339	shortening	none	no	yes	CONSERVED	no	no	no	no	C
4736	Bmyc	day60,day7	2	-0.12	-0.105	0.0297156539487933	shortening	none	no	no	CONSERVED	no	no	no	yes	none
4743	Entr1	day21,day7	2	-0.225	-0.17	0.06032792710641201	shortening	none	no	yes	CONSERVED	no	no	no	yes	C
4749	Agpat2	day60	1	-0.22	-0.22	0.0994697440764334	shortening	none	no	yes	CONSERVED	no	no	no	no	C
4751	Med22	day7	1	-0.12	-0.12	0.0479337620895321	shortening	none	no	yes	CONSERVED	no	no	no	no	C
4752	Surf1	day21,day60	2	0.105	0.125	0.0401240722503091	lengthening	none	no	no		no	no	no	yes	none
4756	Cacfd1	day60	1	0.26	0.26	0.053826364130068	lengthening	none	no	no		no	no	no	no	none
4764	Wdr5	day21	1	0.2	0.2	0.0878214901645065	lengthening	none	no	no		no	no	no	no	none
4767	Olfm1	day21,day7	2	-0.14	-0.14	0.0392330063413383	shortening	none	no	no	CONSERVED	yes	no	yes	no	none
4788	Spout1	day21	1	-0.185	-0.185	0.0252841996758201	shortening	none	no	yes	CONSERVED	no	no	no	no	C
4791	Miga2	day21,day7	2	-0.28	-0.22	0.0801505882453343	shortening	none	no	yes	CONSERVED	yes	no	no	no	C
4799	Tor1a	day1,day21,day7	3	-0.305	-0.25	0.0859040999658596	shortening	none	no	yes	CONSERVED	no	no	no	no	C
4800	BC005624	day21,day3,day60,day7	4	-0.185	-0.155	0.0793030756052682	shortening	none	no	yes	CONSERVED	no	no	yes	yes	C
4832	Ralgps1	day1	1	-0.51	-0.51	0.0565528678608546	shortening	none	no	no	CONSERVED	no	no	no	yes	none
4867	Lypd6b	day60,day7	2	-0.495	-0.345	0.0296936657026221	shortening	none	no	yes	CONSERVED	yes	no	no	no	C
4875	Rprm	day21	1	-0.165	-0.165	0.0252841996758201	shortening	none	no	yes	CONSERVED	no	no	yes	no	C
4877	Gpd2	day7	1	-0.105	-0.105	0.0788296542787767	shortening	none	no	yes	CONSERVED	no	no	no	yes	C
4880	Acvr1	day1,day3	2	0.2	0.455	0.0252841996758201	lengthening	none	no	no		no	no	no	no	none
4886	Cd302	day1,day21,day60,day7	4	-0.2	-0.155	0.0234538615374884	shortening	none	no	no	CONSERVED	no	no	no	yes	none
4899	Stk39	day7	1	-0.105	-0.105	0.0252841996758201	shortening	none	no	yes	CONSERVED	no	no	yes	no	C
4909	Ubr3	day21,day7	2	-0.43	-0.425	0.0730876176155472	shortening	none	no	yes	CONSERVED	yes	no	no	no	C
4921	Pdk1	day1,day21,day3,day7	4	-0.385	-0.24	0.0392330063413383	shortening	none	no	yes	CONSERVED	yes	no	yes	no	C
4925	Sp3	day1,day21,day60	3	-0.4	-0.29	0.0313161854071894	shortening	none	no	yes	CONSERVED	no	no	no	yes	C
4926	Ola1	day7	1	-0.11	-0.11	0.0563806624937378	shortening	none	no	yes	CONSERVED	no	no	no	no	C
4935	Hnrnpa3	day7	1	-0.12	-0.12	0.0513541062757265	shortening	none	no	yes	CONSERVED	no	no	no	no	C
4956	Calcrl	day21,day7	2	-0.245	-0.175	0.0283369198574856	shortening	none	no	yes	CONSERVED	no	no	no	no	C
4963	Zdhhc5	day1,day21,day60,day7	4	-0.57	-0.42	0.0234538615374884	shortening	none	no	yes	CONSERVED	no	no	no	yes	C
4977	Kbtbd4	day21,day60	2	-0.24	-0.225	0.0805027491136754	shortening	none	no	no	CONSERVED	no	no	no	no	none
4979	Celf1	day21	1	0.53	0.53	0.0730876176155472	lengthening	none	no	no		yes	no	yes	yes	none
4984	Nr1h3	day21	1	-0.165	-0.165	0.0603222817717373	shortening	none	no	yes	CONSERVED	no	no	no	no	C
5000	Chst1	day60,day7	2	-0.27	-0.205	0.039380205743874	shortening	none	no	yes	CONSERVED	no	no	yes	no	C
5021	Cat	day21	1	-0.165	-0.165	0.0476339717574764	shortening	none	no	yes	CONSERVED	no	no	no	yes	C
5032	Pax6	day21	1	-0.345	-0.345	0.0842572536715766	shortening	none	no	yes	CONSERVED	no	no	no	yes	C
5050	Scg5	day21,day60	2	-0.28	-0.265	0.0824248945512066	shortening	none	no	yes	CONSERVED	yes	no	no	no	C
5053	Dph6	day60	1	0.23	0.23	0.0742706076888048	lengthening	none	no	no		no	no	no	yes	none
5093	Zfp106	day3	1	-0.205	-0.205	0.0924357239999641	shortening	none	no	yes	CONSERVED	yes	no	no	yes	C
5100	Ccndbp1	day60	1	-0.235	-0.235	0.0740356745390241	shortening	none	no	no	CONSERVED	no	no	no	yes	none
5116	Sord	day60	1	-0.145	-0.145	0.0625797771511346	shortening	none	no	yes	CONSERVED	no	no	yes	no	C
5126	Dut	day3,day7	2	-0.115	-0.11	0.0470223310332108	shortening	none	no	yes	CONSERVED	no	no	no	yes	C
5161	Sirpa	day7	1	-0.115	-0.115	0.0386867201863672	shortening	none	no	yes	CONSERVED	yes	no	yes	yes	C
5175	Gfra4	day1,day21,day60,day7	4	-0.285	-0.22	0.0302022586726698	shortening	none	no	yes	CONSERVED	no	no	yes	no	C
5185	Prnp	day1,day21,day7	3	-0.215	-0.165	0.0648783787129828	shortening	none	no	yes	CONSERVED	no	no	no	no	C
5192	Cds2	day21,day7	2	-0.41	-0.38	0.0865241477268198	shortening	none	no	yes	CONSERVED	yes	no	yes	yes	C
5202	Snap25	day21,day3	2	-0.165	0.175	0.0280266804248984	mixed	none	no	yes	CONSERVED	no	yes	yes	yes	C
5222	Sec23b	day21	1	-0.15	-0.15	0.089581448064285	shortening	none	no	yes	CONSERVED	no	no	yes	no	C
5224	Slc24a3	day21,day60,day7	3	-0.475	-0.365	0.0234538615374884	shortening	none	no	yes	CONSERVED	yes	no	yes	yes	C
5229	Thbd	day1	1	-0.14	-0.14	0.0797967246048526	shortening	none	no	yes	CONSERVED	no	yes	no	no	C
5238	Apmap	day60	1	-0.14	-0.14	0.0422622016742984	shortening	none	no	yes	CONSERVED	no	no	no	no	C
5244	Nanp	day21,day60	2	-0.435	-0.41	0.0296936657026221	shortening	none	no	yes	CONSERVED	no	no	no	yes	C
5259	Nrsn2	day21	1	-0.215	-0.215	0.0393653664956452	shortening	none	no	yes	CONSERVED	yes	no	yes	no	C
5267	Pdrg1	day60	1	0.14	0.14	0.0852729465992249	lengthening	none	no	no		no	no	no	no	none
5284	Eif2s2	day21	1	0.1	0.1	0.082877198679952	lengthening	none	no	no		no	no	no	yes	none
5288	Map1lc3a	day60	1	-0.18	-0.18	0.0248294546630999	shortening	none	no	yes	CONSERVED	no	no	no	yes	C
5290	Trp53inp2	day7	1	-0.14	-0.14	0.0633774034875436	shortening	none	no	yes	CONSERVED	no	no	yes	no	C
5303	Nfs1	day7	1	-0.185	-0.185	0.0747142944557053	shortening	none	no	yes	CONSERVED	no	no	no	no	C
5319	Nnat	day1,day21	2	-0.175	-0.115	0.0438311434336257	shortening	none	no	yes	CONSERVED	no	yes	yes	yes	C
5326	Ralgapb	day1,day7	2	-0.275	-0.245	0.044551213203285	shortening	none	no	yes	CONSERVED	yes	no	no	no	C
5330	Top1	day21,day7	2	-0.39	-0.375	0.0239630306716823	shortening	none	no	yes	CONSERVED	no	no	no	yes	C
5335	Ptprt	day7	1	-0.135	-0.135	0.0802611155485153	shortening	none	no	yes	CONSERVED	yes	no	yes	yes	C
5345	Pkig	day21,day60,day7	3	-0.31	-0.28	0.0617166340321224	shortening	none	no	yes	CONSERVED	no	no	yes	yes	C
5346	Rims4	day60	1	-0.345	-0.345	0.0540824389941258	shortening	none	no	yes	CONSERVED	yes	no	yes	yes	C
5358	Zswim1	day60	1	-0.31	-0.31	0.0802611155485153	shortening	none	no	yes	CONSERVED	no	no	no	yes	C
5389	Ube2v1	day1,day21	2	-0.16	-0.115	0.0693997852449479	shortening	none	no	yes	CONSERVED	no	no	no	no	C
5390	Gm20431	day60,day7	2	-0.23	-0.16	0.0927959689668443	shortening	none	no	yes	CONSERVED	no	no	no	no	C
5399	Atp9a	day21	1	-0.17	-0.17	0.0978926083944892	shortening	none	no	yes	CONSERVED	yes	no	yes	yes	C
5401	Bcas1	day1,day21	2	-0.17	-0.14	0.0313161854071894	shortening	none	no	yes	CONSERVED	yes	yes	yes	yes	C
5405	Aurka	day21	1	-0.43	-0.43	0.0545383086654768	shortening	none	no	yes	CONSERVED	no	no	no	no	C
5407	Rtf2	day1,day21,day60,day7	4	-0.36	-0.14	0.0234538615374884	shortening	none	no	yes	CONSERVED	no	no	no	yes	C
5417	Nelfcd	day60	1	-0.16	-0.16	0.0692593169347379	shortening	none	no	yes	CONSERVED	no	no	yes	no	C
5420	Prelid3b	day1,day21,day60,day7	4	-0.21	-0.175	0.0513541062757265	shortening	none	no	yes	CONSERVED	no	no	no	yes	C
5423	Gm14391	day7	1	0.11	0.11	0.0477599631386161	lengthening	none	no	no		no	no	no	no	none
5432	2210418O10Rik	day3	1	-0.215	-0.215	0.0817703028895427	shortening	none	no	yes	CONSERVED	no	no	no	no	C
5434	Gm14434	day60	1	-0.12	-0.12	0.0936720145697781	shortening	none	no	yes	CONSERVED	no	no	no	no	C
5457	Mrgbp	day3,day60,day7	3	-0.25	0.285	0.0252841996758201	mixed	none	no	yes	CONSERVED	no	no	no	no	C
5468	Stmn3	day60	1	-0.17	-0.17	0.0660798694442046	shortening	none	no	no	CONSERVED	yes	yes	yes	yes	none
5485	Stmn2	day60	1	0.165	0.165	0.0288045476504877	lengthening	none	no	no		yes	no	yes	no	none
5500	Car2	day1,day21	2	-0.26	-0.17	0.0730876176155472	shortening	none	no	yes	CONSERVED	no	no	no	yes	C
5509	Tbl1xr1	day1	1	-0.335	-0.335	0.0887324146746557	shortening	none	no	yes	CONSERVED	no	no	no	no	C
5513	Eif5a2	day7	1	-0.255	-0.255	0.0973222819254326	shortening	none	no	yes	CONSERVED	no	no	no	yes	C
5549	Pgrmc2	day3,day7	2	-0.15	-0.135	0.0710049257589544	shortening	none	no	yes	CONSERVED	no	no	no	yes	C
5561	Lhfp	day1,day21,day60,day7	4	-0.32	-0.175	0.0234538615374884	shortening	none	no	yes	CONSERVED	no	no	yes	yes	C
5619	Rapgef2	day60	1	0.145	0.145	0.072766576583885	lengthening	none	no	no		yes	no	no	yes	none
5631	Arfip1	day3,day7	2	-0.315	-0.13	0.0438311434336257	shortening	none	no	yes	CONSERVED	no	no	no	no	C
5645	Hdgf	day21,day7	2	-0.215	-0.195	0.0626460113301582	shortening	none	no	yes	CONSERVED	no	no	yes	no	C
5650	Bcan	day21	1	-0.25	-0.25	0.0654520434834799	shortening	none	no	yes	CONSERVED	no	yes	no	yes	C
5668	Ash1l	day1	1	0.145	0.145	0.0947958112760789	lengthening	none	no	no		yes	no	no	no	none
5671	Scamp3	day1,day21	2	-0.125	-0.12	0.0296936657026221	shortening	none	no	yes	CONSERVED	no	no	no	yes	C
5687	Shc1	day1,day21,day60,day7	4	-0.355	-0.23	0.0234538615374884	shortening	none	no	yes	CONSERVED	no	no	no	no	C
5688	Pygo2	day7	1	0.18	0.18	0.0554789121538574	lengthening	none	no	no		no	no	no	yes	none
5690	Pmvk	day1,day21,day60,day7	4	-0.245	-0.155	0.0239630306716823	shortening	none	no	yes	CONSERVED	no	no	no	no	C
5692	Ube2q1	day60	1	0.115	0.115	0.0832195494822227	lengthening	none	no	no		no	no	no	no	none
5710	Chtop	day7	1	-0.185	-0.185	0.0435980152202841	shortening	none	no	yes	CONSERVED	no	no	no	no	C
5712	S100a16	day1,day21,day60,day7	4	-0.2	-0.13	0.0292015135662285	shortening	none	no	yes	CONSERVED	no	no	no	yes	C
5731	Mllt11	day60	1	0.115	0.115	0.0983973604060819	lengthening	none	no	no		no	no	yes	no	none
5733	Prune1	day1	1	-0.22	-0.22	0.0610005238118389	shortening	none	no	yes	CONSERVED	no	no	no	no	C
5747	Aph1a	day1,day21,day7	3	-0.135	-0.12	0.044551213203285	shortening	none	no	yes	CONSERVED	no	no	no	no	C
5791	Phtf1	day21,day3,day7	3	-0.145	-0.12	0.0788296542787767	shortening	none	no	yes	CONSERVED	no	no	no	no	C
5816	Gstm2	day60,day7	2	-0.14	-0.13	0.039380205743874	shortening	none	no	yes	CONSERVED	no	no	no	no	C
5817	Gstm1	day1,day21,day60,day7	4	-0.235	-0.165	0.0252841996758201	shortening	none	no	no	CONSERVED	no	yes	no	yes	none
5823	Sort1	day1,day3	2	-0.53	-0.4	0.0296936657026221	shortening	none	no	yes	CONSERVED	yes	no	yes	yes	C
5848	Plppr4	day21	1	-0.12	-0.12	0.0443844936790569	shortening	none	no	yes	CONSERVED	yes	no	yes	no	C
5860	1810037I17Rik	day3	1	-0.215	-0.215	0.0867283309787222	shortening	none	no	yes	CONSERVED	no	no	no	no	C
5889	Ddit4l	day21	1	-0.14	-0.14	0.0800639601351908	shortening	none	no	yes	CONSERVED	no	no	no	no	C
5892	Lamtor3	day21,day60	2	-0.255	-0.25	0.0639360345445442	shortening	none	no	yes	CONSERVED	no	no	no	yes	C
5919	Ssx2ip	day3	1	0.175	0.175	0.0551969919565821	lengthening	none	no	no		no	no	no	no	none
5946	Ubxn2b	day3	1	-0.405	-0.405	0.0456346082911931	shortening	none	no	yes	CONSERVED	yes	no	no	no	C
5952	Asph	day1,day21,day3,day60,day7	5	-0.86	-0.78	0.0234538615374884	shortening	none	no	yes	CONSERVED	yes	no	no	yes	C
5957	Ints8	day3	1	-0.125	-0.125	0.0393158116906271	shortening	none	no	yes	CONSERVED	yes	no	no	yes	C
5970	Tmem64	day21,day7	2	-0.335	-0.31	0.0234538615374884	shortening	none	no	yes	CONSERVED	yes	no	yes	no	C
5977	Ttpa	day1	1	0.205	0.205	0.0321980062558742	lengthening	none	no	no		no	no	no	no	none
5979	Ccnc	day60	1	-0.46	-0.46	0.0989652871492647	shortening	none	no	yes	CONSERVED	no	no	no	yes	C
5995	Pnrc1	day21,day60	2	-0.24	-0.21	0.0680398533742864	shortening	none	no	no	CONSERVED	no	no	no	no	none
6001	Aco1	day7	1	-0.25	-0.25	0.0313161854071894	shortening	none	no	yes	CONSERVED	no	no	no	no	C
6009	Chmp5	day60	1	-0.11	-0.11	0.0524151838873746	shortening	none	no	yes	CONSERVED	no	no	no	no	C
6011	Nol6	day1	1	0.105	0.105	0.0864749963289669	lengthening	none	no	no		no	no	yes	yes	none
6016	Nudt2	day1,day60	2	-0.245	-0.165	0.0526975465434174	shortening	none	no	yes	CONSERVED	no	no	no	no	C
6017	Myorg	day1	1	-0.195	-0.195	0.0254112882269887	shortening	none	no	yes	CONSERVED	no	no	no	yes	C
6019	Enho	day60	1	-0.14	-0.14	0.0463741246285026	shortening	none	no	yes	CONSERVED	no	yes	no	no	C
6033	Ccl19	day60,day7	2	-0.16	-0.155	0.0721795535387537	shortening	none	no	yes	CONSERVED	no	no	no	no	C
6034	Ccl21a	day21	1	0.22	0.22	0.0626490933455302	lengthening	none	no	no		no	no	no	no	none
6070	Tmod1	day1,day21,day3,day60	4	0.19	0.19	0.0296936657026221	lengthening	none	no	no		yes	no	no	no	none
6094	Klf4	day1	1	0.345	0.345	0.0791180189762993	lengthening	none	no	no		no	no	no	no	none
6121	Atp6v1g1	day60	1	-0.18	-0.18	0.0447294704334133	shortening	none	no	yes	CONSERVED	no	no	no	yes	C
6129	Megf9	day1	1	-0.14	-0.14	0.080842933178567	shortening	none	no	yes	CONSERVED	yes	no	yes	no	C
6131	Kdm4c	day1,day60	2	-0.245	-0.225	0.0250048173532358	shortening	none	no	yes	CONSERVED	no	no	yes	yes	C
6135	Mpdz	day21,day60,day7	3	-0.545	-0.13	0.0362088517935848	shortening	none	no	yes	CONSERVED	yes	no	yes	no	C
6190	Scp2	day21,day60	2	-0.2	-0.2	0.0860770815934256	shortening	none	no	yes	CONSERVED	no	no	no	no	C
6196	Prpf38a	day1,day21	2	-0.23	-0.11	0.0256942983021057	shortening	none	no	no	CONSERVED	no	no	no	no	none
6213	Efcab14	day21,day7	2	-0.26	-0.255	0.0234538615374884	shortening	none	no	yes	CONSERVED	no	no	no	yes	C
6224	Gpbp1l1	day3	1	0.365	0.365	0.0250048173532358	lengthening	none	no	no		no	no	no	no	none
6234	Rnf220	day1,day60	2	-0.165	-0.12	0.0313161854071894	shortening	none	no	yes	CONSERVED	no	no	yes	yes	C
6235	Eri3	day1,day21	2	-0.12	-0.1	0.0678575470083872	shortening	none	no	yes	CONSERVED	no	no	yes	no	C
6250	Ybx1	day21,day60,day7	3	-0.21	-0.11	0.0239630306716823	shortening	none	no	yes	CONSERVED	no	no	no	no	C
6264	Smap2	day1	1	-0.135	-0.135	0.0791180189762993	shortening	none	no	no	CONSERVED	no	no	no	no	none
6280	1110065P20Rik	day21	1	-0.11	-0.11	0.0257331153196222	shortening	none	no	no	CONSERVED	no	no	no	no	none
6295	Map7d1	day21	1	-0.225	-0.225	0.0694773799050714	shortening	none	no	yes	CONSERVED	no	no	no	yes	C
6296	Trappc3	day1,day60,day7	3	-0.28	-0.19	0.0483648686841955	shortening	none	no	yes	CONSERVED	no	no	yes	yes	C
6305	Dlgap3	day60,day7	2	-0.285	-0.22	0.0740356745390241	shortening	none	no	yes	CONSERVED	yes	no	yes	yes	C
6306	Smim12	day1,day21	2	-0.185	-0.14	0.039380205743874	shortening	none	no	yes	CONSERVED	no	no	no	yes	C
6314	Hpca	day21,day60	2	-0.22	-0.205	0.0802875789062202	shortening	none	no	yes	CONSERVED	yes	no	yes	yes	C
6334	Pef1	day1,day21,day60,day7	4	-0.285	-0.17	0.0239630306716823	shortening	none	no	yes	CONSERVED	no	no	no	no	C
6343	Laptm5	day21	1	-0.33	-0.33	0.0422622016742984	shortening	none	no	yes	CONSERVED	yes	no	yes	yes	C
6377	Hmgn2	day1,day21,day60,day7	4	-0.2	-0.115	0.0570255915867509	shortening	none	no	yes	CONSERVED	no	no	no	no	C
6378	Dhdds	day1	1	-0.195	-0.195	0.0429147774179927	shortening	none	no	no	CONSERVED	no	no	no	no	none
6379	Sh3bgrl3	day1,day21,day60,day7	4	-0.17	-0.11	0.0252841996758201	shortening	none	no	no	CONSERVED	no	no	no	yes	none
6381	Zfp593	day60	1	0.34	0.34	0.0395597319351994	lengthening	none	no	no		no	no	no	no	none
6387	Stmn1	day60,day7	2	-0.17	-0.165	0.0392330063413383	shortening	none	no	no	CONSERVED	no	yes	no	no	none
6390	Selenon	day7	1	-0.195	-0.195	0.0973488000143869	shortening	none	no	yes	CONSERVED	no	no	no	no	C
6395	Syf2	day1,day21,day60	3	-0.31	-0.24	0.0451517836296963	shortening	none	no	yes	CONSERVED	no	no	no	yes	C
6401	Fuca1	day3	1	-0.105	-0.105	0.06032792710641201	shortening	none	no	yes	CONSERVED	no	no	yes	yes	C
6410	Zfp46	day7	1	-0.225	-0.225	0.0413794091372038	shortening	none	no	yes	CONSERVED	no	no	no	yes	C
6412	Luzp1	day3	1	0.435	0.435	0.0794926432774478	lengthening	none	no	no		yes	no	no	no	none
6426	Ddost	day21,day7	2	-0.25	-0.24	0.0477599631386161	shortening	none	no	yes	CONSERVED	no	no	no	yes	C
6427	Pink1	day60	1	-0.2	-0.2	0.087333769282997	shortening	none	no	yes	CONSERVED	no	yes	no	no	C
6443	Atp13a2	day21,day7	2	-0.11	-0.11	0.07200483199714501	shortening	none	no	yes	CONSERVED	yes	no	no	yes	C
6447	Fbxo42	day60	1	0.22	0.22	0.0495311638606315	lengthening	none	no	no		no	no	no	yes	none
6456	Efhd2	day1,day21,day7	3	-0.26	-0.175	0.0252841996758201	shortening	none	no	yes	CONSERVED	no	no	yes	no	C
6458	Kazn	day1	1	-0.29	-0.29	0.0696622688113142	shortening	none	no	yes	CONSERVED	yes	no	no	yes	C
6470	Plod1	day1,day21,day7	3	-0.11	-0.1	0.0234538615374884	shortening	none	no	no	CONSERVED	no	no	no	yes	none
6478	Fbxo2	day60	1	-0.18	-0.18	0.0751414994774515	shortening	none	no	no	CONSERVED	no	no	no	yes	none
6479	Ubiad1	day1	1	-0.21	-0.21	0.0280266804248984	shortening	none	no	yes	CONSERVED	no	no	no	no	C
6480	Mtor	day3	1	0.3	0.3	0.0854250585538623	lengthening	none	no	no		no	no	no	yes	none
6498	Eno1	day60,day7	2	-0.19	-0.185	0.0707254389024721	shortening	none	no	yes	CONSERVED	no	no	yes	yes	C
6500	Errfi1	day21	1	-0.21	-0.21	0.0239630306716823	shortening	none	no	yes	CONSERVED	no	no	no	no	C
6519	Tprgl	day1,day21,day60	3	-0.26	-0.135	0.0316881295945304	shortening	none	no	yes	CONSERVED	no	no	no	no	C
6532	Cfap74	day1,day60	2	-0.41	-0.39	0.0740356745390241	shortening	none	no	yes	CONSERVED	no	no	no	no	C
6533	Gnb1	day1,day21,day3,day60,day7	5	-0.745	-0.375	0.0234538615374884	shortening	none	no	yes	CONSERVED	no	no	yes	yes	C
6534	Nadk	day3	1	-0.155	-0.155	0.0966702129607497	shortening	none	no	yes	CONSERVED	no	no	no	yes	C
6536	Fndc10	day1	1	-0.255	-0.255	0.0967969823755001	shortening	none	no	yes	CONSERVED	no	no	no	yes	C
6542	Ccnl2	day1,day21,day7	3	0.11	0.24	0.0570255915867509	lengthening	none	no	no		no	no	yes	no	none
6548	Acap3	day21,day7	2	-0.325	-0.32	0.0902963469918923	shortening	none	no	yes	CONSERVED	yes	no	no	yes	C
6550	B3galt6	day1,day7	2	-0.18	-0.15	0.0659457010588638	shortening	none	no	yes	CONSERVED	no	no	no	no	C
6556	Noc2l	day21	1	-0.265	-0.265	0.0365210091311981	shortening	none	no	yes	CONSERVED	no	no	no	yes	C
6561	Fzd1	day60	1	0.125	0.125	0.0884294127274178	lengthening	none	no	no		no	no	no	yes	none
6563	Cldn12	day1,day21	2	-0.365	-0.13	0.033863161394889	shortening	none	no	yes	not	no	no	no	no	D
6571	Crot	day60	1	-0.385	-0.385	0.0830357688331716	shortening	none	no	no	not	no	no	yes	yes	none
6574	Grm3	day60	1	-0.27	-0.27	0.0642698587978861	shortening	none	no	yes	not	no	no	no	yes	D
6588	Napepld	day21	1	0.305	0.305	0.0801207130362196	lengthening	none	no	no		no	no	no	no	none
6605	Abcf2	day1,day21,day60	3	-0.25	-0.215	0.088275982650815	shortening	none	no	no	not	no	no	yes	yes	none
6640	Mpv17	day21,day60	2	-0.15	-0.14	0.0359222943611363	shortening	none	no	yes	not	no	no	no	no	D
6645	Nrbp1	day60	1	-0.14	-0.14	0.0786640488206077	shortening	none	no	yes	not	no	no	yes	no	D
6647	Zfp512	day21,day7	2	-0.185	-0.125	0.0252841996758201	shortening	none	no	yes	not	no	no	no	no	D
6651	Yes1	day3	1	0.18	0.18	0.0280266804248984	lengthening	none	no	no		no	no	no	yes	none
6653	Ywhah	day21,day60	2	-0.21	-0.2	0.0780519248512463	shortening	none	no	yes	not	no	yes	yes	no	D
6658	Fgfr3	day1,day21,day7	3	-0.38	-0.19	0.0595669733205088	shortening	none	no	yes	not	no	yes	no	no	D
6659	Nsd2	day1,day21,day60,day7	4	0.28	0.49	0.0713827913990559	lengthening	none	no	no		yes	no	no	no	none
6670	Lrpap1	day21,day3,day7	3	-0.16	-0.105	0.0392330063413383	shortening	none	no	yes	not	no	no	yes	no	D
6671	Adra2c	day60,day7	2	-0.205	-0.15	0.0361101526662177	shortening	none	no	yes	not	yes	no	no	yes	D
6682	Mrfap1	day1,day21,day60,day7	4	-0.265	-0.11	0.0565528678608546	shortening	none	no	yes	not	no	no	no	yes	D
6685	Crmp1	day21	1	-0.185	-0.185	0.056017308834797004	shortening	none	no	no	not	yes	no	yes	no	none
6687	Evc2	day21,day7	2	-0.25	-0.175	0.0234538615374884	shortening	none	no	yes	not	no	no	no	no	D
6693	Wdr1	day1,day21	2	-0.305	-0.215	0.0625731751085176	shortening	none	no	yes	not	no	no	no	no	D
6704	Qdpr	day21,day60,day7	3	-0.18	-0.155	0.0654520434834799	shortening	none	no	yes	not	no	no	no	yes	D
6710	5730480H06Rik	day21,day60,day7	3	-0.12	-0.11	0.0829937028486971	shortening	none	no	yes	not	no	no	no	yes	D
6734	Uchl1	day21,day60	2	-0.155	-0.105	0.0611054343041266	shortening	none	no	yes	not	no	no	yes	yes	D
6749	Sgcb	day1	1	-0.22	-0.22	0.0746658996304167	shortening	none	no	yes	not	no	no	yes	no	D
6751	Rasl11b	day21,day60,day7	3	-0.16	-0.125	0.06065033926483001	shortening	none	no	yes	not	no	no	no	yes	D
6756	Kdr	day7	1	-0.255	-0.255	0.0769120232961159	shortening	none	no	yes	not	no	no	no	yes	D
6763	Igfbp7	day21,day60	2	-0.135	-0.12	0.0732054607122513	shortening	none	yes	yes	not	no	no	no	yes	D
6785	Scarb2	day21,day3,day7	3	-0.485	-0.26	0.0313161854071894	shortening	none	no	yes	not	no	no	no	yes	D
6788	Ccng2	day3	1	0.365	0.365	0.0394812190948256	lengthening	none	no	no		no	no	no	yes	none
6791	Mrpl1	day7	1	0.11	0.11	0.0296936657026221	lengthening	none	no	no		no	no	no	yes	none
6798	Enoph1	day1,day21,day7	3	-0.275	-0.145	0.0576488015708972	shortening	none	no	yes	not	no	no	no	no	D
6799	Sec31a	day21,day60,day7	3	-0.265	-0.24	0.0731390299558342	shortening	none	no	yes	not	yes	no	no	no	D
6817	Sparcl1	day1,day7	2	-0.145	-0.14	0.0767775280127374	shortening	none	yes	yes	not	no	yes	yes	yes	D
6831	Zfp644	day21,day3	2	0.43	0.59	0.0234538615374884	lengthening	none	no	no		yes	no	no	yes	none
6836	Rpl5	day1,day21,day60,day7	4	0.38	0.385	0.0638862951964855	lengthening	none	no	no		no	no	no	no	none
6837	Dipk1a	day21,day3,day60,day7	4	-0.42	-0.28	0.0296936657026221	shortening	none	no	yes	not	no	no	no	no	D
6840	Dr1	day3	1	0.215	0.215	0.0565528678608546	lengthening	none	no	no		no	no	no	no	none
6843	Cplx1	day21	1	-0.285	-0.285	0.0542121364655374	shortening	none	no	yes	not	yes	no	yes	yes	D
6845	Tmem175	day21,day7	2	-0.215	-0.19	0.0638862951964855	shortening	none	no	yes	not	no	no	yes	yes	D
6852	Pgam5	day1,day7	2	-0.24	-0.23	0.08481817519574499	shortening	none	no	yes	not	no	no	no	yes	D
6858	Ulk1	day7	1	-0.26	-0.26	0.0313161854071894	shortening	none	no	yes	not	no	no	no	yes	D
6872	Iscu	day21	1	0.115	0.115	0.0750213797792404	lengthening	none	no	no		no	no	no	no	none
6874	Selplg	day21,day60	2	-0.145	-0.13	0.0568638540799784	shortening	none	no	yes	not	yes	no	yes	yes	D
6877	Svop	day60	1	-0.19	-0.19	0.04968510093524501	shortening	none	no	yes	not	yes	no	yes	yes	D
6882	Mvk	day60	1	-0.135	-0.135	0.0313161854071894	shortening	none	no	yes	not	no	no	no	no	D
6886	Git2	day3	1	-0.215	-0.215	0.0892187382466978	shortening	none	no	yes	not	no	no	no	no	D
6895	Mlec	day3	1	-0.52	-0.52	0.0824248945512066	shortening	none	no	yes	not	yes	no	yes	yes	D
6902	Triap1	day1,day21,day60,day7	4	-0.375	-0.32	0.0252841996758201	shortening	none	no	yes	not	no	no	no	no	D
6912	Suds3	day1	1	-0.105	-0.105	0.0975823642248928	shortening	none	no	yes	not	no	no	no	no	D
6913	Taok3	day21	1	-0.14	-0.14	0.0730876176155472	shortening	none	no	yes	not	no	no	no	no	D
6916	Rfc5	day1,day21,day3,day60,day7	5	-0.535	-0.195	0.0234538615374884	shortening	none	no	yes	not	yes	no	no	no	D
6925	Plbd2	day21,day60,day7	3	-0.26	-0.235	0.0830357688331716	shortening	none	no	yes	not	no	no	no	no	D
6932	Rpl6	day21,day60	2	-0.12	-0.115	0.0602145878310535	shortening	none	no	yes	not	no	no	no	no	D
6943	Sh2b3	day21,day7	2	0.39	0.535	0.0570255915867509	lengthening	none	no	no		yes	no	no	yes	none
6953	Atp2a2	day3,day7	2	-0.125	-0.105	0.0280266804248984	shortening	none	yes	yes	not	yes	no	yes	no	D
6961	Rhof	day3,day7	2	0.125	0.21	0.0313161854071894	lengthening	none	no	no		yes	no	no	yes	none
6966	Rsrc2	day21	1	0.11	0.11	0.0925811840970454	lengthening	none	no	no		no	no	no	no	none
6974	Cdk2ap1	day21,day60,day7	3	-0.175	-0.11	0.0275363432517538	shortening	none	no	no	not	no	no	no	no	none
6988	Bri3bp	day21,day7	2	-0.18	-0.17	0.0440948484998013	shortening	none	no	yes	not	yes	no	yes	yes	D
6994	Ran	day3	1	-0.11	-0.11	0.0943512216792956	shortening	none	no	yes	not	no	no	no	no	D
7000	Psph	day1,day21,day60,day7	4	-0.21	-0.11	0.027110728014762	shortening	none	no	yes	not	no	no	no	no	D
7005	Crcp	day7	1	-0.245	-0.245	0.0957936474842379	shortening	none	no	yes	not	no	no	no	no	D
7011	Rcc1l	day21	1	-0.24	-0.24	0.0238006102009258	shortening	none	no	yes	not	no	no	no	no	D
7024	Bcl7b	day21	1	-0.24	-0.24	0.0732054607122513	shortening	none	no	yes	not	no	no	no	yes	D
7025	Baz1b	day7	1	-0.13	-0.13	0.0964990918949601	shortening	none	no	yes	not	no	no	no	yes	D
7030	Por	day1,day21,day60	3	-0.3	-0.225	0.0252841996758201	shortening	none	no	yes	not	no	no	no	yes	D
7044	Ap1s1	day1,day21,day60	3	-0.245	-0.16	0.0506261897679927	shortening	none	no	yes	not	no	no	no	yes	D
7053	Gnb2	day21	1	-0.18	-0.18	0.0611611583341346	shortening	none	no	no	not	no	no	no	yes	none
7065	Zscan21	day21	1	-0.155	-0.155	0.0874070076055761	shortening	none	no	no	not	no	no	yes	no	none
7070	Cnpy4	day1,day21,day7	3	-0.22	-0.205	0.0470396356209628	shortening	none	no	yes	not	no	no	no	yes	D
7082	Cox19	day7	1	-0.12	-0.12	0.0788296542787767	shortening	none	no	yes	not	no	no	no	no	D
7091	Mrm2	day60	1	-0.23	-0.23	0.0766153236443609	shortening	none	no	yes	not	no	no	no	no	D
7101	Ap5z1	day3	1	-0.125	-0.125	0.0750213797792404	shortening	none	no	yes	not	no	no	no	no	D
7123	Lmtk2	day7	1	-0.22	-0.22	0.09350255796119	shortening	none	no	yes	not	yes	no	yes	yes	D
7129	Smurf1	day3,day60	2	-0.24	0.205	0.0252841996758201	mixed	none	no	yes	not	no	no	no	no	D
7139	Rasl11a	day60	1	-0.12	-0.12	0.0542141984726284	shortening	none	no	yes	not	no	no	no	no	D
7146	Ubl3	day21,day3,day60	3	-0.275	0.205	0.0286257299454269	mixed	none	no	yes	not	no	no	no	no	D
7147	Katnal1	day7	1	0.1	0.1	0.09253001267429302	lengthening	none	no	no		yes	no	no	yes	none
7151	Medag	day21	1	-0.21	-0.21	0.0966702129607497	shortening	none	no	yes	not	no	no	no	no	D
7164	Casd1	day1,day21,day7	3	-0.46	-0.15	0.0239630306716823	shortening	none	no	yes	not	yes	no	no	yes	D
7197	Gcc1	day21,day7	2	-0.175	-0.105	0.0756538774848747	shortening	none	no	yes	not	no	no	no	no	D
7205	Atp6v1f	day60	1	-0.11	-0.11	0.0611893617622076	shortening	none	no	yes	not	no	no	no	yes	D
7211	Ube2h	day1,day3	2	-0.44	-0.405	0.0692593169347379	shortening	none	no	yes	not	no	no	no	yes	D
7212	Klhdc10	day21,day3	2	-0.63	-0.235	0.0530867851678098	shortening	none	no	yes	not	no	no	yes	yes	D
7239	Clec2l	day21	1	-0.165	-0.165	0.0865241477268198	shortening	none	no	yes	not	yes	no	no	yes	D
7261	Cul1	day7	1	-0.145	-0.145	0.0730876176155472	shortening	none	no	yes	not	no	no	no	no	D
7295	Tril	day3	1	0.17	0.17	0.0939528298904118	lengthening	none	no	no		no	no	no	yes	none
7304	Adcyap1r1	day1,day3	2	-0.375	-0.27	0.0252841996758201	shortening	none	no	yes	not	no	no	no	yes	D
7306	Avl9	day1	1	-0.19	-0.19	0.0756998301853692	shortening	none	no	yes	not	no	no	no	yes	D
7315	Nap1l5	day3	1	0.13	0.13	0.0941689294187064	lengthening	none	no	no		no	no	no	yes	none
7319	Snca	day21,day60,day7	3	-0.215	-0.165	0.0294444538576645	shortening	none	no	no	not	no	yes	no	yes	none
7331	Krcc1	day21,day7	2	-0.245	-0.185	0.0626490933455302	shortening	none	no	yes	not	no	no	no	no	D
7335	Reep1	day21,day7	2	-0.25	-0.185	0.0236567468652385	shortening	none	no	yes	not	yes	no	yes	yes	D
7347	Tgoln1	day1	1	-0.21	-0.21	0.0770373301405626	shortening	none	no	yes	not	no	no	yes	yes	D
7357	Pole4	day21	1	-0.155	-0.155	0.0571302751980449	shortening	none	no	yes	not	no	no	no	no	D
7391	Pcyox1	day1,day21,day60,day7	4	-0.29	-0.19	0.0252841996758201	shortening	none	no	yes	not	yes	no	no	no	D
7394	Pcbp1	day21,day60,day7	3	-0.22	-0.185	0.0513541062757265	shortening	none	no	yes	not	no	no	no	no	D
7423	Fbln2	day60	1	-0.17	-0.17	0.0316881295945304	shortening	none	no	yes	not	no	no	no	no	D
7439	Arl6ip5	day60	1	-0.2	-0.2	0.0837322349935115	shortening	none	no	yes	not	no	no	no	no	D
7453	Sumf1	day21,day3	2	-0.215	0.12	0.0297156539487933	mixed	none	no	yes	not	no	no	no	no	D
7469	Prrt3	day60	1	-0.105	-0.105	0.0463741246285026	shortening	none	no	yes	not	yes	no	yes	yes	D
7470	Emc3	day60,day7	2	-0.245	-0.21	0.0463741246285026	shortening	none	no	yes	not	no	no	no	no	D
7471	Brk1	day60,day7	2	-0.17	-0.15	0.0775195185029427	shortening	none	no	yes	not	no	no	no	no	D
7472	Vhl	day7	1	-0.17	-0.17	0.0570255915867509	shortening	none	no	yes	not	no	no	no	no	D
7478	Atg7	day7	1	-0.12	-0.12	0.0801299060002627	shortening	none	no	yes	not	no	no	no	no	D
7493	Depp1	day21	1	-0.15	-0.15	0.0463730500571958	shortening	none	no	yes	not	no	no	no	no	D
7510	Atp6v1e1	day1,day21,day60	3	-0.13	-0.105	0.0313161854071894	shortening	none	no	yes	not	no	no	no	yes	D
7511	Bcl2l13	day7	1	-0.11	-0.11	0.0939528298904118	shortening	none	no	yes	not	no	no	no	yes	D
7512	Bid	day1,day21,day3,day60,day7	5	-0.6	-0.535	0.0234538615374884	shortening	none	no	yes	not	no	no	no	no	D
7533	Phb2	day21,day7	2	-0.14	-0.11	0.0472391201528662	shortening	none	no	yes	not	no	no	no	yes	D
7537	Tpi1	day21,day60	2	-0.16	-0.145	0.0308118195504463	shortening	none	no	yes	not	no	no	no	yes	D
7538	Usp5	day21,day60	2	-0.17	-0.165	0.0638862951964855	shortening	none	no	yes	not	no	no	no	yes	D
7542	Ptms	day21	1	-0.185	-0.185	0.084392366516733	shortening	none	no	yes	not	no	no	yes	yes	D
7543	Mlf2	day1,day7	2	-0.2	-0.145	0.0693997852449479	shortening	none	no	yes	not	no	no	yes	yes	D
7544	Cops7a	day60	1	-0.155	-0.155	0.09350255796119	shortening	none	no	yes	not	no	no	no	yes	D
7546	Ing4	day1,day21,day60,day7	4	-0.39	-0.24	0.0252841996758201	shortening	none	no	yes	not	no	no	yes	no	D
7583	Arhgdib	day60	1	-0.25	-0.25	0.0902963469918923	shortening	none	no	yes	not	no	no	yes	yes	D
7586	Strap	day21,day7	2	-0.28	-0.24	0.0297156539487933	shortening	none	no	yes	not	no	no	no	no	D
7596	Ldhb	day21,day60,day7	3	-0.19	-0.16	0.0296936657026221	shortening	none	no	no	not	no	no	no	yes	none
7603	Etfrf1	day60	1	-0.13	-0.13	0.0865241477268198	shortening	none	no	yes	not	no	no	no	yes	D
7606	Bhlhe41	day7	1	0.16	0.16	0.0730876176155472	lengthening	none	no	no		no	no	no	no	none
7627	Prpf31	day7	1	0.43	0.43	0.0707254389024721	lengthening	none	no	no		no	no	no	no	none
7629	Leng1	day7	1	-0.245	-0.245	0.0352475539019024	shortening	none	no	yes	not	no	no	no	no	D
7686	Arhgap35	day1,day7	2	-0.175	-0.11	0.0364227134860275	shortening	none	no	yes	not	yes	no	no	yes	D
7706	Qpctl	day3	1	-0.145	-0.145	0.0669514931849553	shortening	none	no	yes	not	no	no	no	no	D
7729	Tomm40	day1,day21,day60,day7	4	-0.175	-0.15	0.0313161854071894	shortening	none	no	yes	not	no	no	no	no	D
7751	Dedd2	day1,day21,day7	3	-0.385	-0.205	0.0280266804248984	shortening	none	no	no	not	no	no	no	no	none
7762	Hnrnpul1	day21,day7	2	-0.16	-0.145	0.0657200755145479	shortening	none	no	yes	not	no	no	no	yes	D
7776	Sertad1	day60,day7	2	-0.245	-0.23	0.0248294546630999	shortening	none	no	no	not	no	no	no	no	none
7778	2310022A10Rik	day7	1	-0.555	-0.555	0.0286257299454269	shortening	none	no	yes	not	no	no	no	yes	D
7780	Ttc9b	day21	1	0.1	0.1	0.044551213203285	lengthening	none	no	no		yes	no	yes	no	none
7797	Sirt2	day1,day21,day60,day7	4	-0.23	-0.205	0.0327967166686329	shortening	none	yes	yes	not	no	no	no	yes	D
7813	Zfp260	day7	1	-0.115	-0.115	0.0454572132521025	shortening	none	no	yes	not	no	no	no	yes	D
7821	Aplp1	day1,day21,day7	3	-0.2	-0.165	0.0547255447141797	shortening	none	no	yes	not	yes	no	no	no	D
7823	Arhgap33	day3	1	-0.225	-0.225	0.0253985727455277	shortening	none	no	no	not	yes	no	no	yes	none
7836	Scn1b	day21,day7	2	-0.215	-0.195	0.0252841996758201	shortening	none	no	yes	not	yes	no	yes	yes	D
7841	4931406P16Rik	day60,day7	2	-0.17	-0.13	0.0313161854071894	shortening	none	no	yes	not	no	no	no	no	D
7848	Rhpn2	day21	1	-0.59	-0.59	0.0909360335763326	shortening	none	no	yes	not	no	no	yes	no	D
7854	Tshz3	day60	1	-0.425	-0.425	0.0398720076189732	shortening	none	no	yes	not	yes	no	yes	yes	D
7856	1600014C10Rik	day1,day21,day3,day60,day7	5	-0.565	-0.49	0.0297156539487933	shortening	none	no	yes	not	yes	no	no	no	D
7870	Shank1	day21	1	0.225	0.225	0.0960657072095987	lengthening	none	no	no		yes	no	yes	yes	none
7871	Lrrc4b	day60	1	-0.28	-0.28	0.0804554224137514	shortening	none	no	yes	not	no	no	yes	yes	D
7873	Emc10	day1,day21,day60,day7	4	-0.26	-0.165	0.0234538615374884	shortening	none	no	yes	not	no	no	no	no	D
7880	Akt1s1	day21,day60	2	-0.155	-0.11	0.0479145137783625	shortening	none	no	yes	not	no	no	yes	no	D
7912	Sphk2	day21,day7	2	-0.385	-0.355	0.0436058283027834	shortening	none	no	yes	not	no	no	no	yes	D
7917	Kdelr1	day1,day21,day60	3	-0.23	-0.185	0.07253154013226301	shortening	none	no	yes	not	no	no	yes	yes	D
7929	Tmem86a	day21,day60,day7	3	-0.355	-0.29	0.0395597319351994	shortening	none	no	yes	not	no	no	yes	no	D
7938	Nipa2	day3	1	-0.25	-0.25	0.0902036021163076	shortening	none	no	no	not	no	no	no	yes	none
7941	Gabra5	day60	1	-0.37	-0.37	0.0564843336767166	shortening	none	no	yes	not	yes	no	yes	yes	D
7942	Atp10a	day1	1	-0.235	-0.235	0.0889395758753092	shortening	none	no	yes	not	no	no	no	no	D
7949	Mcee	day60	1	-0.11	-0.11	0.0596868700924546	shortening	none	no	no	not	no	no	yes	no	none
7956	Pcsk6	day1,day60	2	-0.6	-0.38	0.0300778041812339	shortening	none	no	yes	not	no	no	no	no	D
7958	Selenos	day1,day21,day60	3	0.105	0.15	0.0305681846584467	lengthening	none	no	no		no	no	no	no	none
7992	Pde8a	day21,day7	2	-0.53	-0.375	0.0280266804248984	shortening	none	no	yes	not	no	no	yes	yes	D
8040	Lrrc32	day21	1	-0.29	-0.29	0.0565528678608546	shortening	none	no	yes	not	yes	no	no	no	D
8058	Coa4	day1	1	-0.11	-0.11	0.053801957541437996	shortening	none	no	yes	not	no	no	yes	no	D
8073	Anapc15	day3	1	-0.26	-0.26	0.0919389290984055	shortening	none	no	yes	not	no	no	no	no	D
8084	Rhog	day60	1	-0.19	-0.19	0.0912621471395733	shortening	none	no	yes	not	no	no	no	no	D
8105	Taf10	day21,day60	2	-0.235	-0.205	0.0834361496745536	shortening	none	no	yes	not	no	no	no	no	D
8112	Tub	day21	1	-0.265	-0.265	0.0811261343265241	shortening	none	no	yes	not	yes	no	no	yes	D
8114	Denn2b	day1,day21	2	-0.395	-0.29	0.0252841996758201	shortening	none	no	yes	not	no	no	no	no	D
8115	Akip1	day21,day7	2	-0.245	-0.2	0.0554090793763761	shortening	none	no	yes	not	no	no	no	no	D
8168	Ndufab1	day21	1	0.43	0.43	0.0313161854071894	lengthening	none	no	no		no	no	no	yes	none
8184	Tufm	day7	1	-0.13	-0.13	0.0252841996758201	shortening	none	no	no	not	no	no	no	no	none
8206	Gm42742	day60,day7	2	-0.24	-0.19	0.0435458040190959	shortening	none	no	yes	not	no	no	no	no	D
8220	Zfp764	day21,day60,day7	3	-0.525	-0.435	0.0580706961234867	shortening	none	no	no	not	no	no	no	no	none
8246	Itgam	day1,day3	2	0.22	0.22	0.0364625401740738	lengthening	none	no	no		yes	no	yes	yes	none
8254	Bag3	day1,day21,day7	3	-0.535	-0.375	0.039380205743874	shortening	none	no	yes	not	no	no	no	yes	D
8263	Htra1	day21,day60,day7	3	-0.205	-0.15	0.0252841996758201	shortening	none	no	yes	not	no	yes	no	yes	D
8276	Uros	day21,day60,day7	3	-0.255	-0.205	0.0393653664956452	shortening	none	no	yes	not	no	no	no	no	D
8277	Bccip	day21,day60	2	-0.16	-0.145	0.0657200755145479	shortening	none	no	yes	not	no	no	no	no	D
8284	Bnip3	day21	1	-0.22	-0.22	0.09350255796119	shortening	none	no	yes	not	no	no	no	no	D
8310	Tmem80	day60	1	-0.2	-0.2	0.0627848236189323	shortening	none	no	yes	not	no	no	no	no	D
8318	Polr2l	day1,day7	2	0.135	0.15	0.0234538615374884	lengthening	none	no	no		no	no	no	no	none
8321	Ap2a2	day3,day7	2	-0.215	-0.115	0.0721795535387537	shortening	none	no	yes	not	yes	no	yes	no	D
8325	Ctsd	day1,day21,day60	3	-0.175	-0.125	0.039380205743874	shortening	none	no	yes	not	no	no	yes	yes	D
8350	Mcoln1	day1,day21,day60,day7	4	-0.46	-0.335	0.0252841996758201	shortening	none	no	no	not	no	no	yes	no	none
8357	Ctxn1	day21,day60,day7	3	-0.2	-0.18	0.0363482240889742	shortening	none	no	yes	not	no	no	no	yes	D
8359	Elavl1	day21,day60,day7	3	-0.23	-0.22	0.0663147133250689	shortening	none	no	yes	not	no	no	no	no	D
8390	Arhgef10	day60	1	-0.31	-0.31	0.0280266804248984	shortening	none	no	yes	not	no	no	no	yes	D
8394	Vps36	day21	1	0.335	0.335	0.0456346082911931	lengthening	none	no	no		no	no	no	yes	none
8411	Plekha2	day1	1	-0.135	-0.135	0.0252841996758201	shortening	none	no	yes	not	no	no	no	no	D
8416	Bag4	day21,day7	2	-0.335	-0.25	0.0468247561219403	shortening	none	no	yes	not	no	no	no	yes	D
8420	Fnta	day60	1	-0.105	-0.105	0.0297156539487933	shortening	none	no	no	not	no	no	yes	no	none
8440	Leprotl1	day1,day3,day7	3	-0.29	-0.21	0.0379043878403572	shortening	none	no	yes	not	no	no	no	no	D
8446	Mfhas1	day3	1	0.11	0.11	0.0297618511955018	lengthening	none	no	no		no	no	yes	yes	none
8452	Zdhhc2	day21	1	0.255	0.255	0.0998191008319766	lengthening	none	no	no		yes	no	no	no	none
8477	Gpm6a	day1,day7	2	0.12	0.255	0.0252841996758201	lengthening	none	no	no		no	no	yes	yes	none
8480	Sap30	day21,day60	2	-0.2	-0.145	0.0257331153196222	shortening	none	no	no	not	no	no	no	no	none
8485	Clcn3	day1	1	-0.25	-0.25	0.0252996106017374	shortening	none	no	yes	not	no	no	no	yes	D
8492	Cpe	day1,day21,day7	3	-0.17	-0.12	0.0639360345445442	shortening	none	yes	no	not	no	no	yes	no	none
8527	Crtc1	day60	1	0.555	0.555	0.0234538615374884	lengthening	none	no	no		yes	no	yes	yes	none
8537	Lsm4	day21,day60,day7	3	-0.2	-0.14	0.0286329589894486	shortening	none	no	no	not	no	no	yes	yes	none
8538	Jund	day1,day60,day7	3	-0.165	-0.115	0.0375167248519629	shortening	none	no	yes	not	no	no	no	no	D
8548	Nr2f6	day21,day60	2	-0.245	-0.205	0.0740356745390241	shortening	none	no	no	not	no	no	no	no	none
8551	Abhd8	day21	1	-0.115	-0.115	0.0730876176155472	shortening	none	no	yes	not	yes	no	yes	yes	D
8555	Gtpbp3	day60	1	-0.225	-0.225	0.0576488015708972	shortening	none	no	yes	not	no	no	no	yes	D
8560	Slc27a1	day7	1	-0.21	-0.21	0.0849702884918922	shortening	none	no	yes	not	no	yes	no	no	D
8567	Zfp617	day60	1	0.31	0.31	0.0280266804248984	lengthening	none	no	no		no	no	no	no	none
8572	Gm10282	day3	1	0.335	0.335	0.0721876436636217	lengthening	none	no	no		no	no	no	no	none
8575	1700030K09Rik	day60	1	-0.395	-0.395	0.0964990918949601	shortening	none	no	yes	not	no	no	no	no	D
8579	Smim7	day3,day7	2	-0.125	-0.12	0.0749499852639485	shortening	none	no	yes	not	no	no	no	no	D
8584	Tom1	day1,day21,day60,day7	4	-0.245	-0.145	0.0331542380691863	shortening	none	no	yes	not	no	no	yes	no	D
8591	Rbmxl1	day60	1	-0.22	-0.22	0.0545637916154417	shortening	none	no	yes	not	no	no	no	no	D
8595	Abce1	day1,day21,day7	3	-0.38	-0.215	0.0392330063413383	shortening	none	no	yes	not	no	no	no	no	D
8596	Anapc10	day3	1	-0.1	-0.1	0.07253154013226301	shortening	none	no	yes	not	no	no	no	yes	D
8605	Tecr	day60	1	-0.115	-0.115	0.0989652871492647	shortening	none	no	yes	not	no	no	no	yes	D
8625	Dand5	day1,day7	2	-0.225	-0.18	0.0568846480846767	shortening	none	no	yes	not	no	no	no	no	D
8631	Gcdh	day7	1	-0.165	-0.165	0.0472159861263906	shortening	none	no	yes	not	no	no	no	no	D
8637	Trir	day21,day60,day7	3	-0.225	-0.155	0.0252841996758201	shortening	none	no	yes	not	no	no	no	yes	D
8639	Dhps	day21	1	-0.105	-0.105	0.0860752594141915	shortening	none	no	yes	not	no	no	no	no	D
8641	Wdr83os	day1	1	-0.14	-0.14	0.0485605063675369	shortening	none	no	yes	not	no	no	yes	no	D
8648	Itfg1	day7	1	-0.13	-0.13	0.0485605063675369	shortening	none	no	yes	not	yes	no	no	no	D
8651	Zfp423	day60	1	-0.145	-0.145	0.0953067025157193	shortening	none	no	yes	not	no	yes	no	yes	D
8653	Heatr3	day3	1	0.32	0.32	0.0798078327404918	lengthening	none	no	no		no	no	no	no	none
8654	Tent4b	day21	1	-0.22	-0.22	0.0365210091311981	shortening	none	no	yes	not	no	no	no	no	D
8659	Cyld	day21,day3,day60,day7	4	-0.425	-0.31	0.0365096864045536	shortening	none	no	yes	not	yes	no	no	yes	D
8662	Rbl2	day21	1	-0.39	-0.39	0.0297618511955018	shortening	none	no	yes	not	no	no	yes	no	D
8666	Amfr	day21,day7	2	-0.24	-0.225	0.0455704108554433	shortening	none	no	yes	not	no	no	no	yes	D
8681	Ccdc102a	day1,day7	2	-0.165	-0.15	0.0660748463476744	shortening	none	no	yes	not	no	no	no	no	D
8694	Got2	day1,day21,day7	3	-0.215	-0.145	0.0473765857954511	shortening	none	no	yes	not	yes	no	no	yes	D
8701	Cmtm4	day60	1	-0.355	-0.355	0.0980344306579114	shortening	none	no	yes	not	yes	no	yes	yes	D
8702	Dync1li2	day1	1	-0.34	-0.34	0.0953811800894614	shortening	none	no	yes	not	yes	no	no	yes	D
8711	Nol3	day7	1	0.21	0.21	0.0982038853478603	lengthening	none	no	no		no	no	yes	no	none
8719	Atp6v0d1	day21,day7	2	-0.26	-0.24	0.0313161854071894	shortening	none	no	yes	not	no	no	no	yes	D
8722	Acd	day21,day3,day60,day7	4	-0.86	-0.55	0.0234538615374884	shortening	none	no	yes	not	no	no	yes	yes	D
8724	Ranbp10	day1	1	0.145	0.145	0.07253154013226301	lengthening	none	no	no		no	no	no	yes	none
8727	Nutf2	day1,day7	2	-0.185	-0.155	0.0737601528959184	shortening	none	no	yes	not	no	no	no	no	D
8728	Edc4	day1,day21,day7	3	-0.145	-0.12	0.0234538615374884	shortening	none	no	yes	not	yes	no	no	yes	D
8741	Vps4a	day60	1	-0.32	-0.32	0.0545637916154417	shortening	none	no	yes	not	no	no	no	no	D
8742	Pdf	day60	1	-0.11	-0.11	0.04968510093524501	shortening	none	no	yes	not	no	no	no	no	D
8743	Nip7	day1	1	-0.24	-0.24	0.0957936474842379	shortening	none	no	yes	not	no	no	no	no	D
8744	Cyb5b	day7	1	-0.265	-0.265	0.06383624741885599	shortening	none	no	yes	not	no	no	yes	no	D
8752	Zfp821	day60	1	-0.24	-0.24	0.0681197202572442	shortening	none	no	no	not	no	no	yes	no	none
8753	Ap1g1	day1,day3,day7	3	-0.28	-0.225	0.0570255915867509	shortening	none	no	yes	not	no	no	no	no	D
8765	Exosc6	day21,day60	2	-0.195	-0.155	0.0730876176155472	shortening	none	no	yes	not	no	no	no	no	D
8791	Mbtps1	day21,day7	2	-0.255	-0.225	0.0325307133609208	shortening	none	no	no	not	no	no	no	yes	none
8796	Meak7	day7	1	-0.18	-0.18	0.0454572132521025	shortening	none	no	yes	not	no	no	no	no	D
8798	Usp10	day1,day21,day7	3	-0.405	-0.265	0.0252841996758201	shortening	none	no	yes	not	no	no	no	no	D
8804	Gins2	day1,day21,day3,day60,day7	5	-0.9	-0.32	0.0234538615374884	shortening	none	no	yes	not	no	no	no	yes	D
8818	Rnf166	day60,day7	2	-0.23	-0.11	0.0717527673558838	shortening	none	no	yes	not	no	no	no	yes	D
8829	Chmp1a	day1,day21,day60	3	-0.185	-0.105	0.0435980152202841	shortening	none	no	yes	not	no	no	no	yes	D
8836	Afg3l1	day1,day21	2	-0.15	-0.135	0.0280266804248984	shortening	none	no	yes	not	no	no	no	no	D
8853	Egln1	day1,day21,day7	3	-0.31	-0.24	0.0404644199043589	shortening	none	no	yes	not	no	no	no	yes	D
8854	Sipa1l2	day21,day7	2	-0.27	-0.2	0.039380205743874	shortening	none	no	no	not	no	no	no	yes	none
8899	Zfp317	day1	1	0.12	0.12	0.0485861977352239	lengthening	none	no	no		no	no	no	no	none
8910	Icam1	day60	1	-0.125	-0.125	0.0693997852449479	shortening	none	no	yes	not	no	no	no	yes	D
8921	Kri1	day21,day60	2	-0.35	-0.245	0.0234538615374884	shortening	none	no	no	not	no	no	yes	no	none
8926	Tmed1	day1,day21	2	0.16	0.175	0.0690393788054159	lengthening	none	no	no		no	no	no	no	none
8934	Rab3d	day3,day60,day7	3	-0.245	-0.215	0.0252841996758201	shortening	none	no	yes	not	no	no	yes	no	D
8942	Zfp653	day3	1	-0.33	-0.33	0.06032792710641201	shortening	none	no	no	not	no	no	no	no	none
8944	Elof1	day1,day60	2	-0.18	-0.15	0.0406630790206071	shortening	none	no	yes	not	no	no	no	yes	D
8976	Ei24	day7	1	-0.225	-0.225	0.0824281125604807	shortening	none	no	yes	not	no	no	yes	no	D
8997	Gm49380	day1,day21,day60,day7	4	-0.155	-0.11	0.0234538615374884	shortening	none	no	yes	not	no	no	no	no	D
9003	Nlrx1	day21	1	-0.26	-0.26	0.0484810204666559	shortening	none	no	yes	not	no	no	yes	no	D
9031	Rexo2	day60	1	-0.17	-0.17	0.0663147133250689	shortening	none	no	yes	not	no	no	yes	yes	D
9032	Rbm7	day1,day21,day7	3	0.14	0.15	0.0234538615374884	lengthening	none	no	no		no	no	no	no	none
9037	Pts	day60	1	-0.16	-0.16	0.0816734455646231	shortening	none	no	yes	not	no	no	no	no	D
9043	Dlat	day3	1	-0.215	-0.215	0.0828295934989943	shortening	none	no	yes	not	no	no	no	no	D
9044	Dixdc1	day21,day60	2	-0.18	0.3	0.0252841996758201	mixed	none	no	yes	not	yes	no	no	no	D
9058	Cul5	day1,day21	2	-0.47	-0.265	0.0626490933455302	shortening	none	no	yes	not	no	no	no	no	D
9066	Psma4	day1	1	-0.125	-0.125	0.0630827817873956	shortening	none	no	no	not	no	no	no	no	none
9071	Tspan3	day21,day60,day7	3	-0.265	-0.235	0.0337107432149419	shortening	none	no	yes	not	no	no	no	no	D
9072	Hmg20a	day3	1	-0.435	-0.435	0.0756998301853692	shortening	none	no	yes	not	no	no	no	no	D
9087	Mpi	day1	1	-0.205	-0.205	0.0550051091948104	shortening	none	no	no	not	no	no	no	no	none
9109	Pkm	day1,day21,day60,day7	4	-0.22	-0.16	0.064924207824619	shortening	none	no	yes	not	no	no	yes	yes	D
9114	Paqr5	day21	1	-0.11	-0.11	0.0485861977352239	shortening	none	no	yes	not	no	no	no	no	D
9126	Map2k1	day21	1	-0.19	-0.19	0.0303027781175659	shortening	none	no	yes	not	no	no	no	yes	D
9140	Oaz2	day60	1	-0.135	-0.135	0.0680098193223916	shortening	none	no	yes	not	no	no	no	no	D
9145	Snx1	day1,day21,day60,day7	4	-0.21	-0.15	0.0308238105714208	shortening	none	no	yes	not	no	no	no	no	D
9146	Ciao2a	day1,day21	2	-0.135	-0.105	0.0426950911796472	shortening	none	no	yes	not	no	no	no	no	D
9152	Lactb	day1,day60,day7	3	-0.38	-0.275	0.0236567468652385	shortening	none	no	yes	not	no	no	no	no	D
9172	Gm44503	day1,day21,day60,day7	4	0.475	0.475	0.0296936657026221	lengthening	none	no	no		no	no	no	no	none
9178	Arpp19	day7	1	0.255	0.255	0.07353649363764099	lengthening	none	no	no		no	no	no	no	none
9181	Tmod3	day60	1	-0.47	-0.47	0.0972602469915231	shortening	none	no	yes	not	no	no	no	no	D
9189	Elovl5	day21,day7	2	-0.23	-0.2	0.0234538615374884	shortening	none	no	yes	not	no	no	no	no	D
9193	Eef1a1	day21,day60,day7	3	-0.16	-0.14	0.039380205743874	shortening	none	no	no	not	no	no	no	yes	none
9196	Tmem30a	day1,day3,day60	3	-0.33	-0.115	0.0280266804248984	shortening	none	no	yes	not	yes	no	no	yes	D
9199	Myo6	day1	1	-0.15	-0.15	0.0740356745390241	shortening	none	no	yes	not	yes	no	no	no	D
9203	Sh3bgrl2	day1	1	-0.425	-0.425	0.0513541062757265	shortening	none	no	yes	not	no	no	no	no	D
9204	Elovl4	day7	1	-0.175	-0.175	0.0806463702507897	shortening	none	no	yes	not	no	no	no	no	D
9209	Me1	day21,day7	2	0.305	0.365	0.0626490933455302	lengthening	none	no	no		no	no	no	no	none
9242	Faim	day21	1	-0.16	-0.16	0.0565528678608546	shortening	none	no	yes	not	no	no	yes	no	D
9260	Acad11	day1,day21	2	-0.31	-0.3	0.044551213203285	shortening	none	no	yes	not	no	no	no	yes	D
9262	Nudt16	day1	1	-0.1	-0.1	0.0629518984003202	shortening	none	no	yes	not	no	no	yes	yes	D
9277	Rbm15b	day60,day7	2	0.26	0.36	0.0829937028486971	lengthening	none	no	no		no	no	no	yes	none
9299	Gmppb	day1,day21,day3,day60,day7	5	-0.73	-0.5	0.0234538615374884	shortening	none	no	yes	not	no	no	no	yes	D
9344	Pdcd6ip	day21,day60	2	-0.165	-0.145	0.0840653980736435	shortening	none	no	yes	not	no	no	no	no	D
9346	Ubp1	day7	1	-0.26	-0.26	0.0234538615374884	shortening	none	no	yes	not	no	no	no	no	D
9347	Crtap	day1,day21,day60,day7	4	-0.285	-0.205	0.0234538615374884	shortening	none	no	yes	not	no	no	no	no	D
9353	Cmtm8	day7	1	-0.445	-0.445	0.093946391966138	shortening	none	no	yes	not	no	no	no	no	D
9373	Eif1b	day60	1	-0.135	-0.135	0.0801299060002627	shortening	none	no	yes	not	no	no	no	no	D
9387	Tmem42	day1	1	-0.12	-0.12	0.0280266804248984	shortening	none	no	no	not	no	no	no	no	none
9391	Limd1	day21,day7	2	-0.15	-0.14	0.0369887713051014	shortening	none	no	yes	not	no	no	no	no	D
9404	Gpkow	day1	1	-0.13	-0.13	0.0700056574629722	shortening	none	no	yes	not	no	no	no	no	D
9407	Praf2	day60	1	-0.21	-0.21	0.0780258525313366	shortening	none	no	yes	not	no	no	no	yes	D
9414	Timm17b	day7	1	-0.145	-0.145	0.0563447229659681	shortening	none	no	yes	not	no	no	no	no	D
9416	Hdac6	day21	1	-0.21	-0.21	0.0869725138851083	shortening	none	no	no	not	no	no	no	no	none
9417	Suv39h1	day7	1	-0.245	-0.245	0.0364625401740738	shortening	none	no	yes	not	no	no	no	no	D
9423	Slc38a5	day21,day60,day7	3	-0.22	-0.13	0.0819968175829574	shortening	none	no	yes	not	no	no	no	yes	D
9431	Atp6ap2	day21	1	-0.12	-0.12	0.0957936474842379	shortening	none	no	yes	not	yes	no	no	yes	D
9434	Ddx3x	day21,day7	2	-0.17	-0.165	0.0832195494822227	shortening	none	no	yes	not	no	no	no	no	D
9445	Usp11	day21,day3,day7	3	-0.65	-0.41	0.0280266804248984	shortening	none	no	yes	not	yes	no	no	no	D
9456	Slc25a5	day60	1	-0.125	-0.125	0.0769120232961159	shortening	none	no	yes	not	no	no	no	no	D
9457	C330007P06Rik	day3,day7	2	-0.3	-0.215	0.0463741246285026	shortening	none	no	yes	not	no	no	no	yes	D
9476	Hprt	day60	1	-0.165	-0.165	0.0483648686841955	shortening	none	no	yes	not	no	no	no	yes	D
9487	Zic3	day1	1	-0.115	-0.115	0.0769055891476808	shortening	none	no	yes	not	no	no	no	no	D
9504	Bgn	day1,day21,day7	3	-0.27	-0.15	0.0234538615374884	shortening	none	no	yes	not	no	no	no	yes	D
9508	Naa10	day7	1	-0.145	-0.145	0.0767326577128268	shortening	none	no	yes	not	no	no	no	no	D
9517	Gdi1	day21	1	-0.14	-0.14	0.0740356745390241	shortening	none	no	yes	not	no	no	no	yes	D
9521	Ikbkg	day1,day21	2	-0.24	-0.165	0.0749571857802203	shortening	none	no	yes	not	no	no	no	no	D
9524	Fundc2	day3,day7	2	-0.21	-0.18	0.0313161854071894	shortening	none	no	yes	not	no	no	no	no	D
9536	Arx	day21	1	-0.345	-0.345	0.0966841443809109	shortening	none	no	yes	not	no	no	no	no	D
9543	Maged1	day60,day7	2	-0.21	-0.175	0.0252841996758201	shortening	none	no	yes	not	yes	no	yes	yes	D
9544	Zxdb	day21,day3	2	-0.365	-0.27	0.0309292622267823	shortening	none	no	yes	not	no	no	no	no	D
9546	Msn	day21,day3	2	-0.125	0.13	0.0294444538576645	mixed	none	no	yes	not	no	yes	yes	yes	D
9551	Igbp1	day1	1	-0.14	-0.14	0.0739761934047354	shortening	none	no	yes	not	no	no	no	no	D
9560	Nono	day1,day21,day60,day7	4	-0.41	-0.23	0.0239630306716823	shortening	none	no	yes	not	no	no	no	yes	D
9561	Ogt	day60	1	-0.28	-0.28	0.0239630306716823	shortening	none	no	yes	not	no	no	no	yes	D
9578	Taf9b	day3	1	-0.135	-0.135	0.0296936657026221	shortening	none	no	no	not	no	no	no	yes	none
9581	Itm2a	day1,day21,day60	3	-0.18	-0.11	0.0382085944345189	shortening	none	no	yes	not	no	no	no	no	D
9606	Tceal6	day3	1	0.28	0.28	0.0551065216353075	lengthening	none	no	no		no	no	yes	no	none
9613	Bex2	day1	1	-0.13	-0.13	0.0874051039800648	shortening	none	no	no	not	no	no	yes	no	none
9617	Bex1	day21	1	-0.195	-0.195	0.0824529347199512	shortening	none	no	no	not	no	no	no	no	none
9619	Bex3	day60	1	-0.13	-0.13	0.0964733903222735	shortening	none	no	no	not	no	no	no	yes	none
9622	Morf4l2	day1,day7	2	-0.12	-0.12	0.0264590811458976	shortening	none	no	yes	not	no	no	no	no	D
9632	Tsc22d3	day7	1	-0.155	-0.155	0.053525851293527	shortening	none	no	yes	not	no	no	yes	no	D
9647	Fgd1	day3,day7	2	0.19	0.345	0.0252841996758201	lengthening	none	no	no		no	no	no	no	none
9655	Mageh1	day21	1	-0.33	-0.33	0.0875812592709197	shortening	none	no	yes	not	no	no	no	yes	D
9668	Map3k15	day21	1	-0.135	-0.135	0.0313161854071894	shortening	none	no	no	not	no	no	no	no	none
9692	Eif2s3y	day21	1	-0.165	-0.165	0.0550051091948104	shortening	none	no	no	not	no	no	yes	no	none
9693	Ddx3y	day21,day60	2	0.195	0.195	0.0252841996758201	lengthening	none	no	no		no	no	no	no	none
