junction_start0	junction_end0	both_ends_in_UTR	total	day3_rep1_main	day3_rep2_main	day7_rep1_main	day7_rep2_main	sham1_main	sham2_main	day3_rep1_dedup	day3_rep2_dedup	day7_rep1_dedup	day7_rep2_dedup	sham1_dedup	sham2_dedup
122413822	122493643	no	2	2	0	0	0	0	0	2	0	0	0	0	0
122453949	122461706	no	2	0	0	0	0	0	2	0	0	0	0	0	2
122454056	122461608	no	1	0	0	0	0	0	1	0	0	0	0	0	1
122454179	122501957	no	3	0	3	0	0	0	0	0	3	0	0	0	0
122454268	122457302	no	3	0	0	0	0	0	3	0	0	0	0	0	3
122454303	122455892	yes	2	0	0	0	0	0	2	0	0	0	0	0	2
122454304	122455892	yes	256	4	11	2	7	96	136	4	11	2	7	96	136
122454304	122457295	no	1	0	0	1	0	0	0	0	0	1	0	0	0
122454304	122457302	no	78	14	10	8	15	13	18	14	10	8	15	13	18
122454644	122491728	no	1	0	0	0	0	1	0	0	0	0	0	1	0
122454773	122454852	yes	2	0	2	0	0	0	0	0	2	0	0	0	0
122454962	122458090	no	1	0	0	0	0	0	1	0	0	0	0	0	1
122455970	122457302	no	2	0	0	0	0	0	2	0	0	0	0	0	2
122455975	122457302	no	8	4	0	1	0	1	2	4	0	1	0	1	2
122456497	122501621	no	3	0	0	0	3	0	0	0	0	0	3	0	0
122456591	122457551	no	1	0	1	0	0	0	0	0	1	0	0	0	0
122456593	122457593	no	2	0	0	0	2	0	0	0	0	0	2	0	0
122457216	122457262	no	3	0	0	0	3	0	0	0	0	0	3	0	0
122457374	122457603	no	1	0	0	0	0	0	1	0	0	0	0	0	1
122457414	122457511	no	2	0	0	0	0	0	2	0	0	0	0	0	2
122457417	122457538	no	2	0	0	2	0	0	0	0	0	2	0	0	0
122457425	122457512	no	3	3	0	0	0	0	0	3	0	0	0	0	0
122457426	122457511	no	2475	298	301	602	751	169	354	298	301	602	751	169	354
122457569	122491760	no	1	0	0	0	0	0	1	0	0	0	0	0	1
122457613	122458087	no	1	0	0	1	0	0	0	0	0	1	0	0	0
122457629	122458087	no	2277	257	237	551	742	167	323	257	237	551	742	167	323
122457629	122458447	no	11	9	0	0	2	0	0	9	0	0	2	0	0
122458221	122458447	no	1312	134	164	302	444	107	161	134	164	302	444	107	161
122458464	122715197	no	1	0	0	0	0	1	0	0	0	0	0	1	0
122458533	122459447	no	7	6	0	0	1	0	0	6	0	0	1	0	0
122461784	122461862	no	1	0	0	0	0	0	1	0	0	0	0	0	1
122491785	122500730	no	2	0	0	0	0	1	1	0	0	0	0	1	1
