motif_id	motif_alt_id	sequence_name	start	stop	strand	score	p-value	q-value	matched_sequence
QKI_104		peak42_Mbp	13	24	+	23.2143	6.85e-08	0.000153	ACACACTAACCT
TARDBP_1283		peak7_Gm27882|Miat	25	36	+	17.156	8.89e-07	0.00207	TGTGTGTGTCTG
TARDBP_178		peak7_Gm27882|Miat	25	36	+	17.156	8.89e-07	0.00207	TGTGTGTGTCTG
TARDBP_1280		peak7_Gm27882|Miat	25	36	+	17.156	8.89e-07	0.00207	TGTGTGTGTCTG
TARDBP_144		peak7_Gm27882|Miat	25	36	+	17.156	8.89e-07	0.00206	TGTGTGTGTCTG
PTBP1_25		peak7_Gm27882|Miat	7	15	+	17.7714	3.32e-06	0.00764	CTTCTCTCT
PTBP1_1024		peak7_Gm27882|Miat	7	15	+	17.7714	3.32e-06	0.00758	CTTCTCTCT
PTBP1_1009		peak7_Gm27882|Miat	7	15	+	17.7714	3.32e-06	0.00764	CTTCTCTCT
SRSF1_1338		peak0_Miat	7	18	+	10.8511	5.45e-06	0.0101	GGAGAGAGGGGT
PTBP1_1011		peak7_Gm27882|Miat	6	16	+	14.9429	5.76e-06	0.0132	TCTTCTCTCTA
PTBP1_1314		peak34_Gm27998|Miat	26	34	+	12.2857	7.76e-06	0.0161	GCCTCCCCC
HNRNPA2B1_706		peak10_Gm27627|Miat	39	49	+	9.73571	7.82e-06	0.017	GGCCAGGGGCC
PTBP1_995		peak8_Qk	3	14	+	10.6286	8.08e-06	0.0181	TTTTCTTTCCCC
SRSF1_1338		peak3_Miat	17	28	+	10.7872	8.63e-06	0.0101	GGAGAGAGGGCA
PTBP1_996		peak22_Gm27998|Miat	19	26	+	16.1786	1.03e-05	0.0233	CCTTTCCC
TARDBP_1282		peak7_Gm27882|Miat	25	34	+	13.2199	1.22e-05	0.015	TGTGTGTGTC
TARDBP_1282		peak7_Gm27882|Miat	27	36	+	13.2199	1.22e-05	0.015	TGTGTGTCTG
TARDBP_1281		peak7_Gm27882|Miat	25	32	+	15.7447	1.4e-05	0.0359	TGTGTGTG
SRSF1_1231		peak14_C77370	14	21	+	15.7305	1.41e-05	0.0358	GAGGAGGA
PTBP1_1368		peak55_Sparc	27	34	+	15.65	1.49e-05	0.0354	TTTTTCCC
PTBP1_71		peak7_Gm27882|Miat	6	13	+	15.65	1.49e-05	0.0361	TCTTCTCT
PTBP1_1023		peak7_Gm27882|Miat	6	13	+	15.65	1.49e-05	0.0361	TCTTCTCT
QKI_104		peak52_Gm27627|Miat	24	35	+	10.3143	1.71e-05	0.0192	ATCCACTAACCT
PTBP1_1314		peak22_Gm27998|Miat	28	36	+	12.2	1.99e-05	0.0207	GGCTGCCCC
PTBP1_994		peak21_Mbp	4	12	+	11.4571	2.07e-05	0.0376	CTCCATCCT
HNRNPA1_43		peak17_Mbp	20	31	+	10.305	2.58e-05	0.061	TTAGCTTTAGGG
ZFP36_M269_0.6		peak25_Gnas	16	26	+	10.7305	2.91e-05	0.0716	AAAACAGAAAG
PTBP1_994		peak21_Mbp	39	47	+	11.4143	3.27e-05	0.0376	CTCCAGCTT
NOVA2_M325_0.6		peak57_Gm27998|Miat	20	35	+	11.0929	3.63e-05	0.0749	GGGGTGATTTCATGCC
MBNL1_1124		peak1_Gm27627|Miat	29	37	+	11.9143	3.78e-05	0.0789	CGCTGTGGC
SRSF1_1353		peak36_Gm27627|Miat	20	28	+	11.0142	4.39e-05	0.112	GAAAGGGGA
PTBP1_995		peak55_Sparc	24	35	+	4.55	4.84e-05	0.0543	GGCTTTTTCCCC
HNRNPA2B1_703		peak3_Miat	3	13	+	8.82857	4.96e-05	0.0908	GCAGAGAAGCC
SRSF1_1388		peak14_C77370	10	16	+	13.9504	4.99e-05	0.128	GAGGGAG
SRSF1_M154_0.6		peak14_C77370	13	19	+	11.4965	4.99e-05	0.129	GGAGGAG
SRSF1_M104_0.6		peak14_C77370	13	19	+	11.234	4.99e-05	0.0796	GGAGGAG
SRSF1_1233		peak14_C77370	13	19	+	13.9504	4.99e-05	0.128	GGAGGAG
MBNL1_M320_0.6		peak27_Miat	20	27	+	11.6939	5.28e-05	0.13	CCTGCTGC
PTBP1_1314		peak16_Sirt2	16	24	+	11.9357	5.28e-05	0.0366	GGCTACCCC
NOVA2_492		peak6_Qk	33	39	+	13.8571	5.32e-05	0.131	GATCACC
PTBP1_1002		peak37_Gm27882|Miat	27	34	+	9.67857	5.36e-05	0.0618	CCCTCCTT
PTBP1_1002		peak45_Sirt2	33	40	+	9.67857	5.36e-05	0.0618	CCTTCCCT
SRSF1_1351		peak14_C77370	14	22	+	7.3211	5.63e-05	0.135	GAGGAGGAT
SRSF1_1235		peak53_Cnp	30	36	+	13.7714	5.65e-05	0.148	CAGAGGT
NOVA2_s29		peak33_Slc8a1	44	50	+	12.4016	5.65e-05	0.149	GAGGCAT
SRSF1_1224		peak11_Mbp	22	28	+	13.7357	5.78e-05	0.148	CAGACAG
HNRNPA1_692		peak53_Cnp	2	8	+	13.6525	6.14e-05	0.162	GAGGAAG
SRSF1_1234		peak14_C77370	15	21	+	13.6525	6.14e-05	0.161	AGGAGGA
SRSF1_1226		peak35_Miat	19	30	+	4.47143	6.29e-05	0.0983	AGAGGCTGGCCA
PTBP1_994		peak48_Mbp	11	19	+	11.15	6.52e-05	0.05	CTGCATCTT
TARDBP_1283		peak7_Gm27882|Miat	23	34	+	4.4539	6.55e-05	0.0764	CCTGTGTGTGTC
TARDBP_178		peak7_Gm27882|Miat	23	34	+	4.4539	6.55e-05	0.0764	CCTGTGTGTGTC
TARDBP_1280		peak7_Gm27882|Miat	23	34	+	4.4539	6.55e-05	0.0764	CCTGTGTGTGTC
TARDBP_144		peak7_Gm27882|Miat	23	34	+	4.4539	6.55e-05	0.0757	CCTGTGTGTGTC
SRSF1_1390		peak53_Cnp	2	10	+	10.8156	6.7e-05	0.17	GAGGAAGAT
SRSF1_1213		peak53_Cnp	2	10	+	10.8156	6.7e-05	0.17	GAGGAAGAT
PTBP1_1382		peak12_Miat	5	11	+	13.5286	6.73e-05	0.087	TTTCTCT
PTBP1_1382		peak9_Gm27882|Miat	23	29	+	13.5286	6.73e-05	0.087	TTTCTCT
PTBP1_1341		peak9_Gm27882|Miat	27	33	+	13.5286	6.73e-05	0.172	TCTTCTT
PTBP1_s80		peak9_Gm27882|Miat	27	33	+	13.5286	6.73e-05	0.17	TCTTCTT
PTBP1_1014		peak9_Gm27882|Miat	27	33	+	13.5286	6.73e-05	0.17	TCTTCTT
TARDBP_1282		peak7_Gm27882|Miat	23	32	+	6.97872	6.87e-05	0.0561	CCTGTGTGTG
SRSF1_1319		peak14_C77370	14	22	+	11.1135	6.91e-05	0.163	GAGGAGGAT
SRSF1_s49		peak10_Gm27627|Miat	7	13	+	7.9898	7.07e-05	0.16	CCCCGCA
SRSF1_1310		peak16_Sirt2	7	13	+	13.4357	7.11e-05	0.185	CAGACAA
SRSF1_1324		peak16_Sirt2	7	13	+	13.4357	7.11e-05	0.185	CAGACAA
SRSF1_1228		peak16_Sirt2	7	13	+	13.4357	7.11e-05	0.185	CAGACAA
SRSF1_1240		peak6_Qk	28	34	+	13.4357	7.11e-05	0.185	AACACGA
HNRNPA1_1346		peak53_Cnp	24	33	+	6.79286	7.19e-05	0.178	CTGGACCAGA
HNRNPA1_649		peak53_Cnp	24	33	+	6.79286	7.19e-05	0.178	CTGGACCAGA
HNRNPA1_640		peak53_Cnp	24	33	+	6.79286	7.19e-05	0.179	CTGGACCAGA
HNRNPA2B1_697		peak53_Cnp	24	33	+	6.79286	7.19e-05	0.179	CTGGACCAGA
HNRNPA1_647		peak53_Cnp	24	33	+	6.79286	7.19e-05	0.179	CTGGACCAGA
PTBP1_1012		peak59_Miat	5	15	+	8.4	7.26e-05	0.169	TTCTCTGATCT
PTBP1_1013		peak59_Miat	5	15	+	8.4	7.26e-05	0.169	TTCTCTGATCT
PTBP1_1368		peak8_Qk	6	13	+	9.41429	7.7e-05	0.0608	TCTTTCCC
PTBP1_1368		peak55_Sparc	28	35	+	9.41429	7.7e-05	0.0608	TTTTCCCC
HNRNPA1_693		peak33_Slc8a1	40	49	+	6.67143	7.78e-05	0.192	CAGAGAGGCA
PTBP1_s100		peak8_Qk	4	10	+	9.75	8.1e-05	0.206	TTTCTTT
PTBP1_991		peak8_Qk	4	10	+	13.2643	8.1e-05	0.181	TTTCTTT
SRSF1_1231		peak29_Miat	30	37	+	9.53191	8.15e-05	0.104	GGGGAGGA
HNRNPA2B1_703		peak45_Sirt2	21	31	+	8.48571	8.16e-05	0.0908	GGCAAGAAGCA
QKI_M046_0.6		peak49_Slc8a1	2	8	+	11.4143	8.31e-05	0.0441	ACTAACA
QKI_M046_0.6		peak19_Slc8a1	3	9	+	11.4143	8.31e-05	0.0441	ACTAACA
QKI_M046_0.6		peak41_Gfap	12	18	+	11.4143	8.31e-05	0.0441	ACTAACA
QKI_M046_0.6		peak8_Qk	36	42	+	11.4143	8.31e-05	0.0441	ACTAACA
ELAVL1_M112_0.6		peak11_Mbp	2	8	+	10.9595	8.35e-05	0.225	TTTGTTT
ELAVL1_M108_0.6		peak11_Mbp	2	8	+	11.3082	8.35e-05	0.225	TTTGTTT
SRSF1_1226		peak36_Gm27627|Miat	23	34	+	4.38571	8.36e-05	0.0983	AGGGGAAGGCTG
SRSF1_325		peak46_Mbp	33	39	+	9.28571	8.58e-05	0.157	TGGTGGC
SRSF1_s50		peak36_Gm27627|Miat	8	14	+	8.9798	8.77e-05	0.227	CGGAGGG
KHDRBS1_M060_0.6		peak53_Cnp	42	48	+	11.2055	8.83e-05	0.238	TAAAAGG
SRSF1_1338		peak14_C77370	30	41	+	4.35461	8.88e-05	0.0692	TGGGAGAAGGGG
HNRNPA1_1306		peak14_C77370	10	19	+	6.92199	8.95e-05	0.168	GAGGGAGGAG
SRSF1_1336		peak14_C77370	10	19	+	6.92199	8.95e-05	0.168	GAGGGAGGAG
SRSF1_M104_0.6		peak36_Gm27627|Miat	9	15	+	10.9362	9.04e-05	0.0796	GGAGGGG
SRSF1_M104_0.6		peak41_Gfap	45	51	+	10.9362	9.04e-05	0.0796	GGAGGGG
HNRNPA2B1_706		peak4_Mbp	39	49	+	3.29286	9.05e-05	0.063	GCGGTGGGGCC
HNRNPA2B1_707		peak4_Mbp	39	49	+	3.29286	9.42e-05	0.133	GCGGTGGGGCC
PTBP1_1002		peak22_Gm27998|Miat	15	22	+	9.63571	9.61e-05	0.0738	CCTGCCTT
HNRNPA1_52		peak10_Gm27627|Miat	39	49	+	3.23571	9.86e-05	0.122	GGCCAGGGGCC
HNRNPA2B1_125		peak10_Gm27627|Miat	39	49	+	3.23571	9.86e-05	0.122	GGCCAGGGGCC
HNRNPA2B1_708		peak10_Gm27627|Miat	39	49	+	3.23571	9.86e-05	0.122	GGCCAGGGGCC
HNRNPA1_183		peak10_Gm27627|Miat	39	49	+	3.23571	9.86e-05	0.122	GGCCAGGGGCC
HNRNPA2B1_705		peak10_Gm27627|Miat	39	49	+	3.23571	9.86e-05	0.122	GGCCAGGGGCC
ELAVL1_M031_0.6		peak44_Etl4	17	23	+	11.1102	0.000103	0.276	TTATTTT
SRSF1_1351		peak53_Cnp	2	10	+	7.01835	0.000107	0.135	GAGGAAGAT
KHDRBS1_M160_0.6		peak53_Cnp	41	47	+	10.931	0.000109	0.293	ATAAAAG
HNRNPA1_52		peak4_Mbp	22	32	+	3.07857	0.000111	0.122	CCCGTGGAGCC
HNRNPA2B1_125		peak4_Mbp	22	32	+	3.07857	0.000111	0.122	CCCGTGGAGCC
HNRNPA2B1_708		peak4_Mbp	22	32	+	3.07857	0.000111	0.122	CCCGTGGAGCC
HNRNPA1_183		peak4_Mbp	22	32	+	3.07857	0.000111	0.122	CCCGTGGAGCC
HNRNPA2B1_705		peak4_Mbp	22	32	+	3.07857	0.000111	0.122	CCCGTGGAGCC
HNRNPA2B1_704		peak23_Mbp	3	13	+	3.06429	0.000114	0.257	CCCACGGCACC
PTBP1_1381		peak37_Gm27882|Miat	22	31	+	7.33571	0.000115	0.125	CTGGTCCCTC
HNRNPA2B1_706		peak20_Miat	41	51	+	3.09286	0.000115	0.063	GCCTGGGGGCT
HNRNPA2B1_707		peak10_Gm27627|Miat	9	19	+	3.02143	0.000119	0.133	CCGCAGCAGCC
SRSF1_1327		peak38_Plp1	26	34	+	10.6028	0.000121	0.308	TGATAGAGA
HNRNPA2B1_706		peak22_Gm27998|Miat	33	43	+	3.07857	0.000124	0.063	CCCCAGGGGCT
SRSF1_1214		peak33_Slc8a1	37	46	+	6.67143	0.000124	0.172	AGCCAGAGAG
SRSF1_1383		peak35_Miat	16	23	+	9.23404	0.000128	0.167	GGAAGAGG
SRSF1_1383		peak14_C77370	31	38	+	9.23404	0.000128	0.167	GGGAGAAG
SRSF1_1233		peak29_Miat	3	9	+	7.78723	0.000128	0.135	GGCGGAG
SRSF1_325		peak4_Mbp	26	32	+	9.2551	0.00013	0.157	TGGAGCC
SRSF1_1319		peak29_Miat	4	12	+	5.24823	0.000132	0.163	GCGGAGGTG
TARDBP_1283		peak7_Gm27882|Miat	27	38	+	4.21986	0.000134	0.104	TGTGTGTCTGCT
TARDBP_178		peak7_Gm27882|Miat	27	38	+	4.21986	0.000134	0.104	TGTGTGTCTGCT
TARDBP_1280		peak7_Gm27882|Miat	27	38	+	4.21986	0.000134	0.104	TGTGTGTCTGCT
TARDBP_144		peak7_Gm27882|Miat	27	38	+	4.21986	0.000134	0.103	TGTGTGTCTGCT
HNRNPA1_659		peak43_Miat	4	13	+	7.00714	0.000135	0.262	GAGGACAGGC
NOVA1_440		peak5_Mbp	17	23	+	7.7	0.000137	0.285	CCGTCAC
SRSF1_126		peak10_Gm27627|Miat	7	13	+	9.7551	0.000138	0.332	CCCCGCA
SRSF1_1230		peak36_Gm27627|Miat	21	30	+	6.29787	0.00014	0.352	AAAGGGGAAG
HNRNPA1_685		peak31_Mbp	27	33	+	12.4762	0.000141	0.381	AAAAAAA
FUS_1058		peak31_Mbp	27	33	+	12.4762	0.000141	0.381	AAAAAAA
SRSF1_1214		peak47_Qk	25	34	+	6.57143	0.000142	0.172	AGTCAGTGAC
ZFP36_155		peak37_Gm27882|Miat	27	32	+	7.55102	0.000144	0.0742	CCCTCC
ZFP36_155		peak31_Mbp	34	39	+	7.55102	0.000144	0.0742	CCCTCC
ZFP36_155		peak21_Mbp	37	42	+	7.55102	0.000144	0.0742	CCCTCC
HNRNPA2B1_706		peak10_Gm27627|Miat	40	50	+	3.03571	0.000145	0.063	GCCAGGGGCCT
SRSF1_1235		peak30_nan	43	49	+	7.61429	0.000146	0.187	CAGCGGT
PTBP1_1314		peak27_Miat	40	48	+	5.7	0.000146	0.0673	GGCCACCCC
QKI_104		peak49_Slc8a1	10	21	+	4.00714	0.000148	0.11	GCAAACTAGCCT
PTBP1_996		peak54_Plp1	38	45	+	9.63571	0.000148	0.103	CCTTTGCC
PTBP1_996		peak42_Mbp	39	46	+	9.63571	0.000148	0.103	CCATTCCC
NOVA1_1378		peak24_Slc8a1	22	29	+	9.25714	0.000148	0.269	TCACTCAC
QKI_M046_0.6		peak1_Gm27627|Miat	2	8	+	11.3286	0.000149	0.0441	ACTAACC
QKI_M046_0.6		peak10_Gm27627|Miat	2	8	+	11.3286	0.000149	0.0441	ACTAACC
QKI_M046_0.6		peak42_Mbp	17	23	+	11.3286	0.000149	0.0441	ACTAACC
QKI_M046_0.6		peak52_Gm27627|Miat	28	34	+	11.3286	0.000149	0.0441	ACTAACC
QKI_M046_0.6		peak9_Gm27882|Miat	34	40	+	11.3286	0.000149	0.0441	ACTAACC
ZFP36_M350_0.6		peak55_Sparc	2	10	+	10.0828	0.000151	0.388	TTATTTCAT
PTBP1_1381		peak21_Mbp	4	13	+	7.13571	0.000155	0.125	CTCCATCCTC
ELAVL1_M127_0.6		peak11_Mbp	2	8	+	10.0414	0.000155	0.218	TTTGTTT
SRSF1_1338		peak13_Slc8a1	34	45	+	4.0922	0.000157	0.0918	CTAGAGAAGGGG
SRSF1_M102_0.6		peak14_C77370	13	19	+	10.1064	0.00016	0.193	GGAGGAG
SRSF1_M103_0.6		peak14_C77370	13	19	+	10.6383	0.00016	0.153	GGAGGAG
HNRNPA1_1306		peak5_Mbp	31	40	+	6.73759	0.000162	0.168	AAGGCAGGTG
SRSF1_1336		peak5_Mbp	31	40	+	6.73759	0.000162	0.168	AAGGCAGGTG
TARDBP_1281		peak7_Gm27882|Miat	27	34	+	9.28369	0.000163	0.139	TGTGTGTC
TARDBP_1281		peak7_Gm27882|Miat	29	36	+	9.28369	0.000163	0.139	TGTGTCTG
HNRNPA1_687		peak14_C77370	37	46	+	6.52143	0.000163	0.299	AGGGGACTTA
FUS_s31		peak14_C77370	4	9	+	9.74312	0.000168	0.227	GGGTGG
FUS_s31		peak14_C77370	27	32	+	9.74312	0.000168	0.227	GGGTGG
PTBP1_100		peak7_Gm27882|Miat	6	15	+	6.65	0.000171	0.223	TCTTCTCTCT
ELAVL1_M108_0.6		peak26_Plp1	27	33	+	9.70548	0.000172	0.231	TTAGTTT
NOVA1_s94		peak38_Plp1	15	26	+	3.78571	0.000172	0.144	TCCTTCATTTCT
NOVA1_s94		peak32_Slc8a1	19	30	+	3.78571	0.000172	0.144	GGATTCACTCAT
SRSF1_325		peak19_Slc8a1	26	32	+	9.21429	0.000176	0.157	TGGAGGC
HNRNPA2B1_703		peak1_Gm27627|Miat	22	32	+	2.73571	0.000177	0.131	GCCAGGACGCT
TARDBP_1278		peak7_Gm27882|Miat	42	48	+	7.69286	0.000178	0.376	GCTGTGC
NOVA1_s94		peak38_Plp1	11	22	+	3.74286	0.000185	0.144	TGTTTCCTTCAT
HNRNPA2B1_707		peak29_Miat	4	14	+	2.75	0.000191	0.142	GCGGAGGTGCT
SRSF1_1225		peak53_Cnp	2	9	+	8.93617	0.000192	0.497	GAGGAAGA
PTBP1_100		peak9_Gm27882|Miat	22	31	+	6.60714	0.000193	0.223	GTTTCTCTTC
SRSF1_1383		peak25_Gnas	30	37	+	9.03546	0.000194	0.168	GGATGAAG
PTBP1_1314		peak23_Mbp	8	16	+	5.65714	0.000194	0.0673	GGCACCCCG
PTBP1_1314		peak1_Gm27627|Miat	16	24	+	5.65714	0.000194	0.0673	GGCTCGGCC
SRSF1_1224		peak34_Gm27998|Miat	20	26	+	7.57857	0.000194	0.165	CAGCCAG
SRSF1_1224		peak49_Slc8a1	25	31	+	7.57857	0.000194	0.165	CAGCCAG
QKI_104		peak24_Slc8a1	24	35	+	3.87143	0.000196	0.11	ACTCACTGACTT
PTBP1_105		peak58_Gpm6b	4	11	+	9.37143	0.0002	0.299	TCCACTTC
PTBP1_1022		peak58_Gpm6b	4	11	+	9.37143	0.0002	0.299	TCCACTTC
SRSF1_1345		peak20_Miat	32	38	+	7.53571	0.0002	0.522	GAAGGCC
SRSF1_M104_0.6		peak14_C77370	9	15	+	10.6099	0.000202	0.133	GGAGGGA
HNRNPA1_693		peak36_Gm27627|Miat	20	29	+	6.28571	0.000202	0.249	GAAAGGGGAA
MBNL1_1124		peak4_Mbp	40	48	+	5.57143	0.000203	0.144	CGGTGGGGC
SRSF1_1367		peak46_Mbp	21	27	+	7.48936	0.000207	0.189	GCAGGAG
PTBP1_1359		peak7_Gm27882|Miat	10	15	+	11.9357	0.000209	0.263	CTCTCT
PTBP1_1359		peak4_Mbp	12	17	+	11.9357	0.000209	0.263	CTCTCT
PTBP2_1370		peak7_Gm27882|Miat	10	15	+	11.9357	0.000209	0.266	CTCTCT
PTBP2_1370		peak4_Mbp	12	17	+	11.9357	0.000209	0.266	CTCTCT
PTBP1_380		peak7_Gm27882|Miat	10	15	+	11.9357	0.000209	0.263	CTCTCT
PTBP1_380		peak4_Mbp	12	17	+	11.9357	0.000209	0.263	CTCTCT
PTBP1_1025		peak7_Gm27882|Miat	10	15	+	11.9357	0.000209	0.263	CTCTCT
PTBP1_1025		peak4_Mbp	12	17	+	11.9357	0.000209	0.263	CTCTCT
PTBP1_133		peak7_Gm27882|Miat	10	15	+	11.9357	0.000209	0.263	CTCTCT
PTBP1_133		peak4_Mbp	12	17	+	11.9357	0.000209	0.263	CTCTCT
PTBP1_1006		peak7_Gm27882|Miat	10	15	+	11.9357	0.000209	0.263	CTCTCT
PTBP1_1006		peak4_Mbp	12	17	+	11.9357	0.000209	0.263	CTCTCT
PTBP1_992		peak12_Miat	7	12	+	11.9357	0.000209	0.264	TCTCTC
PTBP1_992		peak7_Gm27882|Miat	9	14	+	11.9357	0.000209	0.264	TCTCTC
PTBP1_1008		peak7_Gm27882|Miat	10	15	+	11.9357	0.000209	0.263	CTCTCT
PTBP1_1008		peak4_Mbp	12	17	+	11.9357	0.000209	0.263	CTCTCT
PTBP1_1004		peak7_Gm27882|Miat	10	15	+	11.9357	0.000209	0.263	CTCTCT
PTBP1_1004		peak4_Mbp	12	17	+	11.9357	0.000209	0.263	CTCTCT
PTBP1_s12		peak9_Gm27882|Miat	26	31	+	9.74312	0.000209	0.503	CTCTTC
PTBP2_1134		peak7_Gm27882|Miat	10	15	+	11.9357	0.000209	0.263	CTCTCT
PTBP2_1134		peak4_Mbp	12	17	+	11.9357	0.000209	0.263	CTCTCT
SRSF1_1388		peak36_Gm27627|Miat	10	16	+	7.75177	0.000209	0.196	GAGGGGG
SRSF1_1233		peak36_Gm27627|Miat	9	15	+	7.75177	0.000209	0.135	GGAGGGG
SRSF1_1233		peak41_Gfap	45	51	+	7.75177	0.000209	0.135	GGAGGGG
PTBP1_996		peak8_Qk	6	13	+	9.43571	0.00021	0.103	TCTTTCCC
HNRNPA1_641		peak0_Miat	4	9	+	11.9143	0.000211	0.262	CAGGGA
HNRNPA1_641		peak31_Mbp	9	14	+	11.9143	0.000211	0.262	CAGGGA
PTBP1_1012		peak23_Mbp	34	44	+	2.42857	0.000213	0.222	GTCCCTTTTCG
PTBP1_1013		peak23_Mbp	34	44	+	2.42857	0.000213	0.222	GTCCCTTTTCG
ZFP36_M269_0.6		peak49_Slc8a1	5	15	+	8.66667	0.000216	0.266	AACAAGCAAAC
QKI_M046_0.6		peak27_Miat	34	40	+	10.4714	0.000216	0.0578	ACTAACG
SRSF1_M102_0.6		peak14_C77370	16	22	+	9.78014	0.000218	0.193	GGAGGAT
SRSF1_M102_0.6		peak29_Miat	32	38	+	9.78014	0.000218	0.193	GGAGGAT
HNRNPA1_648		peak35_Miat	1	6	+	11.8723	0.000218	0.194	GAGGAG
HNRNPA1_648		peak14_C77370	14	19	+	11.8723	0.000218	0.194	GAGGAG
HNRNPA1_648		peak3_Miat	15	20	+	11.8723	0.000218	0.194	GAGGAG
SRSF1_M103_0.6		peak14_C77370	16	22	+	10.3688	0.000218	0.153	GGAGGAT
SRSF1_M103_0.6		peak29_Miat	32	38	+	10.3688	0.000218	0.153	GGAGGAT
HNRNPA1_663		peak14_C77370	13	18	+	11.8723	0.000218	0.194	GGAGGA
HNRNPA1_663		peak14_C77370	16	21	+	11.8723	0.000218	0.194	GGAGGA
HNRNPA1_663		peak29_Miat	32	37	+	11.8723	0.000218	0.194	GGAGGA
PTBP1_995		peak8_Qk	2	13	+	3.88571	0.00022	0.127	TTTTTCTTTCCC
MBNL1_1123		peak55_Sparc	24	29	+	11.85	0.000222	0.504	GGCTTT
NOVA1_1378		peak47_Qk	27	34	+	9.17143	0.000222	0.269	TCAGTGAC
SRSF1_1353		peak0_Miat	3	11	+	4.85106	0.000225	0.287	GCAGGGAGA
MBNL1_1124		peak27_Miat	19	27	+	5.5	0.000228	0.144	CCCTGCTGC
TARDBP_1279		peak7_Gm27882|Miat	25	30	+	11.8085	0.000229	0.305	TGTGTG
TARDBP_1279		peak7_Gm27882|Miat	27	32	+	11.8085	0.000229	0.305	TGTGTG
NOVA2_s28		peak6_Qk	34	39	+	10.422	0.000232	0.278	ATCACC
NOVA1_s27		peak6_Qk	34	39	+	10.422	0.000232	0.278	ATCACC
SRSF1_1219		peak32_Slc8a1	19	24	+	11.7714	0.000234	0.539	GGATTC
SRSF1_1319		peak41_Gfap	43	51	+	5.14894	0.000237	0.175	CAGGAGGGG
SRSF1_1235		peak29_Miat	5	11	+	7.57143	0.000237	0.187	CGGAGGT
MBNL1_M037_0.6		peak29_Miat	16	22	+	8.85315	0.000238	0.616	AGCTTGG
SRSF1_1335		peak45_Sirt2	17	23	+	7.92143	0.000239	0.439	CCCAGGC
HNRNPA1_687		peak47_Qk	28	37	+	6.32857	0.000239	0.299	CAGTGACTTA
SRSF1_1216		peak37_Gm27882|Miat	36	42	+	7.2695	0.000241	0.56	TGGCAAG
PTBP1_1003		peak4_Mbp	11	17	+	7.55714	0.000242	0.292	CCTCTCT
PTBP1_1003		peak37_Gm27882|Miat	28	34	+	7.55714	0.000242	0.292	CCTCCTT
ELAVL1_M127_0.6		peak18_Mbp	18	24	+	10.0345	0.000243	0.218	TTGATTT
ELAVL1_M127_0.6		peak38_Plp1	38	44	+	10.0345	0.000243	0.218	TTGATTT
SRSF1_1222		peak41_Gfap	19	24	+	11.6929	0.000247	0.66	GGATAC
HNRNPA1_643		peak12_Miat	16	21	+	11.6929	0.000247	0.667	TAGGCA
SRSF1_1373		peak26_Plp1	2	9	+	9.07143	0.000248	0.215	ATAGCAGG
SRSF1_1212		peak26_Plp1	2	9	+	9.07143	0.000248	0.215	ATAGCAGG
PTBP1_1398		peak6_Qk	3	8	+	11.6714	0.000252	0.219	TTCTTC
PTBP1_1398		peak7_Gm27882|Miat	5	10	+	11.6714	0.000252	0.219	TTCTTC
PTBP1_1398		peak51_Gnas	11	16	+	11.6714	0.000252	0.219	TTCTTC
PTBP1_1000		peak12_Miat	23	28	+	11.6714	0.000252	0.644	CTCTTT
PTBP1_998		peak6_Qk	3	8	+	11.6714	0.000252	0.219	TTCTTC
PTBP1_998		peak7_Gm27882|Miat	5	10	+	11.6714	0.000252	0.219	TTCTTC
PTBP1_998		peak51_Gnas	11	16	+	11.6714	0.000252	0.219	TTCTTC
PTBP1_1314		peak27_Miat	22	30	+	5.5	0.000254	0.0754	TGCTGCCCC
HNRNPA2B1_711		peak57_Gm27998|Miat	44	49	+	11.6525	0.000254	0.689	AGTAGG
HNRNPA1_696		peak57_Gm27998|Miat	44	49	+	11.6525	0.000254	0.689	AGTAGG
HNRNPA2B1_703		peak47_Qk	18	28	+	2.53571	0.000256	0.142	GCCTAGCAGTC
TARDBP_1276		peak59_Miat	21	27	+	7.47143	0.000257	0.584	GTTCTGC
TARDBP_1277		peak43_Miat	19	25	+	7.47143	0.000257	0.388	GTTGTCC
SRSF1_1390		peak14_C77370	10	18	+	4.8156	0.000257	0.258	GAGGGAGGA
SRSF1_1362		peak14_C77370	32	40	+	4.8156	0.000257	0.654	GGAGAAGGG
SRSF1_1213		peak14_C77370	10	18	+	4.8156	0.000257	0.258	GAGGGAGGA
SRSF1_1376		peak31_Mbp	16	27	+	3.4	0.000258	0.614	GAAATTTCCAGA
PTBP1_105		peak9_Gm27882|Miat	24	31	+	9.17143	0.000259	0.299	TTCTCTTC
PTBP1_1022		peak9_Gm27882|Miat	24	31	+	9.17143	0.000259	0.299	TTCTCTTC
PTBP1_999		peak51_Gnas	7	12	+	11.6286	0.00026	0.227	GTCTTT
PTBP1_999		peak18_Mbp	13	18	+	11.6286	0.00026	0.227	GTCTTT
PTBP1_999		peak25_Gnas	37	42	+	11.6286	0.00026	0.227	GTCTTT
PTBP1_1001		peak51_Gnas	7	12	+	11.6286	0.00026	0.227	GTCTTT
PTBP1_1001		peak18_Mbp	13	18	+	11.6286	0.00026	0.227	GTCTTT
PTBP1_1001		peak25_Gnas	37	42	+	11.6286	0.00026	0.227	GTCTTT
SRSF1_1349		peak20_Miat	19	24	+	11.6143	0.00026	0.686	GGACAA
SRSF1_1383		peak45_Sirt2	22	29	+	8.97163	0.000261	0.17	GCAAGAAG
PTBP1_1381		peak21_Mbp	1	10	+	6.80714	0.000262	0.125	CTACTCCATC
ELAVL1_M232_0.6		peak8_Qk	29	35	+	8.84828	0.000262	0.527	TTTTTTC
QKI_104		peak15_Mbp	30	41	+	3.70714	0.000264	0.116	CCACAATAACGT
PTBP1_1379		peak45_Sirt2	19	28	+	6.40714	0.000264	0.328	CAGGCAAGAA
ELAVL1_s101		peak11_Mbp	2	8	+	10.4286	0.000265	0.319	TTTGTTT
ELAVL1_s101		peak11_Mbp	3	9	+	10.4286	0.000265	0.319	TTGTTTT
PTBP1_1368		peak26_Plp1	36	43	+	9.10714	0.000266	0.126	TATTTCCC
PTBP1_1379		peak31_Mbp	9	18	+	6.36429	0.000269	0.328	CAGGGAAGAA
ELAVL1_84		peak38_Plp1	14	24	+	1.62759	0.000272	0.593	TTCCTTCATTT
PTBP1_1381		peak34_Gm27998|Miat	11	20	+	1.40714	0.000273	0.125	CCCCTGCCCC
PTBP1_995		peak44_Etl4	17	28	+	3.7	0.000277	0.127	TTATTTTGGCTC
SRSF1_1236		peak1_Gm27627|Miat	11	17	+	7.87857	0.000283	0.175	CCCAGGG
SRSF1_1236		peak22_Gm27998|Miat	34	40	+	7.87857	0.000283	0.175	CCCAGGG
ELAVL1_M031_0.6		peak11_Mbp	3	9	+	9.81102	0.000284	0.306	TTGTTTT
SRSF1_1235		peak20_Miat	4	10	+	7.53571	0.000284	0.187	CAGAGGC
SRSF1_1239		peak45_Sirt2	23	31	+	4.29078	0.000285	0.504	CAAGAAGCA
SRSF1_M106_0.6		peak43_Miat	4	11	+	9.4539	0.000286	0.355	GAGGACAG
MBNL1_1124		peak40_Ntrk2	18	26	+	5.43571	0.000286	0.144	CCCTGCGAC
SRSF1_s50		peak33_Slc8a1	10	16	+	8.62626	0.000289	0.375	CGCAGGA
ZFP36_155		peak34_Gm27998|Miat	12	17	+	7.5102	0.000293	0.0742	CCCTGC
ZFP36_155		peak22_Gm27998|Miat	14	19	+	7.5102	0.000293	0.0742	CCCTGC
ZFP36_155		peak40_Ntrk2	18	23	+	7.5102	0.000293	0.0742	CCCTGC
ZFP36_155		peak27_Miat	19	24	+	7.5102	0.000293	0.0742	CCCTGC
ZFP36_155		peak20_Miat	37	42	+	7.5102	0.000293	0.0742	CCCTGC
ZFP36_155		peak42_Mbp	44	49	+	7.5102	0.000293	0.0742	CCCTGC
ZFP36_155		peak9_Gm27882|Miat	44	49	+	7.5102	0.000293	0.0742	CCCTGC
HNRNPA1_52		peak33_Slc8a1	38	48	+	2.62857	0.000293	0.183	GCCAGAGAGGC
HNRNPA2B1_125		peak33_Slc8a1	38	48	+	2.62857	0.000293	0.183	GCCAGAGAGGC
HNRNPA2B1_708		peak33_Slc8a1	38	48	+	2.62857	0.000293	0.183	GCCAGAGAGGC
HNRNPA1_183		peak33_Slc8a1	38	48	+	2.62857	0.000293	0.183	GCCAGAGAGGC
HNRNPA2B1_705		peak33_Slc8a1	38	48	+	2.62857	0.000293	0.183	GCCAGAGAGGC
QKI_3		peak10_Gm27627|Miat	2	7	+	11.4357	0.000295	0.0648	ACTAAC
QKI_3		peak1_Gm27627|Miat	2	7	+	11.4357	0.000295	0.0648	ACTAAC
QKI_3		peak49_Slc8a1	2	7	+	11.4357	0.000295	0.0648	ACTAAC
QKI_3		peak19_Slc8a1	3	8	+	11.4357	0.000295	0.0648	ACTAAC
QKI_3		peak41_Gfap	12	17	+	11.4357	0.000295	0.0648	ACTAAC
QKI_3		peak9_Gm27882|Miat	14	19	+	11.4357	0.000295	0.0648	ACTAAC
QKI_3		peak42_Mbp	17	22	+	11.4357	0.000295	0.0648	ACTAAC
QKI_3		peak10_Gm27627|Miat	27	32	+	11.4357	0.000295	0.0648	ACTAAC
QKI_3		peak52_Gm27627|Miat	28	33	+	11.4357	0.000295	0.0648	ACTAAC
QKI_3		peak27_Miat	34	39	+	11.4357	0.000295	0.0648	ACTAAC
QKI_3		peak9_Gm27882|Miat	34	39	+	11.4357	0.000295	0.0648	ACTAAC
QKI_3		peak8_Qk	36	41	+	11.4357	0.000295	0.0648	ACTAAC
QKI_M046_0.6		peak9_Gm27882|Miat	14	20	+	9.61429	0.000295	0.0657	ACTAACT
QKI_M046_0.6		peak10_Gm27627|Miat	27	33	+	9.61429	0.000295	0.0657	ACTAACT
QKI_352		peak10_Gm27627|Miat	2	7	+	11.4357	0.000295	0.0644	ACTAAC
QKI_352		peak1_Gm27627|Miat	2	7	+	11.4357	0.000295	0.0644	ACTAAC
QKI_352		peak49_Slc8a1	2	7	+	11.4357	0.000295	0.0644	ACTAAC
QKI_352		peak19_Slc8a1	3	8	+	11.4357	0.000295	0.0644	ACTAAC
QKI_352		peak41_Gfap	12	17	+	11.4357	0.000295	0.0644	ACTAAC
QKI_352		peak9_Gm27882|Miat	14	19	+	11.4357	0.000295	0.0644	ACTAAC
QKI_352		peak42_Mbp	17	22	+	11.4357	0.000295	0.0644	ACTAAC
QKI_352		peak10_Gm27627|Miat	27	32	+	11.4357	0.000295	0.0644	ACTAAC
QKI_352		peak52_Gm27627|Miat	28	33	+	11.4357	0.000295	0.0644	ACTAAC
QKI_352		peak27_Miat	34	39	+	11.4357	0.000295	0.0644	ACTAAC
QKI_352		peak9_Gm27882|Miat	34	39	+	11.4357	0.000295	0.0644	ACTAAC
QKI_352		peak8_Qk	36	41	+	11.4357	0.000295	0.0644	ACTAAC
PTBP1_995		peak26_Plp1	33	44	+	3.67857	0.000295	0.127	TCATATTTCCCA
SRSF1_1310		peak10_Gm27627|Miat	15	21	+	7.27857	0.000295	0.273	CAGCCAA
SRSF1_1324		peak10_Gm27627|Miat	15	21	+	7.27857	0.000295	0.273	CAGCCAA
SRSF1_1228		peak10_Gm27627|Miat	15	21	+	7.27857	0.000295	0.273	CAGCCAA
PTBP1_996		peak34_Gm27998|Miat	27	34	+	3.70714	0.000297	0.103	CCTCCCCC
HNRNPA1_1305		peak48_Mbp	42	47	+	11.4326	0.000297	0.82	TAGAGT
HNRNPA1_682		peak48_Mbp	42	47	+	11.4326	0.000297	0.818	TAGAGT
HNRNPA1_680		peak48_Mbp	42	47	+	11.4326	0.000297	0.82	TAGAGT
HNRNPA1_689		peak48_Mbp	42	47	+	11.4326	0.000297	0.818	TAGAGT
HNRNPA1_642		peak48_Mbp	42	47	+	11.4326	0.000297	0.818	TAGAGT
HNRNPA1_681		peak48_Mbp	42	47	+	11.4326	0.000297	0.818	TAGAGT
HNRNPA1_644		peak29_Miat	44	49	+	11.4326	0.000297	0.82	TAGTGA
HNRNPA1_679		peak48_Mbp	42	47	+	11.4326	0.000297	0.818	TAGAGT
MBNL1_1122		peak8_Qk	16	25	+	6.34286	0.000303	0.348	TGTTCCTTTT
PTBP1_997		peak8_Qk	5	10	+	11.4071	0.000303	0.792	TTCTTT
ELAVL1_161		peak18_Mbp	14	25	+	3.12414	0.000303	0.721	TCTTTTGATTTA
HNRNPA1_1358		peak39_Miat	3	8	+	11.3929	0.000304	0.832	TAGACA
HNRNPA1_675		peak26_Plp1	2	7	+	11.3929	0.000304	0.818	ATAGCA
HNRNPA2B1_700		peak26_Plp1	2	7	+	11.3929	0.000304	0.818	ATAGCA
HNRNPA1_662		peak39_Miat	3	8	+	11.3929	0.000304	0.832	TAGACA
HNRNPA2B1_699		peak39_Miat	3	8	+	11.3929	0.000304	0.825	TAGACA
SRSF1_1388		peak14_C77370	6	12	+	7.55319	0.000304	0.196	GTGGGAG
SRSF1_1388		peak14_C77370	29	35	+	7.55319	0.000304	0.196	GTGGGAG
SRSF1_1233		peak29_Miat	6	12	+	7.55319	0.000304	0.156	GGAGGTG
HNRNPA1_659		peak4_Mbp	1	10	+	6.52143	0.000305	0.262	TAGAGCAGAC
SRSF1_M103_0.6		peak14_C77370	9	15	+	9.52482	0.000307	0.153	GGAGGGA
PTBP1_s100		peak12_Miat	5	11	+	9.4375	0.000313	0.253	TTTCTCT
PTBP1_s100		peak9_Gm27882|Miat	23	29	+	9.4375	0.000313	0.253	TTTCTCT
SRSF1_1385		peak35_Miat	18	24	+	7.19149	0.000314	0.21	AAGAGGC
SRSF1_M106_0.6		peak41_Gfap	17	24	+	9.30496	0.000318	0.355	CAGGATAC
SRSF1_1364		peak29_Miat	13	19	+	7.39286	0.000319	0.413	CTGAGCT
SRSF1_1364		peak19_Slc8a1	45	51	+	7.39286	0.000319	0.413	CTGAGCT
PTBP1_1368		peak11_Mbp	6	13	+	8.90714	0.00032	0.126	TTTTTCCT
PTBP1_1002		peak38_Plp1	16	23	+	9.10714	0.000322	0.186	CCTTCATT
SRSF1_17		peak1_Gm27627|Miat	37	43	+	7.57857	0.000325	0.809	CACGCGA
SRSF1_1241		peak1_Gm27627|Miat	37	43	+	7.57857	0.000325	0.796	CACGCGA
MBNL1_1126		peak4_Mbp	39	48	+	1.15	0.000329	0.288	GCGGTGGGGC
SRSF1_40		peak31_Mbp	13	18	+	11.2766	0.00033	0.908	GAAGAA
NOVA2_M325_0.6		peak24_Slc8a1	3	18	+	6.15	0.000331	0.342	TACTGACCTTCATCCA
SRSF1_325		peak55_Sparc	36	42	+	9.02041	0.000331	0.222	TGGTGGT
SRSF1_1373		peak4_Mbp	2	9	+	9.00714	0.000332	0.215	AGAGCAGA
SRSF1_1373		peak31_Mbp	5	12	+	9.00714	0.000332	0.215	AAAGCAGG
SRSF1_1212		peak4_Mbp	2	9	+	9.00714	0.000332	0.215	AGAGCAGA
SRSF1_1212		peak31_Mbp	5	12	+	9.00714	0.000332	0.215	AAAGCAGG
HNRNPA1_673		peak55_Sparc	41	47	+	7.0922	0.000334	0.479	GTTTGGA
HNRNPA1_52		peak47_Qk	18	28	+	2.53571	0.000334	0.183	GCCTAGCAGTC
HNRNPA2B1_125		peak47_Qk	18	28	+	2.53571	0.000334	0.183	GCCTAGCAGTC
HNRNPA2B1_708		peak47_Qk	18	28	+	2.53571	0.000334	0.183	GCCTAGCAGTC
HNRNPA1_183		peak47_Qk	18	28	+	2.53571	0.000334	0.183	GCCTAGCAGTC
HNRNPA2B1_705		peak47_Qk	18	28	+	2.53571	0.000334	0.183	GCCTAGCAGTC
SRSF1_1224		peak35_Miat	35	41	+	7.53571	0.000335	0.174	CAGGCAG
PTBP1_995		peak11_Mbp	3	14	+	3.51429	0.00034	0.127	TTGTTTTTCCTA
PTBP1_996		peak34_Gm27998|Miat	12	19	+	3.66429	0.000341	0.103	CCCTGCCC
PTBP1_996		peak34_Gm27998|Miat	13	20	+	3.66429	0.000341	0.103	CCTGCCCC
PTBP1_1382		peak7_Gm27882|Miat	7	13	+	7.29286	0.000347	0.179	CTTCTCT
PTBP1_1382		peak7_Gm27882|Miat	9	15	+	7.29286	0.000347	0.179	TCTCTCT
PTBP1_1382		peak22_Gm27998|Miat	21	27	+	7.29286	0.000347	0.179	TTTCCCT
PTBP1_1341		peak7_Gm27882|Miat	3	9	+	7.29286	0.000347	0.221	CCTTCTT
PTBP1_1341		peak7_Gm27882|Miat	6	12	+	7.29286	0.000347	0.221	TCTTCTC
PTBP1_1341		peak51_Gnas	12	18	+	7.29286	0.000347	0.221	TCTTCCT
PTBP1_s80		peak7_Gm27882|Miat	3	9	+	7.29286	0.000347	0.219	CCTTCTT
PTBP1_s80		peak7_Gm27882|Miat	6	12	+	7.29286	0.000347	0.219	TCTTCTC
PTBP1_s80		peak51_Gnas	12	18	+	7.29286	0.000347	0.219	TCTTCCT
PTBP1_1014		peak7_Gm27882|Miat	3	9	+	7.29286	0.000347	0.219	CCTTCTT
PTBP1_1014		peak7_Gm27882|Miat	6	12	+	7.29286	0.000347	0.219	TCTTCTC
PTBP1_1014		peak51_Gnas	12	18	+	7.29286	0.000347	0.219	TCTTCCT
SRSF1_M103_0.6		peak36_Gm27627|Miat	9	15	+	9.12766	0.000348	0.153	GGAGGGG
SRSF1_M103_0.6		peak41_Gfap	45	51	+	9.12766	0.000348	0.153	GGAGGGG
SRSF1_1373		peak13_Slc8a1	36	43	+	8.96429	0.000349	0.215	AGAGAAGG
SRSF1_1212		peak13_Slc8a1	36	43	+	8.96429	0.000349	0.215	AGAGAAGG
PTBP1_1011		peak23_Mbp	32	42	+	2.22857	0.00035	0.323	TCGTCCCTTTT
QKI_104		peak44_Etl4	5	16	+	3.46429	0.000351	0.116	AAACTCTAACCA
SRSF1_1238		peak20_Miat	14	20	+	7.83571	0.000353	0.838	GACGCGG
QKI_1142		peak56_Fam107a	13	18	+	11.1714	0.000355	0.325	ACTAAT
QKI_1142		peak52_Gm27627|Miat	20	25	+	11.1714	0.000355	0.325	ACTAAT
QKI_1142		peak12_Miat	34	39	+	11.1714	0.000355	0.325	ACTAAT
QKI_1138		peak51_Gnas	43	48	+	11.1714	0.000355	0.487	ATTAAC
QKI_1138		peak36_Gm27627|Miat	44	49	+	11.1714	0.000355	0.487	ATTAAC
SRSF1_1338		peak25_Gnas	21	32	+	3.51773	0.000355	0.166	AGAAAGATGGGA
SRSF1_1367		peak14_C77370	10	16	+	7.4539	0.000356	0.189	GAGGGAG
SRSF1_1367		peak14_C77370	13	19	+	7.4539	0.000356	0.189	GGAGGAG
SRSF1_1367		peak14_C77370	35	41	+	7.4539	0.000356	0.189	GAAGGGG
SRSF1_1367		peak13_Slc8a1	39	45	+	7.4539	0.000356	0.189	GAAGGGG
HNRNPA1_692		peak14_C77370	10	16	+	7.4539	0.000356	0.235	GAGGGAG
HNRNPA1_692		peak14_C77370	14	20	+	7.4539	0.000356	0.235	GAGGAGG
HNRNPA1_692		peak36_Gm27627|Miat	24	30	+	7.4539	0.000356	0.235	GGGGAAG
SRSF1_1234		peak14_C77370	12	18	+	7.4539	0.000356	0.234	GGGAGGA
SRSF1_1234		peak29_Miat	31	37	+	7.4539	0.000356	0.234	GGGAGGA
SRSF1_1234		peak41_Gfap	44	50	+	7.4539	0.000356	0.234	AGGAGGG
SRSF1_1231		peak53_Cnp	2	9	+	8.96454	0.000358	0.27	GAGGAAGA
QKI_104		peak8_Qk	40	51	+	3.42857	0.000361	0.116	ACACAATAATCC
SRSF1_1236		peak0_Miat	2	8	+	7.79286	0.000362	0.175	GGCAGGG
SRSF1_1236		peak36_Gm27627|Miat	8	14	+	7.79286	0.000362	0.175	CGGAGGG
SRSF1_1236		peak35_Miat	37	43	+	7.79286	0.000362	0.175	GGCAGGG
MBNL1_s30		peak27_Miat	21	26	+	7.5	0.000364	0.458	CTGCTG
MBNL1_s30		peak7_Gm27882|Miat	34	39	+	7.5	0.000364	0.458	CTGCTG
PTBP1_996		peak52_Gm27627|Miat	33	40	+	3.62143	0.000364	0.103	CCTGGCCC
KHDRBS1_1155		peak8_Qk	29	34	+	11.131	0.000365	0.974	TTTTTT
SRSF1_M102_0.6		peak14_C77370	9	15	+	9.06383	0.000367	0.214	GGAGGGA
SRSF1_126		peak45_Sirt2	14	20	+	9.45918	0.000368	0.443	CCACCCA
ELAVL1_M031_0.6		peak26_Plp1	27	33	+	9.38583	0.000372	0.306	TTAGTTT
FUS_s31		peak57_Gm27998|Miat	21	26	+	9.44037	0.000375	0.308	GGGTGA
PTBP1_1368		peak8_Qk	30	37	+	8.84286	0.000377	0.126	TTTTTCAC
SRSF1_M154_0.6		peak3_Miat	14	20	+	8.3986	0.000377	0.313	CGAGGAG
SRSF1_1211		peak43_Miat	27	35	+	4.66667	0.000389	0.847	GATGCACAG
HNRNPA1_1306		peak53_Cnp	2	11	+	6.13475	0.000389	0.168	GAGGAAGATA
SRSF1_1336		peak53_Cnp	2	11	+	6.13475	0.000389	0.168	GAGGAAGATA
SRSF1_1312		peak47_Qk	6	13	+	8.70714	0.000395	0.386	GGAAAAAC
MBNL1_1126		peak46_Mbp	37	46	+	1.01429	0.000401	0.288	GGCCTCGTGC
SRSF1_1390		peak14_C77370	14	22	+	4.61702	0.000405	0.258	GAGGAGGAT
SRSF1_1390		peak14_C77370	29	37	+	4.61702	0.000405	0.258	GTGGGAGAA
SRSF1_1213		peak14_C77370	14	22	+	4.61702	0.000405	0.258	GAGGAGGAT
SRSF1_1213		peak14_C77370	29	37	+	4.61702	0.000405	0.258	GTGGGAGAA
HNRNPA2B1_701		peak28_Slc8a1	40	45	+	10.9793	0.000406	1	TTTATA
HNRNPA1_676		peak28_Slc8a1	40	45	+	10.9793	0.000406	1	TTTATA
ELAVL1_M127_0.6		peak26_Plp1	27	33	+	8.93103	0.000407	0.274	TTAGTTT
SRSF1_1319		peak0_Miat	12	20	+	4.91489	0.000407	0.175	GAGGGGTAG
SRSF1_1319		peak29_Miat	30	38	+	4.91489	0.000407	0.175	GGGGAGGAT
SRSF1_M106_0.6		peak1_Gm27627|Miat	24	31	+	8.99291	0.000407	0.355	CAGGACGC
NOVA1_440		peak17_Mbp	38	44	+	7.45714	0.000414	0.285	CTGTCAC
PTBP1_1381		peak27_Miat	21	30	+	1.1	0.000414	0.125	CTGCTGCCCC
PTBP1_1381		peak34_Gm27998|Miat	25	34	+	1.1	0.000414	0.125	AGCCTCCCCC
PTBP1_1381		peak21_Mbp	36	45	+	1.1	0.000414	0.125	CCCCTCCAGC
SRSF1_1216		peak35_Miat	14	20	+	7.23404	0.000416	0.56	TGGGAAG
SRSF1_1312		peak31_Mbp	12	19	+	8.66429	0.000416	0.386	GGAAGAAA
ELAVL1_M112_0.6		peak26_Plp1	27	33	+	8.46622	0.000417	0.447	TTAGTTT
SRSF1_1219		peak37_Gm27882|Miat	9	14	+	5.61429	0.000419	0.539	GGCTTC
PTBP1_25		peak19_Slc8a1	38	46	+	4.95	0.000423	0.277	CTGGTCTCT
PTBP1_1024		peak19_Slc8a1	38	46	+	4.95	0.000423	0.275	CTGGTCTCT
PTBP1_1009		peak19_Slc8a1	38	46	+	4.95	0.000423	0.277	CTGGTCTCT
NOVA2_s28		peak45_Sirt2	13	18	+	9.11927	0.000425	0.278	ACCACC
NOVA2_s28		peak50_Sirt2	15	20	+	9.11927	0.000425	0.278	ACCACC
NOVA2_s28		peak50_Sirt2	31	36	+	9.11927	0.000425	0.278	ACCACC
NOVA1_s27		peak45_Sirt2	13	18	+	9.11927	0.000425	0.278	ACCACC
NOVA1_s27		peak50_Sirt2	15	20	+	9.11927	0.000425	0.278	ACCACC
NOVA1_s27		peak50_Sirt2	31	36	+	9.11927	0.000425	0.278	ACCACC
MBNL1_1122		peak27_Miat	22	31	+	0.835714	0.000426	0.348	TGCTGCCCCT
PTBP1_M227_0.6		peak8_Qk	2	8	+	8.9863	0.000427	0.416	TTTTTCT
SRSF1_1383		peak31_Mbp	12	19	+	8.66667	0.000427	0.222	GGAAGAAA
SRSF1_1373		peak36_Gm27627|Miat	3	10	+	3.41429	0.000427	0.215	AGGGCCGG
SRSF1_1212		peak36_Gm27627|Miat	3	10	+	3.41429	0.000427	0.215	AGGGCCGG
SRSF1_s22		peak13_Slc8a1	24	33	+	7.56122	0.000428	1	CTGACAGCAC
SRSF1_375		peak10_Gm27627|Miat	35	42	+	3.23571	0.000428	0.787	TGCAGGCC
HNRNPA1_678		peak59_Miat	15	20	+	5.56738	0.000432	0.849	TCGGGT
HNRNPA1_690		peak59_Miat	15	20	+	5.56738	0.000432	0.849	TCGGGT
ZFP36_109		peak32_Slc8a1	2	10	+	4.11034	0.000433	1	TGCTTTATT
ELAVL1_1105		peak32_Slc8a1	2	10	+	4.11034	0.000433	1	TGCTTTATT
SRSF1_1226		peak0_Miat	28	39	+	-1.72857	0.000437	0.224	AGGGGCTGGCCA
PTBP1_994		peak0_Miat	35	43	+	4.87143	0.000438	0.252	GGCCATCTT
SRSF1_s49		peak1_Gm27627|Miat	11	17	+	7.15306	0.000439	0.331	CCCAGGG
SRSF1_s49		peak22_Gm27998|Miat	34	40	+	7.15306	0.000439	0.331	CCCAGGG
ELAVL1_1107		peak34_Gm27998|Miat	27	33	+	8.10714	0.000443	0.315	CCTCCCC
ELAVL1_1107		peak34_Gm27998|Miat	28	34	+	8.10714	0.000443	0.315	CTCCCCC
ELAVL1_1107		peak21_Mbp	36	42	+	8.10714	0.000443	0.315	CCCCTCC
HNRNPA1_684		peak34_Gm27998|Miat	27	33	+	8.10714	0.000443	0.315	CCTCCCC
HNRNPA1_684		peak34_Gm27998|Miat	28	34	+	8.10714	0.000443	0.315	CTCCCCC
HNRNPA1_684		peak21_Mbp	36	42	+	8.10714	0.000443	0.315	CCCCTCC
NOVA1_1127		peak34_Gm27998|Miat	27	33	+	8.10714	0.000443	0.317	CCTCCCC
NOVA1_1127		peak34_Gm27998|Miat	28	34	+	8.10714	0.000443	0.317	CTCCCCC
NOVA1_1127		peak21_Mbp	36	42	+	8.10714	0.000443	0.317	CCCCTCC
PTBP1_1016		peak34_Gm27998|Miat	27	33	+	8.10714	0.000443	0.317	CCTCCCC
PTBP1_1016		peak34_Gm27998|Miat	28	34	+	8.10714	0.000443	0.317	CTCCCCC
PTBP1_1016		peak21_Mbp	36	42	+	8.10714	0.000443	0.317	CCCCTCC
MBNL1_1124		peak10_Gm27627|Miat	10	18	+	5.35	0.000446	0.144	CGCAGCAGC
HNRNPA1_659		peak0_Miat	28	37	+	0.907143	0.000449	0.262	AGGGGCTGGC
HNRNPA1_639		peak1_Gm27627|Miat	22	31	+	0.857143	0.000449	1	GCCAGGACGC
PTBP1_993		peak4_Mbp	37	44	+	3.27143	0.00045	0.49	TCGCGGTG
KHDRBS1_1156		peak25_Gnas	13	18	+	10.8276	0.000451	0.622	TTAAAA
KHDRBS1_1156		peak23_Mbp	22	27	+	10.8276	0.000451	0.622	TTAAAA
TARDBP_1278		peak43_Miat	19	25	+	7.47143	0.000456	0.376	GTTGTCC
TARDBP_1278		peak59_Miat	21	27	+	7.47143	0.000456	0.376	GTTCTGC
PTBP1_1012		peak8_Qk	3	13	+	2.00714	0.000457	0.222	TTTTCTTTCCC
PTBP1_1012		peak7_Gm27882|Miat	5	15	+	2.00714	0.000457	0.222	TTCTTCTCTCT
PTBP1_1013		peak8_Qk	3	13	+	2.00714	0.000457	0.222	TTTTCTTTCCC
PTBP1_1013		peak7_Gm27882|Miat	5	15	+	2.00714	0.000457	0.222	TTCTTCTCTCT
ELAVL1_M031_0.6		peak55_Sparc	2	8	+	9.19685	0.000457	0.306	TTATTTC
HNRNPA1_1306		peak29_Miat	3	12	+	0.808511	0.000458	0.168	GGCGGAGGTG
SRSF1_1336		peak29_Miat	3	12	+	0.808511	0.000458	0.168	GGCGGAGGTG
NOVA2_564		peak24_Slc8a1	16	26	+	2.25	0.00046	0.542	CCAGGATCACT
TARDBP_1276		peak35_Miat	44	50	+	7.42857	0.00046	0.584	GGTTTGC
TARDBP_1277		peak59_Miat	18	24	+	7.42857	0.00046	0.388	GGTGTTC
TARDBP_1277		peak32_Slc8a1	32	38	+	7.42857	0.00046	0.388	GGTGTTC
MBNL1_1126		peak37_Gm27882|Miat	19	28	+	0.971429	0.000462	0.288	GGGCTGGTCC
PTBP1_1314		peak27_Miat	3	11	+	5.39286	0.000463	0.107	GGCACCCCA
PTBP1_1314		peak21_Mbp	30	38	+	5.39286	0.000463	0.107	GGCACACCC
NOVA1_440		peak24_Slc8a1	23	29	+	7.4	0.000465	0.285	CACTCAC
SRSF1_1231		peak36_Gm27627|Miat	10	17	+	3.33333	0.000466	0.27	GAGGGGGG
SRSF1_s50		peak29_Miat	5	11	+	8.34343	0.000469	0.405	CGGAGGT
ELAVL1_s101		peak44_Etl4	17	23	+	10.125	0.00047	0.319	TTATTTT
MBNL1_M320_0.6		peak34_Gm27998|Miat	43	50	+	3.41837	0.000473	0.459	CCAGCTGC
SRSF1_1214		peak57_Gm27998|Miat	3	12	+	0.857143	0.000474	0.357	AGCCAGGGCC
QKI_M046_0.6		peak52_Gm27627|Miat	20	26	+	8.62143	0.000474	0.0962	ACTAATC
NOVA2_s29		peak21_Mbp	28	34	+	4.85246	0.000475	0.417	GAGGCAC
NOVA2_s29		peak19_Slc8a1	28	34	+	4.85246	0.000475	0.417	GAGGCAC
PTBP1_s100		peak8_Qk	2	8	+	9.16964	0.000475	0.253	TTTTTCT
PTBP1_1368		peak8_Qk	7	14	+	3.17857	0.00048	0.126	CTTTCCCC
PTBP1_1368		peak12_Miat	7	14	+	3.17857	0.00048	0.126	TCTCTCCC
PTBP1_1368		peak22_Gm27998|Miat	19	26	+	3.17857	0.00048	0.126	CCTTTCCC
PTBP1_71		peak4_Mbp	10	17	+	3.17857	0.00048	0.387	CCCTCTCT
PTBP1_71		peak45_Sirt2	33	40	+	3.17857	0.00048	0.387	CCTTCCCT
PTBP1_1023		peak4_Mbp	10	17	+	3.17857	0.00048	0.387	CCCTCTCT
PTBP1_1023		peak45_Sirt2	33	40	+	3.17857	0.00048	0.387	CCTTCCCT
SRSF1_1353		peak37_Gm27882|Miat	38	46	+	4.58865	0.00048	0.355	GCAAGCAGA
SRSF1_M102_0.6		peak36_Gm27627|Miat	9	15	+	8.60284	0.000483	0.214	GGAGGGG
SRSF1_M102_0.6		peak41_Gfap	45	51	+	8.60284	0.000483	0.214	GGAGGGG
SRSF1_1335		peak41_Gfap	37	43	+	7.67857	0.000483	0.439	CGCAGTC
MBNL1_1124		peak50_Sirt2	1	9	+	5.30714	0.000483	0.144	AGCTGGGGC
MBNL1_1124		peak21_Mbp	24	32	+	5.30714	0.000483	0.144	CGGTGAGGC
PTBP1_1340		peak6_Qk	3	9	+	7.02857	0.000485	0.158	TTCTTCT
PTBP1_1340		peak7_Gm27882|Miat	5	11	+	7.02857	0.000485	0.158	TTCTTCT
PTBP1_1340		peak8_Qk	5	11	+	7.02857	0.000485	0.158	TTCTTTC
PTBP1_1340		peak8_Qk	18	24	+	7.02857	0.000485	0.158	TTCCTTT
PTBP1_1340		peak8_Qk	19	25	+	7.02857	0.000485	0.158	TCCTTTT
PTBP1_1340		peak12_Miat	23	29	+	7.02857	0.000485	0.158	CTCTTTT
PTBP1_1340		peak9_Gm27882|Miat	24	30	+	7.02857	0.000485	0.158	TTCTCTT
PTBP1_1340		peak37_Gm27882|Miat	30	36	+	7.02857	0.000485	0.158	TCCTTTT
PTBP1_991		peak6_Qk	2	8	+	7.02857	0.000485	0.181	TTTCTTC
PTBP1_991		peak12_Miat	5	11	+	7.02857	0.000485	0.181	TTTCTCT
PTBP1_991		peak51_Gnas	10	16	+	7.02857	0.000485	0.181	TTTCTTC
PTBP1_991		peak38_Plp1	13	19	+	7.02857	0.000485	0.181	TTTCCTT
PTBP1_991		peak8_Qk	18	24	+	7.02857	0.000485	0.181	TTCCTTT
PTBP1_991		peak9_Gm27882|Miat	23	29	+	7.02857	0.000485	0.181	TTTCTCT
NOVA2_564		peak6_Qk	29	39	+	2.22857	0.000485	0.542	ACACGATCACC
HNRNPA1_645		peak29_Miat	44	50	+	7.01418	0.000486	1	TAGTGAG
PTBP1_25		peak12_Miat	5	13	+	4.79286	0.000489	0.277	TTTCTCTCC
PTBP1_1024		peak12_Miat	5	13	+	4.79286	0.000489	0.275	TTTCTCTCC
PTBP1_1009		peak12_Miat	5	13	+	4.79286	0.000489	0.277	TTTCTCTCC
HNRNPA1_1306		peak35_Miat	35	44	+	0.765957	0.000493	0.168	CAGGCAGGGG
SRSF1_1336		peak35_Miat	35	44	+	0.765957	0.000493	0.168	CAGGCAGGGG
HNRNPA1_1346		peak49_Slc8a1	15	24	+	0.714286	0.000497	0.402	CTAGCCTGGC
HNRNPA1_649		peak49_Slc8a1	15	24	+	0.714286	0.000497	0.401	CTAGCCTGGC
HNRNPA1_640		peak49_Slc8a1	15	24	+	0.714286	0.000497	0.403	CTAGCCTGGC
HNRNPA2B1_697		peak49_Slc8a1	15	24	+	0.714286	0.000497	0.403	CTAGCCTGGC
HNRNPA1_647		peak49_Slc8a1	15	24	+	0.714286	0.000497	0.403	CTAGCCTGGC
PTBP1_1012		peak9_Gm27882|Miat	22	32	+	1.96429	0.000498	0.222	GTTTCTCTTCT
PTBP1_1013		peak9_Gm27882|Miat	22	32	+	1.96429	0.000498	0.222	GTTTCTCTTCT
ELAVL1_M112_0.6		peak8_Qk	4	10	+	8.38514	0.000499	0.447	TTTCTTT
SRSF1_M351_0.6		peak20_Miat	18	27	+	7.71429	0.000499	1	CGGACAAGGC
SRSF1_1224		peak13_Slc8a1	24	30	+	7.33571	0.0005	0.174	CTGACAG
SRSF1_1224		peak47_Qk	24	30	+	7.33571	0.0005	0.174	CAGTCAG
SRSF1_1224		peak41_Gfap	39	45	+	7.33571	0.0005	0.174	CAGTCAG
SRSF1_1338		peak14_C77370	4	15	+	-1.84397	0.0005	0.173	GGGTGGGAGGGA
SRSF1_1237		peak29_Miat	5	11	+	7.57143	0.000501	0.411	CGGAGGT
SRSF1_1237		peak33_Slc8a1	10	16	+	7.57143	0.000501	0.411	CGCAGGA
SRSF1_1237		peak5_Mbp	33	39	+	7.57143	0.000501	0.411	GGCAGGT
ELAVL1_M232_0.6		peak8_Qk	2	8	+	8.6069	0.000508	0.527	TTTTTCT
SRSF1_1226		peak14_C77370	9	20	+	-1.92143	0.000509	0.224	GGAGGGAGGAGG
HNRNPA2B1_707		peak3_Miat	3	13	+	2.36429	0.00051	0.205	GCAGAGAAGCC
SRSF1_1376		peak38_Plp1	38	49	+	2.97857	0.000512	0.614	TTGATTTTAACA
MBNL1_1126		peak29_Miat	4	13	+	0.885714	0.000518	0.288	GCGGAGGTGC
SRSF1_1338		peak14_C77370	9	20	+	-1.91489	0.000519	0.173	GGAGGGAGGAGG
QKI_104		peak16_Sirt2	13	24	+	-1.92143	0.000519	0.126	ACAGGCTACCCC
HNRNPA1_52		peak3_Miat	3	13	+	2.36429	0.000521	0.198	GCAGAGAAGCC
HNRNPA2B1_125		peak3_Miat	3	13	+	2.36429	0.000521	0.198	GCAGAGAAGCC
HNRNPA2B1_708		peak3_Miat	3	13	+	2.36429	0.000521	0.198	GCAGAGAAGCC
HNRNPA1_183		peak3_Miat	3	13	+	2.36429	0.000521	0.199	GCAGAGAAGCC
HNRNPA2B1_705		peak3_Miat	3	13	+	2.36429	0.000521	0.198	GCAGAGAAGCC
HNRNPA1_658		peak50_Sirt2	4	9	+	5.79286	0.000521	0.283	TGGGGC
HNRNPA1_658		peak4_Mbp	43	48	+	5.79286	0.000521	0.283	TGGGGC
HNRNPA1_658		peak59_Miat	45	50	+	5.79286	0.000521	0.283	TGGGGC
SRSF1_1226		peak1_Gm27627|Miat	32	43	+	-1.92857	0.000523	0.224	TGTGGCACGCGA
MBNL1_1122		peak22_Gm27998|Miat	14	23	+	0.614286	0.000525	0.348	CCCTGCCTTT
NOVA1_1128		peak14_C77370	3	9	+	7.85106	0.000525	0.127	GGGGTGG
NOVA1_1128		peak14_C77370	4	10	+	7.85106	0.000525	0.127	GGGTGGG
NOVA1_1128		peak36_Gm27627|Miat	12	18	+	7.85106	0.000525	0.127	GGGGGGT
NOVA1_1128		peak57_Gm27998|Miat	19	25	+	7.85106	0.000525	0.127	GGGGGTG
NOVA1_1128		peak14_C77370	25	31	+	7.85106	0.000525	0.127	GGGGGTG
NOVA1_1128		peak14_C77370	26	32	+	7.85106	0.000525	0.127	GGGGTGG
NOVA1_1128		peak14_C77370	27	33	+	7.85106	0.000525	0.127	GGGTGGG
NOVA1_1128		peak17_Mbp	29	35	+	7.85106	0.000525	0.127	GGGGGGT
NOVA1_1128		peak4_Mbp	41	47	+	7.85106	0.000525	0.127	GGTGGGG
NOVA2_s96		peak14_C77370	3	9	+	7.85106	0.000525	0.127	GGGGTGG
NOVA2_s96		peak14_C77370	4	10	+	7.85106	0.000525	0.127	GGGTGGG
NOVA2_s96		peak36_Gm27627|Miat	12	18	+	7.85106	0.000525	0.127	GGGGGGT
NOVA2_s96		peak57_Gm27998|Miat	19	25	+	7.85106	0.000525	0.127	GGGGGTG
NOVA2_s96		peak14_C77370	25	31	+	7.85106	0.000525	0.127	GGGGGTG
NOVA2_s96		peak14_C77370	26	32	+	7.85106	0.000525	0.127	GGGGTGG
NOVA2_s96		peak14_C77370	27	33	+	7.85106	0.000525	0.127	GGGTGGG
NOVA2_s96		peak17_Mbp	29	35	+	7.85106	0.000525	0.127	GGGGGGT
NOVA2_s96		peak4_Mbp	41	47	+	7.85106	0.000525	0.127	GGTGGGG
FUS_1059		peak14_C77370	3	9	+	7.85106	0.000525	0.127	GGGGTGG
FUS_1059		peak14_C77370	4	10	+	7.85106	0.000525	0.127	GGGTGGG
FUS_1059		peak36_Gm27627|Miat	12	18	+	7.85106	0.000525	0.127	GGGGGGT
FUS_1059		peak57_Gm27998|Miat	19	25	+	7.85106	0.000525	0.127	GGGGGTG
FUS_1059		peak14_C77370	25	31	+	7.85106	0.000525	0.127	GGGGGTG
FUS_1059		peak14_C77370	26	32	+	7.85106	0.000525	0.127	GGGGTGG
FUS_1059		peak14_C77370	27	33	+	7.85106	0.000525	0.127	GGGTGGG
FUS_1059		peak17_Mbp	29	35	+	7.85106	0.000525	0.127	GGGGGGT
FUS_1059		peak4_Mbp	41	47	+	7.85106	0.000525	0.127	GGTGGGG
FUS_1060		peak14_C77370	3	9	+	7.85106	0.000525	0.127	GGGGTGG
FUS_1060		peak14_C77370	4	10	+	7.85106	0.000525	0.127	GGGTGGG
FUS_1060		peak36_Gm27627|Miat	12	18	+	7.85106	0.000525	0.127	GGGGGGT
FUS_1060		peak57_Gm27998|Miat	19	25	+	7.85106	0.000525	0.127	GGGGGTG
FUS_1060		peak14_C77370	25	31	+	7.85106	0.000525	0.127	GGGGGTG
FUS_1060		peak14_C77370	26	32	+	7.85106	0.000525	0.127	GGGGTGG
FUS_1060		peak14_C77370	27	33	+	7.85106	0.000525	0.127	GGGTGGG
FUS_1060		peak17_Mbp	29	35	+	7.85106	0.000525	0.127	GGGGGGT
FUS_1060		peak4_Mbp	41	47	+	7.85106	0.000525	0.127	GGTGGGG
PTBP1_1017		peak14_C77370	3	9	+	7.85106	0.000525	0.127	GGGGTGG
PTBP1_1017		peak14_C77370	4	10	+	7.85106	0.000525	0.127	GGGTGGG
PTBP1_1017		peak36_Gm27627|Miat	12	18	+	7.85106	0.000525	0.127	GGGGGGT
PTBP1_1017		peak57_Gm27998|Miat	19	25	+	7.85106	0.000525	0.127	GGGGGTG
PTBP1_1017		peak14_C77370	25	31	+	7.85106	0.000525	0.127	GGGGGTG
PTBP1_1017		peak14_C77370	26	32	+	7.85106	0.000525	0.127	GGGGTGG
PTBP1_1017		peak14_C77370	27	33	+	7.85106	0.000525	0.127	GGGTGGG
PTBP1_1017		peak17_Mbp	29	35	+	7.85106	0.000525	0.127	GGGGGGT
PTBP1_1017		peak4_Mbp	41	47	+	7.85106	0.000525	0.127	GGTGGGG
SRSF1_1310		peak20_Miat	18	24	+	7.23571	0.000526	0.273	CGGACAA
SRSF1_1310		peak45_Sirt2	19	25	+	7.23571	0.000526	0.273	CAGGCAA
SRSF1_1310		peak11_Mbp	22	28	+	7.23571	0.000526	0.273	CAGACAG
SRSF1_1324		peak20_Miat	18	24	+	7.23571	0.000526	0.273	CGGACAA
SRSF1_1324		peak45_Sirt2	19	25	+	7.23571	0.000526	0.273	CAGGCAA
SRSF1_1324		peak11_Mbp	22	28	+	7.23571	0.000526	0.273	CAGACAG
SRSF1_1228		peak20_Miat	18	24	+	7.23571	0.000526	0.273	CGGACAA
SRSF1_1228		peak45_Sirt2	19	25	+	7.23571	0.000526	0.273	CAGGCAA
SRSF1_1228		peak11_Mbp	22	28	+	7.23571	0.000526	0.273	CAGACAG
SRSF1_s48		peak10_Gm27627|Miat	7	13	+	6.45455	0.000528	1	CCCCGCA
SRSF1_1231		peak29_Miat	4	11	+	3.17021	0.000529	0.27	GCGGAGGT
HNRNPA1_692		peak29_Miat	33	39	+	7.25532	0.000531	0.281	GAGGATG
PTBP1_s100		peak7_Gm27882|Miat	9	15	+	9.125	0.000531	0.253	TCTCTCT
HNRNPA1_673		peak32_Slc8a1	35	41	+	7.04965	0.000532	0.479	GTTCAGA
HNRNPA1_673		peak24_Slc8a1	44	50	+	7.04965	0.000532	0.479	GTTCAGA
HNRNPA1_653		peak29_Miat	40	46	+	7.04965	0.000532	0.993	TAGCTAG
SRSF1_1232		peak14_C77370	13	19	+	7.45	0.000533	0.692	GGAGGAG
PTBP1_1002		peak20_Miat	38	45	+	3.35714	0.000534	0.246	CCTGCCTG
HNRNPA1_659		peak10_Gm27627|Miat	37	46	+	0.814286	0.000537	0.262	CAGGCCAGGG
QKI_M046_0.6		peak11_Mbp	11	17	+	7.97143	0.000539	0.0962	CCTAACA
QKI_M046_0.6		peak16_Sirt2	31	37	+	7.97143	0.000539	0.0962	CCTAACA
QKI_104		peak59_Miat	26	37	+	-1.96429	0.00054	0.126	GCACACAGACCC
NOVA2_M325_0.6		peak41_Gfap	16	31	+	4.89286	0.000542	0.373	ACAGGATACTCACCCC
SRSF1_M154_0.6		peak14_C77370	16	22	+	8.11189	0.000542	0.313	GGAGGAT
SRSF1_M154_0.6		peak29_Miat	32	38	+	8.11189	0.000542	0.313	GGAGGAT
SRSF1_M104_0.6		peak14_C77370	16	22	+	8.83688	0.000543	0.239	GGAGGAT
SRSF1_M104_0.6		peak29_Miat	32	38	+	8.83688	0.000543	0.239	GGAGGAT
HNRNPA1_641		peak47_Qk	3	8	+	5.75714	0.000544	0.262	CCGGGA
HNRNPA1_641		peak57_Gm27998|Miat	6	11	+	5.75714	0.000544	0.262	CAGGGC
HNRNPA1_641		peak1_Gm27627|Miat	13	18	+	5.75714	0.000544	0.262	CAGGGC
MBNL1_1125		peak15_Mbp	23	31	+	4.90714	0.000545	1	TGTATCGCC
HNRNPA1_43		peak21_Mbp	21	32	+	-1.97872	0.000545	0.478	TCACGGTGAGGC
SRSF1_1388		peak0_Miat	4	10	+	7.48936	0.000546	0.281	CAGGGAG
SRSF1_1233		peak3_Miat	14	20	+	7.48936	0.000546	0.201	CGAGGAG
SRSF1_1233		peak46_Mbp	21	27	+	7.48936	0.000546	0.201	GCAGGAG
PTBP1_996		peak45_Sirt2	32	39	+	3.4	0.00055	0.138	GCCTTCCC
HNRNPA1_659		peak36_Gm27627|Miat	2	11	+	0.807143	0.000551	0.262	GAGGGCCGGA
HNRNPA1_M022_0.6		peak17_Mbp	26	32	+	9.0922	0.000551	1	TTAGGGG
SRSF1_1353		peak43_Miat	2	10	+	4.55319	0.000557	0.355	GAGAGGACA
PTBP1_25		peak51_Gnas	6	14	+	4.75	0.000558	0.277	CGTCTTTCT
PTBP1_1024		peak51_Gnas	6	14	+	4.75	0.000558	0.275	CGTCTTTCT
PTBP1_1009		peak51_Gnas	6	14	+	4.75	0.000558	0.277	CGTCTTTCT
SRSF1_1385		peak43_Miat	2	8	+	7.15603	0.000559	0.21	GAGAGGA
SRSF1_1385		peak14_C77370	15	21	+	7.15603	0.000559	0.21	AGGAGGA
SRSF1_1385		peak36_Gm27627|Miat	22	28	+	7.15603	0.000559	0.21	AAGGGGA
SRSF1_1385		peak14_C77370	36	42	+	7.15603	0.000559	0.21	AAGGGGA
SRSF1_1385		peak13_Slc8a1	40	46	+	7.15603	0.000559	0.21	AAGGGGA
SRSF1_1385		peak3_Miat	42	48	+	7.15603	0.000559	0.21	AAGAGGG
HNRNPA2B1_703		peak49_Slc8a1	10	20	+	2.17143	0.00056	0.249	GCAAACTAGCC
HNRNPA2B1_707		peak14_C77370	33	43	+	2.27857	0.00056	0.205	GAGAAGGGGAC
HNRNPA2B1_707		peak13_Slc8a1	37	47	+	2.27857	0.00056	0.205	GAGAAGGGGAC
HNRNPA1_648		peak29_Miat	4	9	+	5.70922	0.000561	0.305	GCGGAG
HNRNPA1_663		peak29_Miat	3	8	+	5.70922	0.000561	0.271	GGCGGA
HNRNPA1_663		peak19_Slc8a1	27	32	+	5.70922	0.000561	0.271	GGAGGC
PTBP1_994		peak41_Gfap	1	9	+	4.71429	0.000563	0.259	CTTCACCTT
SRSF1_1319		peak14_C77370	11	19	+	4.84397	0.000566	0.175	AGGGAGGAG
SRSF1_1319		peak14_C77370	33	41	+	4.84397	0.000566	0.175	GAGAAGGGG
SRSF1_1319		peak13_Slc8a1	37	45	+	4.84397	0.000566	0.175	GAGAAGGGG
SRSF1_1226		peak20_Miat	28	39	+	-1.98571	0.00057	0.224	TCAGGAAGGCCC
PTBP1_993		peak4_Mbp	28	35	+	3.19286	0.000571	0.49	GAGCCGTG
FUS_s31		peak46_Mbp	33	38	+	9.10092	0.000571	0.308	TGGTGG
FUS_s31		peak55_Sparc	36	41	+	9.10092	0.000571	0.308	TGGTGG
HNRNPA1_687		peak22_Gm27998|Miat	36	45	+	0.55	0.000571	0.476	CAGGGGCTGA
SRSF1_1239		peak31_Mbp	10	18	+	4.21986	0.000586	0.504	AGGGAAGAA
SRSF1_1239		peak36_Gm27627|Miat	21	29	+	4.21986	0.000586	0.504	AAAGGGGAA
SRSF1_1214		peak20_Miat	7	16	+	0.571429	0.000591	0.357	AGGCTGGGAC
ELAVL1_M232_0.6		peak11_Mbp	2	8	+	8.49655	0.000591	0.527	TTTGTTT
ELAVL1_M127_0.6		peak11_Mbp	3	9	+	8.58621	0.000593	0.319	TTGTTTT
HNRNPA1_1346		peak1_Gm27627|Miat	39	48	+	0.514286	0.000594	0.402	CGCGACGAGA
HNRNPA1_649		peak1_Gm27627|Miat	39	48	+	0.514286	0.000594	0.401	CGCGACGAGA
HNRNPA1_640		peak1_Gm27627|Miat	39	48	+	0.514286	0.000594	0.403	CGCGACGAGA
HNRNPA2B1_697		peak1_Gm27627|Miat	39	48	+	0.514286	0.000594	0.403	CGCGACGAGA
HNRNPA1_647		peak1_Gm27627|Miat	39	48	+	0.514286	0.000594	0.403	CGCGACGAGA
TARDBP_1281		peak57_Gm27998|Miat	18	25	+	3.19149	0.000596	0.381	TGGGGGTG
SRSF1_1338		peak43_Miat	30	41	+	-2.03546	0.000597	0.175	GCACAGTCGGGA
PTBP1_s100		peak51_Gnas	8	14	+	8.85714	0.000598	0.253	TCTTTCT
SRSF1_1390		peak29_Miat	33	41	+	4.41844	0.000601	0.306	GAGGATGTA
SRSF1_1213		peak29_Miat	33	41	+	4.41844	0.000601	0.306	GAGGATGTA
SRSF1_M154_0.6		peak35_Miat	16	22	+	8.0979	0.000603	0.313	GGAAGAG
SRSF1_1235		peak32_Slc8a1	38	44	+	7.31429	0.000604	0.318	CAGAGCT
HNRNPA1_43		peak14_C77370	22	33	+	-2.03546	0.000607	0.478	TAAGGGGGTGGG
TARDBP_1283		peak7_Gm27882|Miat	21	32	+	-2.02128	0.000607	0.354	CTCCTGTGTGTG
TARDBP_178		peak7_Gm27882|Miat	21	32	+	-2.02128	0.000607	0.354	CTCCTGTGTGTG
TARDBP_1280		peak7_Gm27882|Miat	21	32	+	-2.02128	0.000607	0.354	CTCCTGTGTGTG
TARDBP_144		peak7_Gm27882|Miat	21	32	+	-2.02128	0.000607	0.351	CTCCTGTGTGTG
SRSF1_1312		peak19_Slc8a1	27	34	+	3.11429	0.000608	0.386	GGAGGCAC
SRSF1_1312		peak20_Miat	31	38	+	3.11429	0.000608	0.386	GGAAGGCC
SRSF1_1219		peak17_Mbp	32	37	+	5.57143	0.000609	0.539	GGGTTC
SRSF1_1224		peak54_Plp1	6	12	+	7.27857	0.000612	0.174	CACACAG
SRSF1_1224		peak59_Miat	27	33	+	7.27857	0.000612	0.174	CACACAG
SRSF1_1230		peak25_Gnas	16	25	+	5.46809	0.000613	0.355	AAAACAGAAA
SRSF1_375		peak20_Miat	31	38	+	3.11429	0.000616	0.787	GGAAGGCC
SRSF1_1335		peak10_Gm27627|Miat	35	41	+	7.63571	0.000616	0.439	TGCAGGC
SRSF1_1218		peak54_Plp1	12	17	+	5.57857	0.000617	1	GCCTAC
QKI_104		peak50_Sirt2	16	27	+	-2.10714	0.000619	0.126	CCACCATAGCCT
QKI_104		peak50_Sirt2	32	43	+	-2.10714	0.000619	0.126	CCACCATAGCCT
TARDBP_M074_0.6		peak19_Slc8a1	11	18	+	8.51064	0.000623	1	TGAATGTT
NOVA2_s28		peak13_Slc8a1	29	34	+	9.07339	0.000624	0.324	AGCACC
NOVA1_s27		peak13_Slc8a1	29	34	+	9.07339	0.000624	0.324	AGCACC
HNRNPA1_1306		peak1_Gm27627|Miat	24	33	+	0.58156	0.000625	0.168	CAGGACGCTG
SRSF1_1336		peak1_Gm27627|Miat	24	33	+	0.58156	0.000625	0.168	CAGGACGCTG
PTBP1_25		peak59_Miat	37	45	+	4.72857	0.000628	0.277	CTTCTACCT
PTBP1_1024		peak59_Miat	37	45	+	4.72857	0.000628	0.275	CTTCTACCT
PTBP1_1009		peak59_Miat	37	45	+	4.72857	0.000628	0.277	CTTCTACCT
HNRNPA1_678		peak14_C77370	2	7	+	5.53191	0.000628	0.849	TGGGGT
HNRNPA1_690		peak14_C77370	2	7	+	5.53191	0.000628	0.849	TGGGGT
ELAVL1_M031_0.6		peak11_Mbp	2	8	+	8.51969	0.000629	0.317	TTTGTTT
PTBP1_1382		peak46_Mbp	27	33	+	7.25	0.000635	0.274	GTTCTCT
HNRNPA2B1_706		peak14_C77370	33	43	+	2.27857	0.000635	0.192	GAGAAGGGGAC
HNRNPA2B1_706		peak13_Slc8a1	37	47	+	2.27857	0.000635	0.192	GAGAAGGGGAC
SRSF1_1222		peak16_Sirt2	16	21	+	5.53571	0.000636	0.851	GGCTAC
SRSF1_1393		peak30_nan	43	49	+	9.41837	0.000637	0.769	CAGCGGT
HNRNPA2B1_707		peak49_Slc8a1	10	20	+	2.17143	0.000639	0.205	GCAAACTAGCC
PTBP1_1379		peak20_Miat	29	38	+	0.55	0.00064	0.519	CAGGAAGGCC
PTBP1_1011		peak2_Qk	1	11	+	1.96429	0.00064	0.323	CTTTCTCACTT
SRSF1_1225		peak45_Sirt2	26	33	+	2.80851	0.00064	0.789	GAAGCAGC
HNRNPA2B1_M024_0.6		peak17_Mbp	26	32	+	8.33333	0.000644	0.609	TTAGGGG
HNRNPA1_1346		peak19_Slc8a1	19	28	+	0.428571	0.000648	0.402	CTGGACTTGG
HNRNPA1_649		peak19_Slc8a1	19	28	+	0.428571	0.000648	0.401	CTGGACTTGG
HNRNPA1_640		peak19_Slc8a1	19	28	+	0.428571	0.000648	0.403	CTGGACTTGG
HNRNPA2B1_697		peak19_Slc8a1	19	28	+	0.428571	0.000648	0.403	CTGGACTTGG
HNRNPA1_647		peak19_Slc8a1	19	28	+	0.428571	0.000648	0.403	CTGGACTTGG
HNRNPA1_1306		peak36_Gm27627|Miat	10	19	+	0.574468	0.000649	0.168	GAGGGGGGTT
HNRNPA1_1306		peak55_Sparc	14	23	+	0.574468	0.000649	0.168	GGGGGATGTG
SRSF1_1336		peak36_Gm27627|Miat	10	19	+	0.574468	0.000649	0.168	GAGGGGGGTT
SRSF1_1336		peak55_Sparc	14	23	+	0.574468	0.000649	0.168	GGGGGATGTG
PTBP1_143		peak34_Gm27998|Miat	27	31	+	5.57143	0.00065	0.345	CCTCC
PTBP1_143		peak37_Gm27882|Miat	28	32	+	5.57143	0.00065	0.345	CCTCC
PTBP1_143		peak31_Mbp	35	39	+	5.57143	0.00065	0.345	CCTCC
PTBP1_143		peak21_Mbp	38	42	+	5.57143	0.00065	0.345	CCTCC
PTBP1_143		peak57_Gm27998|Miat	39	43	+	5.57143	0.00065	0.345	CCTCC
HNRNPA1_52		peak49_Slc8a1	10	20	+	2.17143	0.000651	0.198	GCAAACTAGCC
HNRNPA2B1_125		peak49_Slc8a1	10	20	+	2.17143	0.000651	0.198	GCAAACTAGCC
HNRNPA2B1_708		peak49_Slc8a1	10	20	+	2.17143	0.000651	0.198	GCAAACTAGCC
HNRNPA1_183		peak49_Slc8a1	10	20	+	2.17143	0.000651	0.199	GCAAACTAGCC
HNRNPA2B1_705		peak49_Slc8a1	10	20	+	2.17143	0.000651	0.198	GCAAACTAGCC
PTBP1_995		peak8_Qk	4	15	+	-2.15	0.000653	0.2	TTTCTTTCCCCG
HNRNPA2B1_711		peak43_Miat	34	39	+	5.48936	0.000656	0.887	AGTCGG
HNRNPA1_691		peak43_Miat	36	41	+	5.48936	0.000656	1	TCGGGA
HNRNPA1_696		peak43_Miat	34	39	+	5.48936	0.000656	0.887	AGTCGG
HNRNPA1_664		peak26_Plp1	6	11	+	5.48936	0.000656	0.593	CAGGTG
HNRNPA1_664		peak21_Mbp	23	28	+	5.48936	0.000656	0.593	ACGGTG
HNRNPA1_664		peak5_Mbp	35	40	+	5.48936	0.000656	0.593	CAGGTG
SRSF1_1229		peak26_Plp1	6	11	+	5.48936	0.000656	0.593	CAGGTG
SRSF1_1229		peak21_Mbp	23	28	+	5.48936	0.000656	0.593	ACGGTG
SRSF1_1229		peak5_Mbp	35	40	+	5.48936	0.000656	0.593	CAGGTG
KHDRBS1_s33		peak56_Fam107a	18	23	+	9.33333	0.000656	1	TTTTAC
MBNL1_M320_0.6		peak22_Gm27998|Miat	26	33	+	3.21429	0.000657	0.459	CTGGCTGC
SRSF1_1364		peak24_Slc8a1	29	35	+	7.17143	0.00066	0.57	CTGACTT
SRSF1_1389		peak53_Cnp	2	10	+	4.31915	0.000662	0.953	GAGGAAGAT
SRSF1_1215		peak53_Cnp	2	10	+	4.31915	0.000662	0.953	GAGGAAGAT
SRSF1_1227		peak53_Cnp	2	10	+	4.31915	0.000662	0.953	GAGGAAGAT
SRSF1_1217		peak17_Mbp	39	49	+	1.68571	0.000662	1	TGTCACTGAAT
NOVA1_1129		peak8_Qk	2	8	+	6.75172	0.000665	0.431	TTTTTCT
NOVA1_1129		peak8_Qk	3	9	+	6.75172	0.000665	0.431	TTTTCTT
NOVA1_1129		peak8_Qk	4	10	+	6.75172	0.000665	0.431	TTTCTTT
NOVA1_1129		peak8_Qk	29	35	+	6.75172	0.000665	0.431	TTTTTTC
KHDRBS1_1159		peak8_Qk	2	8	+	6.75172	0.000665	0.431	TTTTTCT
KHDRBS1_1159		peak8_Qk	3	9	+	6.75172	0.000665	0.431	TTTTCTT
KHDRBS1_1159		peak8_Qk	4	10	+	6.75172	0.000665	0.431	TTTCTTT
KHDRBS1_1159		peak8_Qk	29	35	+	6.75172	0.000665	0.431	TTTTTTC
HNRNPA1_686		peak8_Qk	2	8	+	6.75172	0.000665	0.431	TTTTTCT
HNRNPA1_686		peak8_Qk	3	9	+	6.75172	0.000665	0.431	TTTTCTT
HNRNPA1_686		peak8_Qk	4	10	+	6.75172	0.000665	0.431	TTTCTTT
HNRNPA1_686		peak8_Qk	29	35	+	6.75172	0.000665	0.431	TTTTTTC
ELAVL1_1106		peak8_Qk	2	8	+	6.75172	0.000665	0.431	TTTTTCT
ELAVL1_1106		peak8_Qk	3	9	+	6.75172	0.000665	0.431	TTTTCTT
ELAVL1_1106		peak8_Qk	4	10	+	6.75172	0.000665	0.431	TTTCTTT
ELAVL1_1106		peak8_Qk	29	35	+	6.75172	0.000665	0.431	TTTTTTC
KHDRBS1_1158		peak8_Qk	2	8	+	6.75172	0.000665	0.431	TTTTTCT
KHDRBS1_1158		peak8_Qk	3	9	+	6.75172	0.000665	0.431	TTTTCTT
KHDRBS1_1158		peak8_Qk	4	10	+	6.75172	0.000665	0.431	TTTCTTT
KHDRBS1_1158		peak8_Qk	29	35	+	6.75172	0.000665	0.431	TTTTTTC
PTBP1_1015		peak8_Qk	2	8	+	6.75172	0.000665	0.431	TTTTTCT
PTBP1_1015		peak8_Qk	3	9	+	6.75172	0.000665	0.431	TTTTCTT
PTBP1_1015		peak8_Qk	4	10	+	6.75172	0.000665	0.431	TTTCTTT
PTBP1_1015		peak8_Qk	29	35	+	6.75172	0.000665	0.431	TTTTTTC
HNRNPA1_683		peak8_Qk	2	8	+	6.75172	0.000665	0.431	TTTTTCT
HNRNPA1_683		peak8_Qk	3	9	+	6.75172	0.000665	0.431	TTTTCTT
HNRNPA1_683		peak8_Qk	4	10	+	6.75172	0.000665	0.431	TTTCTTT
HNRNPA1_683		peak8_Qk	29	35	+	6.75172	0.000665	0.431	TTTTTTC
NOVA2_s95		peak8_Qk	2	8	+	6.75172	0.000665	0.431	TTTTTCT
NOVA2_s95		peak8_Qk	3	9	+	6.75172	0.000665	0.431	TTTTCTT
NOVA2_s95		peak8_Qk	4	10	+	6.75172	0.000665	0.431	TTTCTTT
NOVA2_s95		peak8_Qk	29	35	+	6.75172	0.000665	0.431	TTTTTTC
ELAVL1_1108		peak8_Qk	2	8	+	6.75172	0.000665	0.431	TTTTTCT
ELAVL1_1108		peak8_Qk	3	9	+	6.75172	0.000665	0.431	TTTTCTT
ELAVL1_1108		peak8_Qk	4	10	+	6.75172	0.000665	0.431	TTTCTTT
ELAVL1_1108		peak8_Qk	29	35	+	6.75172	0.000665	0.431	TTTTTTC
PTBP1_1018		peak8_Qk	2	8	+	6.75172	0.000665	0.431	TTTTTCT
PTBP1_1018		peak8_Qk	3	9	+	6.75172	0.000665	0.431	TTTTCTT
PTBP1_1018		peak8_Qk	4	10	+	6.75172	0.000665	0.431	TTTCTTT
PTBP1_1018		peak8_Qk	29	35	+	6.75172	0.000665	0.431	TTTTTTC
FUS_1061		peak8_Qk	2	8	+	6.75172	0.000665	0.431	TTTTTCT
FUS_1061		peak8_Qk	3	9	+	6.75172	0.000665	0.431	TTTTCTT
FUS_1061		peak8_Qk	4	10	+	6.75172	0.000665	0.431	TTTCTTT
FUS_1061		peak8_Qk	29	35	+	6.75172	0.000665	0.431	TTTTTTC
HNRNPA1_657		peak23_Mbp	5	10	+	5.8	0.000667	1	CACGGC
HNRNPA1_659		peak1_Gm27627|Miat	32	41	+	0.692857	0.000667	0.265	TGTGGCACGC
PTBP1_1012		peak7_Gm27882|Miat	8	18	+	1.9	0.000677	0.222	TTCTCTCTAGT
PTBP1_1012		peak58_Gpm6b	19	29	+	1.9	0.000677	0.222	TACTGTCTTCT
PTBP1_1013		peak7_Gm27882|Miat	8	18	+	1.9	0.000677	0.222	TTCTCTCTAGT
PTBP1_1013		peak58_Gpm6b	19	29	+	1.9	0.000677	0.222	TACTGTCTTCT
ELAVL1_1107		peak27_Miat	42	48	+	8.04286	0.000679	0.363	CCACCCC
HNRNPA1_684		peak27_Miat	42	48	+	8.04286	0.000679	0.363	CCACCCC
NOVA1_1127		peak27_Miat	42	48	+	8.04286	0.000679	0.364	CCACCCC
PTBP1_1016		peak27_Miat	42	48	+	8.04286	0.000679	0.364	CCACCCC
HNRNPA1_674		peak47_Qk	15	24	+	0.141844	0.000683	1	TTAGCCTAGC
NOVA1_440		peak47_Qk	24	30	+	7.31429	0.000686	0.285	CAGTCAG
NOVA1_440		peak47_Qk	28	34	+	7.31429	0.000686	0.285	CAGTGAC
NOVA1_440		peak41_Gfap	39	45	+	7.31429	0.000686	0.285	CAGTCAG
TARDBP_541		peak40_Ntrk2	22	29	+	2.88652	0.000687	1	GCGACTGA
SRSF1_1220		peak27_Miat	2	7	+	5.75714	0.000688	0.74	GGGCAC
HNRNPA1_658		peak57_Gm27998|Miat	6	11	+	5.75714	0.000688	0.283	CAGGGC
HNRNPA1_658		peak1_Gm27627|Miat	13	18	+	5.75714	0.000688	0.283	CAGGGC
PTBP1_s12		peak4_Mbp	14	19	+	8.81651	0.00069	0.503	CTCTTA
PTBP1_1368		peak23_Mbp	31	38	+	3.13571	0.000692	0.164	TTCGTCCC
PTBP1_71		peak23_Mbp	32	39	+	3.13571	0.000692	0.388	TCGTCCCT
PTBP1_1023		peak23_Mbp	32	39	+	3.13571	0.000692	0.388	TCGTCCCT
SRSF1_1383		peak14_C77370	9	16	+	3.03546	0.000693	0.226	GGAGGGAG
SRSF1_1383		peak14_C77370	12	19	+	3.03546	0.000693	0.226	GGGAGGAG
SRSF1_1383		peak14_C77370	13	20	+	3.03546	0.000693	0.226	GGAGGAGG
SRSF1_1338		peak3_Miat	3	14	+	-2.09929	0.000694	0.18	GCAGAGAAGCCC
SRSF1_1211		peak25_Gnas	31	39	+	4.43262	0.000699	0.847	GATGAAGTC
NOVA1_1378		peak17_Mbp	37	44	+	3.07857	0.000702	0.551	CCTGTCAC
SRSF1_1327		peak43_Miat	26	34	+	4.44681	0.000703	0.895	TGATGCACA
SRSF1_1373		peak34_Gm27998|Miat	35	42	+	3.15714	0.000703	0.251	AGAGCCCG
SRSF1_1212		peak34_Gm27998|Miat	35	42	+	3.15714	0.000703	0.251	AGAGCCCG
PTBP1_1011		peak51_Gnas	5	15	+	1.92143	0.000704	0.323	ACGTCTTTCTT
PTBP1_1011		peak9_Gm27882|Miat	20	30	+	1.92143	0.000704	0.323	TGGTTTCTCTT
HNRNPA1_655		peak11_Mbp	1	8	+	2.33103	0.000708	1	CTTTGTTT
ELAVL1_M031_0.6		peak8_Qk	29	35	+	8.33071	0.00071	0.317	TTTTTTC
ELAVL1_s101		peak18_Mbp	18	24	+	8.78571	0.000718	0.319	TTGATTT
ELAVL1_s101		peak26_Plp1	27	33	+	8.78571	0.000718	0.319	TTAGTTT
ELAVL1_s101		peak38_Plp1	38	44	+	8.78571	0.000718	0.319	TTGATTT
ZFP36_49		peak54_Plp1	22	27	+	4.39837	0.000719	1	TTGTGT
SRSF1_s50		peak53_Cnp	30	36	+	8.05051	0.000723	0.41	CAGAGGT
SRSF1_M106_0.6		peak17_Mbp	8	15	+	8.11348	0.000723	0.473	AAGGACTC
PTBP1_M227_0.6		peak8_Qk	28	34	+	8.06164	0.000724	0.416	ATTTTTT
SRSF1_s49		peak3_Miat	13	19	+	6.81633	0.000724	0.41	CCGAGGA
PTBP1_1359		peak12_Miat	8	13	+	5.7	0.00073	0.459	CTCTCC
PTBP1_1359		peak4_Mbp	10	15	+	5.7	0.00073	0.459	CCCTCT
PTBP2_1370		peak12_Miat	8	13	+	5.7	0.00073	0.465	CTCTCC
PTBP2_1370		peak4_Mbp	10	15	+	5.7	0.00073	0.465	CCCTCT
PTBP1_380		peak12_Miat	8	13	+	5.7	0.00073	0.459	CTCTCC
PTBP1_380		peak4_Mbp	10	15	+	5.7	0.00073	0.459	CCCTCT
PTBP1_1025		peak12_Miat	8	13	+	5.7	0.00073	0.459	CTCTCC
PTBP1_1025		peak4_Mbp	10	15	+	5.7	0.00073	0.459	CCCTCT
PTBP1_133		peak12_Miat	8	13	+	5.7	0.00073	0.459	CTCTCC
PTBP1_133		peak4_Mbp	10	15	+	5.7	0.00073	0.459	CCCTCT
PTBP1_1006		peak12_Miat	8	13	+	5.7	0.00073	0.459	CTCTCC
PTBP1_1006		peak4_Mbp	10	15	+	5.7	0.00073	0.459	CCCTCT
PTBP1_992		peak12_Miat	9	14	+	5.7	0.00073	0.369	TCTCCC
PTBP1_992		peak4_Mbp	11	16	+	5.7	0.00073	0.369	CCTCTC
PTBP1_992		peak37_Gm27882|Miat	26	31	+	5.7	0.00073	0.369	TCCCTC
PTBP1_1008		peak12_Miat	8	13	+	5.7	0.00073	0.459	CTCTCC
PTBP1_1008		peak4_Mbp	10	15	+	5.7	0.00073	0.459	CCCTCT
PTBP1_1004		peak12_Miat	8	13	+	5.7	0.00073	0.459	CTCTCC
PTBP1_1004		peak4_Mbp	10	15	+	5.7	0.00073	0.459	CCCTCT
PTBP2_1134		peak12_Miat	8	13	+	5.7	0.00073	0.459	CTCTCC
PTBP2_1134		peak4_Mbp	10	15	+	5.7	0.00073	0.459	CCCTCT
SRSF1_1224		peak33_Slc8a1	40	46	+	7.19286	0.000731	0.187	CAGAGAG
HNRNPA1_673		peak2_Qk	34	40	+	7.01418	0.000736	0.497	GTTGAGA
HNRNPA1_653		peak29_Miat	44	50	+	7.01418	0.000736	0.993	TAGTGAG
PTBP1_995		peak23_Mbp	28	39	+	-2.22857	0.00074	0.2	CTATTCGTCCCT
SRSF1_s51		peak1_Gm27627|Miat	38	44	+	7.99	0.000742	1	ACGCGAC
ELAVL1_M127_0.6		peak26_Plp1	45	51	+	8.1931	0.000742	0.333	ATTGTTT
PTBP1_996		peak34_Gm27998|Miat	6	13	+	3.35714	0.000742	0.156	CCATGCCC
SRSF1_1389		peak45_Sirt2	23	31	+	4.29078	0.000745	0.953	CAAGAAGCA
SRSF1_1215		peak45_Sirt2	23	31	+	4.29078	0.000745	0.953	CAAGAAGCA
SRSF1_1227		peak45_Sirt2	23	31	+	4.29078	0.000745	0.953	CAAGAAGCA
MBNL1_M320_0.6		peak21_Mbp	41	48	+	3.19388	0.000746	0.459	CCAGCTTC
HNRNPA2B1_707		peak45_Sirt2	24	34	+	2.06429	0.000747	0.209	AAGAAGCAGCC
PTBP1_1381		peak27_Miat	5	14	+	0.835714	0.000748	0.176	CACCCCACTC
PTBP1_1381		peak21_Mbp	32	41	+	0.835714	0.000748	0.176	CACACCCCTC
SRSF1_1223		peak31_Mbp	11	17	+	7.15	0.00075	0.971	GGGAAGA
SRSF1_1223		peak35_Miat	15	21	+	7.15	0.00075	0.971	GGGAAGA
SRSF1_1238		peak9_Gm27882|Miat	3	9	+	7.61429	0.000753	0.894	AACCCGG
SRSF1_1231		peak20_Miat	14	21	+	3.10638	0.000755	0.305	GACGCGGA
SRSF1_M154_0.6		peak14_C77370	32	38	+	7.83217	0.000758	0.314	GGAGAAG
ELAVL1_161		peak38_Plp1	14	25	+	-2.75172	0.00076	0.904	TTCCTTCATTTC
SRSF1_1230		peak3_Miat	2	11	+	0.170213	0.000761	0.355	CGCAGAGAAG
SRSF1_1230		peak41_Gfap	32	41	+	0.170213	0.000761	0.355	AAAGGCGCAG
HNRNPA1_52		peak45_Sirt2	21	31	+	2.02143	0.000765	0.198	GGCAAGAAGCA
HNRNPA2B1_125		peak45_Sirt2	21	31	+	2.02143	0.000765	0.198	GGCAAGAAGCA
HNRNPA2B1_708		peak45_Sirt2	21	31	+	2.02143	0.000765	0.198	GGCAAGAAGCA
HNRNPA1_183		peak45_Sirt2	21	31	+	2.02143	0.000765	0.199	GGCAAGAAGCA
HNRNPA2B1_705		peak45_Sirt2	21	31	+	2.02143	0.000765	0.198	GGCAAGAAGCA
FUS_s31		peak59_Miat	17	22	+	8.93578	0.000767	0.345	GGGTGT
HNRNPA1_1306		peak36_Gm27627|Miat	24	33	+	0.531915	0.000767	0.168	GGGGAAGGCT
SRSF1_1336		peak36_Gm27627|Miat	24	33	+	0.531915	0.000767	0.168	GGGGAAGGCT
SRSF1_1367		peak45_Sirt2	26	32	+	7.19149	0.000769	0.339	GAAGCAG
HNRNPA1_692		peak20_Miat	29	35	+	7.19149	0.000769	0.291	CAGGAAG
HNRNPA1_692		peak3_Miat	30	36	+	7.19149	0.000769	0.291	CAGGAAG
MBNL1_1122		peak12_Miat	18	27	+	0.485714	0.000771	0.348	GGCAGCTCTT
HNRNPA1_1304		peak55_Sparc	15	19	+	10.0922	0.000773	0.423	GGGGA
HNRNPA1_1304		peak36_Gm27627|Miat	24	28	+	10.0922	0.000773	0.423	GGGGA
HNRNPA1_1304		peak29_Miat	30	34	+	10.0922	0.000773	0.423	GGGGA
HNRNPA1_1304		peak14_C77370	38	42	+	10.0922	0.000773	0.423	GGGGA
HNRNPA1_1304		peak13_Slc8a1	42	46	+	10.0922	0.000773	0.423	GGGGA
MBNL1_1123		peak52_Gm27627|Miat	4	9	+	5.61429	0.000776	0.504	GGCCTT
MBNL1_1123		peak37_Gm27882|Miat	9	14	+	5.61429	0.000776	0.504	GGCTTC
MBNL1_1123		peak10_Gm27627|Miat	46	51	+	5.61429	0.000776	0.504	GGCCTT
TARDBP_1281		peak7_Gm27882|Miat	23	30	+	3.04255	0.000776	0.398	CCTGTGTG
SRSF1_17		peak42_Mbp	14	20	+	7.07857	0.000778	0.967	CACACTA
SRSF1_1241		peak42_Mbp	14	20	+	7.07857	0.000778	0.952	CACACTA
SRSF1_1353		peak17_Mbp	6	14	+	4.35461	0.00078	0.398	GAAAGGACT
ELAVL1_84		peak18_Mbp	14	24	+	1.34483	0.000781	0.593	TCTTTTGATTT
PTBP1_1372		peak12_Miat	8	12	+	10.0786	0.000782	0.652	CTCTC
PTBP1_1372		peak7_Gm27882|Miat	10	14	+	10.0786	0.000782	0.652	CTCTC
PTBP1_1372		peak4_Mbp	12	16	+	10.0786	0.000782	0.652	CTCTC
PTBP2_1317		peak12_Miat	8	12	+	10.0786	0.000782	0.652	CTCTC
PTBP2_1317		peak7_Gm27882|Miat	10	14	+	10.0786	0.000782	0.652	CTCTC
PTBP2_1317		peak4_Mbp	12	16	+	10.0786	0.000782	0.652	CTCTC
PTBP1_8		peak12_Miat	8	12	+	10.0786	0.000782	0.65	CTCTC
PTBP1_8		peak7_Gm27882|Miat	10	14	+	10.0786	0.000782	0.65	CTCTC
PTBP1_8		peak4_Mbp	12	16	+	10.0786	0.000782	0.65	CTCTC
NOVA1_s94		peak24_Slc8a1	8	19	+	-2.37143	0.000789	0.314	ACCTTCATCCAG
NOVA1_s94		peak32_Slc8a1	23	34	+	-2.37143	0.000789	0.314	TCACTCATCGGT
HNRNPA1_1306		peak20_Miat	29	38	+	0.503546	0.000794	0.168	CAGGAAGGCC
HNRNPA1_1306		peak29_Miat	30	39	+	0.503546	0.000794	0.168	GGGGAGGATG
SRSF1_1336		peak20_Miat	29	38	+	0.503546	0.000794	0.168	CAGGAAGGCC
SRSF1_1336		peak29_Miat	30	39	+	0.503546	0.000794	0.168	GGGGAGGATG
PTBP1_100		peak37_Gm27882|Miat	5	14	+	0.528571	0.000798	0.323	TCTGGGCTTC
PTBP1_71		peak43_Miat	43	50	+	3.09286	0.000802	0.388	GCGTCTCT
PTBP1_1023		peak43_Miat	43	50	+	3.09286	0.000802	0.388	GCGTCTCT
PTBP1_995		peak12_Miat	39	50	+	-2.25714	0.000803	0.2	TTGTCTAACCCC
NOVA1_s94		peak24_Slc8a1	22	33	+	-2.40714	0.000809	0.314	TCACTCACTGAC
NOVA1_1128		peak14_C77370	8	14	+	7.78014	0.000809	0.127	GGGAGGG
NOVA1_1128		peak36_Gm27627|Miat	9	15	+	7.78014	0.000809	0.127	GGAGGGG
NOVA1_1128		peak36_Gm27627|Miat	10	16	+	7.78014	0.000809	0.127	GAGGGGG
NOVA1_1128		peak36_Gm27627|Miat	11	17	+	7.78014	0.000809	0.127	AGGGGGG
NOVA1_1128		peak17_Mbp	28	34	+	7.78014	0.000809	0.127	AGGGGGG
NOVA1_1128		peak29_Miat	30	36	+	7.78014	0.000809	0.127	GGGGAGG
NOVA1_1128		peak41_Gfap	45	51	+	7.78014	0.000809	0.127	GGAGGGG
NOVA2_s96		peak14_C77370	8	14	+	7.78014	0.000809	0.127	GGGAGGG
NOVA2_s96		peak36_Gm27627|Miat	9	15	+	7.78014	0.000809	0.127	GGAGGGG
NOVA2_s96		peak36_Gm27627|Miat	10	16	+	7.78014	0.000809	0.127	GAGGGGG
NOVA2_s96		peak36_Gm27627|Miat	11	17	+	7.78014	0.000809	0.127	AGGGGGG
NOVA2_s96		peak17_Mbp	28	34	+	7.78014	0.000809	0.127	AGGGGGG
NOVA2_s96		peak29_Miat	30	36	+	7.78014	0.000809	0.127	GGGGAGG
NOVA2_s96		peak41_Gfap	45	51	+	7.78014	0.000809	0.127	GGAGGGG
FUS_1059		peak14_C77370	8	14	+	7.78014	0.000809	0.127	GGGAGGG
FUS_1059		peak36_Gm27627|Miat	9	15	+	7.78014	0.000809	0.127	GGAGGGG
FUS_1059		peak36_Gm27627|Miat	10	16	+	7.78014	0.000809	0.127	GAGGGGG
FUS_1059		peak36_Gm27627|Miat	11	17	+	7.78014	0.000809	0.127	AGGGGGG
FUS_1059		peak17_Mbp	28	34	+	7.78014	0.000809	0.127	AGGGGGG
FUS_1059		peak29_Miat	30	36	+	7.78014	0.000809	0.127	GGGGAGG
FUS_1059		peak41_Gfap	45	51	+	7.78014	0.000809	0.127	GGAGGGG
FUS_1060		peak14_C77370	8	14	+	7.78014	0.000809	0.127	GGGAGGG
FUS_1060		peak36_Gm27627|Miat	9	15	+	7.78014	0.000809	0.127	GGAGGGG
FUS_1060		peak36_Gm27627|Miat	10	16	+	7.78014	0.000809	0.127	GAGGGGG
FUS_1060		peak36_Gm27627|Miat	11	17	+	7.78014	0.000809	0.127	AGGGGGG
FUS_1060		peak17_Mbp	28	34	+	7.78014	0.000809	0.127	AGGGGGG
FUS_1060		peak29_Miat	30	36	+	7.78014	0.000809	0.127	GGGGAGG
FUS_1060		peak41_Gfap	45	51	+	7.78014	0.000809	0.127	GGAGGGG
PTBP1_1017		peak14_C77370	8	14	+	7.78014	0.000809	0.127	GGGAGGG
PTBP1_1017		peak36_Gm27627|Miat	9	15	+	7.78014	0.000809	0.127	GGAGGGG
PTBP1_1017		peak36_Gm27627|Miat	10	16	+	7.78014	0.000809	0.127	GAGGGGG
PTBP1_1017		peak36_Gm27627|Miat	11	17	+	7.78014	0.000809	0.127	AGGGGGG
PTBP1_1017		peak17_Mbp	28	34	+	7.78014	0.000809	0.127	AGGGGGG
PTBP1_1017		peak29_Miat	30	36	+	7.78014	0.000809	0.127	GGGGAGG
PTBP1_1017		peak41_Gfap	45	51	+	7.78014	0.000809	0.127	GGAGGGG
HNRNPA1_s32		peak0_Miat	18	23	+	8.52294	0.000809	0.739	TAGGAA
HNRNPA1_s32		peak6_Qk	24	29	+	8.52294	0.000809	0.739	TAGGAA
HNRNPA1_s32		peak5_Mbp	27	32	+	8.52294	0.000809	0.739	TAGGAA
HNRNPA1_M271_0.6		peak0_Miat	18	23	+	7.24823	0.000809	0.743	TAGGAA
HNRNPA1_M271_0.6		peak6_Qk	24	29	+	7.24823	0.000809	0.743	TAGGAA
HNRNPA1_M271_0.6		peak5_Mbp	27	32	+	7.24823	0.000809	0.743	TAGGAA
SRSF1_1226		peak14_C77370	31	42	+	-2.22143	0.000811	0.272	GGGAGAAGGGGA
SRSF1_1232		peak14_C77370	16	22	+	7.25	0.000817	0.692	GGAGGAT
SRSF1_1232		peak29_Miat	32	38	+	7.25	0.000817	0.692	GGAGGAT
SRSF1_1236		peak3_Miat	2	8	+	7.57143	0.000819	0.277	CGCAGAG
SRSF1_1236		peak33_Slc8a1	10	16	+	7.57143	0.000819	0.277	CGCAGGA
SRSF1_1393		peak29_Miat	5	11	+	9.37755	0.00082	0.769	CGGAGGT
HNRNPA1_660		peak29_Miat	5	12	+	3.15	0.000824	1	CGGAGGTG
NOVA1_459		peak41_Gfap	3	7	+	10	0.000824	0.427	TCACC
NOVA1_459		peak5_Mbp	20	24	+	10	0.000824	0.427	TCACC
NOVA1_459		peak41_Gfap	25	29	+	10	0.000824	0.427	TCACC
NOVA1_459		peak6_Qk	35	39	+	10	0.000824	0.427	TCACC
NOVA1_459		peak57_Gm27998|Miat	36	40	+	10	0.000824	0.427	TCACC
SRSF1_M103_0.6		peak25_Gnas	30	36	+	8.16312	0.000826	0.313	GGATGAA
NOVA2_M325_0.6		peak6_Qk	26	41	+	3.86429	0.000827	0.376	GGAACACGATCACCAC
HNRNPA1_659		peak1_Gm27627|Miat	19	28	+	0.628571	0.000828	0.282	TCGGCCAGGA
HNRNPA1_693		peak35_Miat	31	40	+	0.257143	0.000829	0.587	CAACCAGGCA
PTBP1_25		peak52_Gm27627|Miat	7	15	+	4.68571	0.00083	0.277	CTTCTGTCA
PTBP1_1024		peak52_Gm27627|Miat	7	15	+	4.68571	0.00083	0.275	CTTCTGTCA
PTBP1_1009		peak52_Gm27627|Miat	7	15	+	4.68571	0.00083	0.277	CTTCTGTCA
SRSF1_1373		peak30_nan	17	24	+	3.11429	0.000832	0.251	GCAGCAGG
SRSF1_1373		peak10_Gm27627|Miat	38	45	+	3.11429	0.000832	0.251	AGGCCAGG
SRSF1_1212		peak30_nan	17	24	+	3.11429	0.000832	0.251	GCAGCAGG
SRSF1_1212		peak10_Gm27627|Miat	38	45	+	3.11429	0.000832	0.251	AGGCCAGG
PTBP1_105		peak13_Slc8a1	14	21	+	3.13571	0.000835	0.641	CCCTCATC
PTBP1_1022		peak13_Slc8a1	14	21	+	3.13571	0.000835	0.641	CCCTCATC
PTBP1_1002		peak21_Mbp	6	13	+	3.13571	0.000835	0.275	CCATCCTC
PTBP1_1002		peak23_Mbp	33	40	+	3.13571	0.000835	0.275	CGTCCCTT
ELAVL1_84		peak55_Sparc	1	11	+	1.32414	0.000836	0.593	CTTATTTCATT
SRSF1_1233		peak14_C77370	16	22	+	7.25532	0.000837	0.239	GGAGGAT
SRSF1_1233		peak29_Miat	32	38	+	7.25532	0.000837	0.239	GGAGGAT
HNRNPA2B1_706		peak22_Gm27998|Miat	32	42	+	-3.18571	0.000841	0.192	GCCCCAGGGGC
MBNL1_1122		peak37_Gm27882|Miat	27	36	+	0.392857	0.000841	0.348	CCCTCCTTTT
PTBP1_1003		peak51_Gnas	6	12	+	7.25	0.000842	0.508	CGTCTTT
PTBP1_1003		peak12_Miat	22	28	+	7.25	0.000842	0.508	GCTCTTT
PTBP1_100		peak7_Gm27882|Miat	3	12	+	0.414286	0.000842	0.323	CCTTCTTCTC
PTBP1_100		peak12_Miat	4	13	+	0.414286	0.000842	0.323	CTTTCTCTCC
PTBP1_M227_0.6		peak23_Mbp	38	44	+	7.73973	0.000851	0.416	CTTTTCG
KHDRBS1_M060_0.6		peak25_Gnas	14	20	+	7.65068	0.000852	1	TAAAAAC
MBNL1_M037_0.6		peak58_Gpm6b	35	41	+	7.95105	0.000853	0.779	GGCTTAC
SRSF1_M104_0.6		peak25_Gnas	30	36	+	8.02128	0.000853	0.322	GGATGAA
SRSF1_1230		peak31_Mbp	7	16	+	0.134752	0.000853	0.355	AGCAGGGAAG
SRSF1_1220		peak14_C77370	38	43	+	5.71429	0.00086	0.74	GGGGAC
SRSF1_1220		peak13_Slc8a1	42	47	+	5.71429	0.00086	0.74	GGGGAC
HNRNPA1_658		peak36_Gm27627|Miat	2	7	+	5.71429	0.00086	0.283	GAGGGC
HNRNPA1_658		peak3_Miat	22	27	+	5.71429	0.00086	0.283	GAGGGC
HNRNPA1_658		peak3_Miat	44	49	+	5.71429	0.00086	0.283	GAGGGC
PTBP1_1012		peak11_Mbp	3	13	+	1.7	0.00086	0.222	TTGTTTTTCCT
PTBP1_1012		peak9_Gm27882|Miat	24	34	+	1.7	0.00086	0.222	TTCTCTTCTTA
PTBP1_1013		peak11_Mbp	3	13	+	1.7	0.00086	0.222	TTGTTTTTCCT
PTBP1_1013		peak9_Gm27882|Miat	24	34	+	1.7	0.00086	0.222	TTCTCTTCTTA
PTBP1_994		peak31_Mbp	36	44	+	4.60714	0.000861	0.294	CTCCAGATT
HNRNPA2B1_M024_0.6		peak0_Miat	3	9	+	7.65248	0.000861	0.609	GCAGGGA
HNRNPA2B1_M024_0.6		peak31_Mbp	8	14	+	7.65248	0.000861	0.609	GCAGGGA
ELAVL1_M232_0.6		peak44_Etl4	17	23	+	8.22069	0.000861	0.575	TTATTTT
MBNL1_1122		peak54_Plp1	33	42	+	0.371429	0.000864	0.348	CTCTGCCTTT
SRSF1_1240		peak56_Fam107a	32	38	+	6.97857	0.000865	1	AACACCA
QKI_1141		peak45_Sirt2	42	47	+	5.09286	0.000867	1	ACTTCT
QKI_1141		peak49_Slc8a1	43	48	+	5.09286	0.000867	1	ACTTCT
PTBP1_1314		peak34_Gm27998|Miat	12	20	+	-0.714286	0.000868	0.181	CCCTGCCCC
NOVA2_s28		peak15_Mbp	11	16	+	8.77064	0.000869	0.324	AACACC
NOVA2_s28		peak56_Fam107a	32	37	+	8.77064	0.000869	0.324	AACACC
NOVA1_s27		peak15_Mbp	11	16	+	8.77064	0.000869	0.324	AACACC
NOVA1_s27		peak56_Fam107a	32	37	+	8.77064	0.000869	0.324	AACACC
MBNL1_1124		peak34_Gm27998|Miat	12	20	+	-0.714286	0.00087	0.227	CCCTGCCCC
MBNL1_1126		peak46_Mbp	1	10	+	0.707143	0.00087	0.386	GCGCATCTGG
SRSF1_1362		peak53_Cnp	2	10	+	4.31915	0.000873	1	GAGGAAGAT
SRSF1_1349		peak53_Cnp	26	31	+	5.45714	0.000875	0.77	GGACCA
SRSF1_1349		peak13_Slc8a1	44	49	+	5.45714	0.000875	0.77	GGACCA
HNRNPA1_651		peak29_Miat	13	17	+	9.91429	0.000876	0.778	CTGAG
HNRNPA1_651		peak48_Mbp	37	41	+	9.91429	0.000876	0.778	CTGAG
HNRNPA1_651		peak19_Slc8a1	45	49	+	9.91429	0.000876	0.778	CTGAG
PTBP1_1011		peak58_Gpm6b	24	34	+	1.85714	0.000883	0.337	TCTTCTAACTG
HNRNPA1_656		peak1_Gm27627|Miat	19	24	+	5.87857	0.000884	1	TCGGCC
SRSF1_1230		peak3_Miat	16	25	+	0.0992908	0.000885	0.355	AGGAGAGAGG
HNRNPA1_641		peak0_Miat	27	32	+	5.71429	0.000888	0.262	CAGGGG
HNRNPA1_641		peak22_Gm27998|Miat	36	41	+	5.71429	0.000888	0.262	CAGGGG
HNRNPA1_641		peak35_Miat	39	44	+	5.71429	0.000888	0.262	CAGGGG
HNRNPA1_641		peak10_Gm27627|Miat	42	47	+	5.71429	0.000888	0.262	CAGGGG
PTBP1_993		peak1_Gm27627|Miat	28	35	+	3.00714	0.000889	0.49	ACGCTGTG
HNRNPA1_660		peak44_Etl4	44	51	+	3.11429	0.00089	1	CGTCTGTC
SRSF1_1335		peak33_Slc8a1	10	16	+	7.57143	0.000894	0.439	CGCAGGA
SRSF1_1335		peak30_nan	19	25	+	7.57143	0.000894	0.439	AGCAGGC
PTBP1_994		peak17_Mbp	13	21	+	4.48571	0.000894	0.294	CTCATTCTT
HNRNPA1_1306		peak0_Miat	8	17	+	0.425532	0.000894	0.168	GAGAGAGGGG
HNRNPA1_1306		peak14_C77370	32	41	+	0.425532	0.000894	0.168	GGAGAAGGGG
SRSF1_1336		peak0_Miat	8	17	+	0.425532	0.000894	0.168	GAGAGAGGGG
SRSF1_1336		peak14_C77370	32	41	+	0.425532	0.000894	0.168	GGAGAAGGGG
PTBP1_996		peak12_Miat	7	14	+	3.2	0.000897	0.156	TCTCTCCC
PTBP1_996		peak8_Qk	7	14	+	3.2	0.000897	0.156	CTTTCCCC
PTBP1_996		peak45_Sirt2	33	40	+	3.2	0.000897	0.156	CCTTCCCT
PTBP1_M227_0.6		peak22_Gm27998|Miat	19	25	+	7.70548	0.000897	0.416	CCTTTCC
SRSF1_s60		peak47_Qk	6	13	+	7.81818	0.000898	1	GGAAAAAC
SRSF1_1373		peak14_C77370	13	20	+	3.02857	0.0009	0.251	GGAGGAGG
SRSF1_1212		peak14_C77370	13	20	+	3.02857	0.0009	0.251	GGAGGAGG
PTBP1_1340		peak56_Fam107a	1	7	+	6.98571	0.000901	0.196	TGCTTTT
PTBP1_1340		peak18_Mbp	13	19	+	6.98571	0.000901	0.196	GTCTTTT
PTBP1_1340		peak24_Slc8a1	40	46	+	6.98571	0.000901	0.196	TTCTGTT
PTBP1_1340		peak23_Mbp	41	47	+	6.98571	0.000901	0.196	TTCGTTT
PTBP1_991		peak32_Slc8a1	1	7	+	6.98571	0.000901	0.235	TTGCTTT
PTBP1_991		peak18_Mbp	12	18	+	6.98571	0.000901	0.235	TGTCTTT
PTBP1_991		peak23_Mbp	40	46	+	6.98571	0.000901	0.235	TTTCGTT
SRSF1_1326		peak33_Slc8a1	11	16	+	5.41135	0.000902	0.491	GCAGGA
SRSF1_1326		peak46_Mbp	21	26	+	5.41135	0.000902	0.491	GCAGGA
SRSF1_1326		peak36_Gm27627|Miat	27	32	+	5.41135	0.000902	0.491	GAAGGC
SRSF1_1326		peak5_Mbp	30	35	+	5.41135	0.000902	0.491	GAAGGC
SRSF1_1326		peak20_Miat	32	37	+	5.41135	0.000902	0.491	GAAGGC
HNRNPA1_1342		peak15_Mbp	43	47	+	9.87234	0.000903	1	AGGGT
HNRNPA1_72		peak17_Mbp	27	32	+	4.72358	0.000903	1	TAGGGG
MBNL1_M037_0.6		peak35_Miat	44	50	+	7.93007	0.000903	0.779	GGTTTGC
SRSF1_126		peak10_Gm27627|Miat	10	16	+	9.37755	0.000906	0.726	CGCAGCA
TARDBP_1278		peak54_Plp1	21	27	+	7.18571	0.000909	0.562	GTTGTGT
NOVA2_M325_0.6		peak15_Mbp	1	16	+	3.62857	0.00091	0.376	GGTTTAAGATAACACC
NOVA1_1378		peak5_Mbp	16	23	+	3.01429	0.00091	0.551	ACCGTCAC
HNRNPA2B1_M024_0.6		peak14_C77370	9	15	+	7.60993	0.000911	0.609	GGAGGGA
KHDRBS1_M160_0.6		peak25_Gnas	13	19	+	7.61379	0.000911	1	TTAAAAA
PTBP1_1381		peak27_Miat	14	23	+	0.792857	0.000912	0.193	CTGCACCCTG
SRSF1_1225		peak35_Miat	17	24	+	2.77305	0.000913	0.789	GAAGAGGC
HNRNPA1_648		peak36_Gm27627|Miat	10	15	+	5.67376	0.000915	0.305	GAGGGG
HNRNPA1_648		peak0_Miat	12	17	+	5.67376	0.000915	0.305	GAGGGG
HNRNPA1_648		peak29_Miat	30	35	+	5.67376	0.000915	0.305	GGGGAG
HNRNPA1_648		peak41_Gfap	46	51	+	5.67376	0.000915	0.305	GAGGGG
HNRNPA1_663		peak36_Gm27627|Miat	9	14	+	5.67376	0.000915	0.271	GGAGGG
HNRNPA1_663		peak14_C77370	9	14	+	5.67376	0.000915	0.271	GGAGGG
HNRNPA1_663		peak55_Sparc	14	19	+	5.67376	0.000915	0.271	GGGGGA
HNRNPA1_663		peak41_Gfap	45	50	+	5.67376	0.000915	0.271	GGAGGG
SRSF1_1236		peak31_Mbp	7	13	+	7.52857	0.000916	0.277	AGCAGGG
HNRNPA1_685		peak25_Gnas	15	21	+	6.31293	0.000919	0.827	AAAAACA
HNRNPA1_685		peak31_Mbp	28	34	+	6.31293	0.000919	0.827	AAAAAAC
FUS_1058		peak25_Gnas	15	21	+	6.31293	0.000919	0.827	AAAAACA
FUS_1058		peak31_Mbp	28	34	+	6.31293	0.000919	0.827	AAAAAAC
SRSF1_1235		peak37_Gm27882|Miat	43	49	+	7.07143	0.00092	0.403	CAGATGT
PABPN1_M148_0.6		peak28_Slc8a1	18	24	+	8.17687	0.00092	1	AGAAAAG
SRSF1_1231		peak41_Gfap	43	50	+	3.07092	0.000921	0.305	CAGGAGGG
SRSF1_M154_0.6		peak29_Miat	29	35	+	7.25175	0.000922	0.314	TGGGGAG
HNRNPA1_52		peak4_Mbp	39	49	+	-3.20714	0.000922	0.198	GCGGTGGGGCC
HNRNPA2B1_125		peak4_Mbp	39	49	+	-3.20714	0.000922	0.198	GCGGTGGGGCC
HNRNPA2B1_708		peak4_Mbp	39	49	+	-3.20714	0.000922	0.198	GCGGTGGGGCC
HNRNPA1_183		peak4_Mbp	39	49	+	-3.20714	0.000922	0.199	GCGGTGGGGCC
HNRNPA2B1_705		peak4_Mbp	39	49	+	-3.20714	0.000922	0.198	GCGGTGGGGCC
SRSF1_1364		peak48_Mbp	37	43	+	7.08571	0.000923	0.598	CTGAGTA
TARDBP_M074_0.6		peak25_Gnas	29	36	+	7.98582	0.000925	1	GGGATGAA
SRSF1_1376		peak57_Gm27998|Miat	23	34	+	-2.65714	0.000932	0.745	GTGATTTCATGC
QKI_M046_0.6		peak45_Sirt2	9	15	+	7.62143	0.000933	0.119	TCTAACC
QKI_M046_0.6		peak44_Etl4	9	15	+	7.62143	0.000933	0.119	TCTAACC
QKI_M046_0.6		peak50_Sirt2	11	17	+	7.62143	0.000933	0.119	TCTAACC
QKI_M046_0.6		peak50_Sirt2	27	33	+	7.62143	0.000933	0.119	TCTAACC
QKI_M046_0.6		peak12_Miat	42	48	+	7.62143	0.000933	0.119	TCTAACC
QKI_M046_0.6		peak50_Sirt2	43	49	+	7.62143	0.000933	0.119	TCTAACC
PTBP1_100		peak23_Mbp	32	41	+	0.371429	0.000934	0.323	TCGTCCCTTT
HNRNPA1_655		peak38_Plp1	17	24	+	2.29655	0.000936	1	CTTCATTT
HNRNPA1_1346		peak45_Sirt2	18	27	+	0.25	0.000937	0.465	CCAGGCAAGA
HNRNPA1_649		peak45_Sirt2	18	27	+	0.25	0.000937	0.464	CCAGGCAAGA
HNRNPA1_640		peak45_Sirt2	18	27	+	0.25	0.000937	0.466	CCAGGCAAGA
HNRNPA2B1_697		peak45_Sirt2	18	27	+	0.25	0.000937	0.466	CCAGGCAAGA
HNRNPA1_647		peak45_Sirt2	18	27	+	0.25	0.000937	0.466	CCAGGCAAGA
NOVA2_492		peak6_Qk	17	23	+	7.11429	0.00094	0.771	GATCACT
NOVA2_492		peak24_Slc8a1	20	26	+	7.11429	0.00094	0.771	GATCACT
SRSF1_1214		peak59_Miat	28	37	+	0.3	0.000941	0.455	ACACAGACCC
ELAVL1_M108_0.6		peak54_Plp1	23	29	+	7.73288	0.000942	0.846	TGTGTTT
PTBP1_136		peak6_Qk	4	8	+	9.81429	0.000942	0.478	TCTTC
PTBP1_136		peak7_Gm27882|Miat	6	10	+	9.81429	0.000942	0.478	TCTTC
PTBP1_136		peak51_Gnas	12	16	+	9.81429	0.000942	0.478	TCTTC
PTBP1_136		peak58_Gpm6b	24	28	+	9.81429	0.000942	0.478	TCTTC
PTBP1_136		peak9_Gm27882|Miat	27	31	+	9.81429	0.000942	0.478	TCTTC
PTBP1_1019		peak6_Qk	4	8	+	9.81429	0.000942	0.478	TCTTC
PTBP1_1019		peak7_Gm27882|Miat	6	10	+	9.81429	0.000942	0.478	TCTTC
PTBP1_1019		peak51_Gnas	12	16	+	9.81429	0.000942	0.478	TCTTC
PTBP1_1019		peak58_Gpm6b	24	28	+	9.81429	0.000942	0.478	TCTTC
PTBP1_1019		peak9_Gm27882|Miat	27	31	+	9.81429	0.000942	0.478	TCTTC
PTBP1_1021		peak59_Miat	6	10	+	9.81429	0.000942	0.27	TCTCT
PTBP1_1021		peak12_Miat	7	11	+	9.81429	0.000942	0.27	TCTCT
PTBP1_1021		peak7_Gm27882|Miat	9	13	+	9.81429	0.000942	0.27	TCTCT
PTBP1_1021		peak7_Gm27882|Miat	11	15	+	9.81429	0.000942	0.27	TCTCT
PTBP1_1021		peak4_Mbp	13	17	+	9.81429	0.000942	0.27	TCTCT
PTBP1_1021		peak9_Gm27882|Miat	25	29	+	9.81429	0.000942	0.27	TCTCT
PTBP1_1021		peak46_Mbp	29	33	+	9.81429	0.000942	0.27	TCTCT
PTBP1_1021		peak19_Slc8a1	42	46	+	9.81429	0.000942	0.27	TCTCT
PTBP1_1021		peak43_Miat	46	50	+	9.81429	0.000942	0.27	TCTCT
PTBP1_117		peak59_Miat	6	10	+	9.81429	0.000942	0.27	TCTCT
PTBP1_117		peak12_Miat	7	11	+	9.81429	0.000942	0.27	TCTCT
PTBP1_117		peak7_Gm27882|Miat	9	13	+	9.81429	0.000942	0.27	TCTCT
PTBP1_117		peak7_Gm27882|Miat	11	15	+	9.81429	0.000942	0.27	TCTCT
PTBP1_117		peak4_Mbp	13	17	+	9.81429	0.000942	0.27	TCTCT
PTBP1_117		peak9_Gm27882|Miat	25	29	+	9.81429	0.000942	0.27	TCTCT
PTBP1_117		peak46_Mbp	29	33	+	9.81429	0.000942	0.27	TCTCT
PTBP1_117		peak19_Slc8a1	42	46	+	9.81429	0.000942	0.27	TCTCT
PTBP1_117		peak43_Miat	46	50	+	9.81429	0.000942	0.27	TCTCT
PTBP1_539		peak59_Miat	6	10	+	9.81429	0.000942	0.27	TCTCT
PTBP1_539		peak12_Miat	7	11	+	9.81429	0.000942	0.27	TCTCT
PTBP1_539		peak7_Gm27882|Miat	9	13	+	9.81429	0.000942	0.27	TCTCT
PTBP1_539		peak7_Gm27882|Miat	11	15	+	9.81429	0.000942	0.27	TCTCT
PTBP1_539		peak4_Mbp	13	17	+	9.81429	0.000942	0.27	TCTCT
PTBP1_539		peak9_Gm27882|Miat	25	29	+	9.81429	0.000942	0.27	TCTCT
PTBP1_539		peak46_Mbp	29	33	+	9.81429	0.000942	0.27	TCTCT
PTBP1_539		peak19_Slc8a1	42	46	+	9.81429	0.000942	0.27	TCTCT
PTBP1_539		peak43_Miat	46	50	+	9.81429	0.000942	0.27	TCTCT
PTBP1_s12		peak6_Qk	3	8	+	8.48624	0.000942	0.503	TTCTTC
PTBP1_s12		peak7_Gm27882|Miat	5	10	+	8.48624	0.000942	0.503	TTCTTC
PTBP1_s12		peak51_Gnas	11	16	+	8.48624	0.000942	0.503	TTCTTC
SRSF1_s49		peak52_Gm27627|Miat	39	45	+	6.61224	0.000947	0.429	CCGAGCA
SRSF1_s50		peak14_C77370	12	18	+	7.85859	0.000948	0.41	GGGAGGA
SRSF1_s50		peak29_Miat	31	37	+	7.85859	0.000948	0.41	GGGAGGA
HNRNPA1_693		peak41_Gfap	31	40	+	0.214286	0.000954	0.587	CAAAGGCGCA
HNRNPA2B1_707		peak10_Gm27627|Miat	39	49	+	-3.26429	0.000954	0.237	GGCCAGGGGCC
SRSF1_1217		peak26_Plp1	36	46	+	1.50714	0.000956	1	TATTTCCCAAT
SRSF1_1231		peak53_Cnp	32	39	+	2.93617	0.000959	0.305	GAGGTGGT
SRSF1_M273_0.6		peak1_Gm27627|Miat	38	44	+	6.55	0.000961	1	ACGCGAC
SRSF1_1393		peak33_Slc8a1	10	16	+	9.34694	0.000961	0.769	CGCAGGA
PTBP1_25		peak2_Qk	2	10	+	4.48571	0.000963	0.277	TTTCTCACT
PTBP1_25		peak9_Gm27882|Miat	28	36	+	4.48571	0.000963	0.277	CTTCTTACT
PTBP1_1024		peak2_Qk	2	10	+	4.48571	0.000963	0.275	TTTCTCACT
PTBP1_1024		peak9_Gm27882|Miat	28	36	+	4.48571	0.000963	0.275	CTTCTTACT
PTBP1_1009		peak2_Qk	2	10	+	4.48571	0.000963	0.277	TTTCTCACT
PTBP1_1009		peak9_Gm27882|Miat	28	36	+	4.48571	0.000963	0.277	CTTCTTACT
PTBP1_M227_0.6		peak56_Fam107a	3	9	+	7.65068	0.000964	0.416	CTTTTTC
PTBP1_M227_0.6		peak55_Sparc	26	32	+	7.65068	0.000964	0.416	CTTTTTC
HNRNPA2B1_706		peak4_Mbp	22	32	+	-3.38571	0.000965	0.192	CCCGTGGAGCC
SRSF1_M154_0.6		peak55_Sparc	14	20	+	7.23077	0.000969	0.314	GGGGGAT
ZFP36_138		peak48_Mbp	17	21	+	9.77143	0.000971	1	CTTGT
ZFP36_138		peak0_Miat	41	45	+	9.77143	0.000971	1	CTTGT
HNRNPA2B1_706		peak23_Mbp	3	13	+	-3.4	0.000973	0.192	CCCACGGCACC
HNRNPA2B1_706		peak34_Gm27998|Miat	31	41	+	-3.4	0.000973	0.192	CCCCAGAGCCC
SRSF1_s48		peak33_Slc8a1	10	16	+	6.10101	0.000975	1	CGCAGGA
PTBP1_100		peak4_Mbp	10	19	+	0.35	0.00098	0.323	CCCTCTCTTA
ELAVL1_84		peak32_Slc8a1	1	11	+	1.28276	0.000981	0.593	TTGCTTTATTA
MBNL1_1125		peak2_Qk	2	10	+	4.48571	0.000982	1	TTTCTCACT
NOVA2_564		peak6_Qk	13	23	+	1.64286	0.000983	0.732	GATAGATCACT
ZFP36_155		peak4_Mbp	10	15	+	7.28571	0.000987	0.179	CCCTCT
ZFP36_155		peak45_Sirt2	33	38	+	7.28571	0.000987	0.179	CCTTCC
ZFP36_155		peak59_Miat	35	40	+	7.28571	0.000987	0.179	CCCTTC
ZFP36_155		peak18_Mbp	42	47	+	7.28571	0.000987	0.179	CCTTCC
ELAVL1_s101		peak8_Qk	4	10	+	4.45536	0.000988	0.376	TTTCTTT
SRSF1_1230		peak13_Slc8a1	33	42	+	-0.0283688	0.000989	0.355	CCTAGAGAAG
QKI_104		peak40_Ntrk2	10	21	+	-2.38571	0.000991	0.185	ACCTACAACCCT
QKI_3		peak11_Mbp	11	16	+	5.27857	0.000992	0.145	CCTAAC
QKI_3		peak41_Gfap	23	28	+	5.27857	0.000992	0.145	ACTCAC
QKI_3		peak24_Slc8a1	24	29	+	5.27857	0.000992	0.145	ACTCAC
QKI_3		peak16_Sirt2	31	36	+	5.27857	0.000992	0.145	CCTAAC
QKI_3		peak45_Sirt2	38	43	+	5.27857	0.000992	0.145	CCTAAC
QKI_3		peak6_Qk	46	51	+	5.27857	0.000992	0.145	ACTCAC
QKI_352		peak11_Mbp	11	16	+	5.27857	0.000992	0.144	CCTAAC
QKI_352		peak41_Gfap	23	28	+	5.27857	0.000992	0.144	ACTCAC
QKI_352		peak24_Slc8a1	24	29	+	5.27857	0.000992	0.144	ACTCAC
QKI_352		peak16_Sirt2	31	36	+	5.27857	0.000992	0.144	CCTAAC
QKI_352		peak45_Sirt2	38	43	+	5.27857	0.000992	0.144	CCTAAC
QKI_352		peak6_Qk	46	51	+	5.27857	0.000992	0.144	ACTCAC
SRSF1_M102_0.6		peak25_Gnas	30	36	+	7.7305	0.000992	0.377	GGATGAA
SRSF1_s99		peak20_Miat	41	47	+	6.13445	0.000992	1	GCCTGGG
HNRNPA1_52		peak23_Mbp	3	13	+	-3.4	0.000993	0.198	CCCACGGCACC
HNRNPA1_52		peak34_Gm27998|Miat	30	40	+	-3.4	0.000993	0.198	CCCCCAGAGCC
HNRNPA2B1_125		peak23_Mbp	3	13	+	-3.4	0.000993	0.198	CCCACGGCACC
HNRNPA2B1_125		peak34_Gm27998|Miat	30	40	+	-3.4	0.000993	0.198	CCCCCAGAGCC
HNRNPA2B1_708		peak23_Mbp	3	13	+	-3.4	0.000993	0.198	CCCACGGCACC
HNRNPA2B1_708		peak34_Gm27998|Miat	30	40	+	-3.4	0.000993	0.198	CCCCCAGAGCC
HNRNPA1_183		peak23_Mbp	3	13	+	-3.4	0.000993	0.199	CCCACGGCACC
HNRNPA1_183		peak34_Gm27998|Miat	30	40	+	-3.4	0.000993	0.199	CCCCCAGAGCC
HNRNPA2B1_705		peak23_Mbp	3	13	+	-3.4	0.000993	0.198	CCCACGGCACC
HNRNPA2B1_705		peak34_Gm27998|Miat	30	40	+	-3.4	0.000993	0.198	CCCCCAGAGCC
HNRNPA1_52		peak20_Miat	41	51	+	-3.40714	0.000996	0.198	GCCTGGGGGCT
HNRNPA2B1_125		peak20_Miat	41	51	+	-3.40714	0.000996	0.198	GCCTGGGGGCT
HNRNPA2B1_708		peak20_Miat	41	51	+	-3.40714	0.000996	0.198	GCCTGGGGGCT
HNRNPA1_183		peak20_Miat	41	51	+	-3.40714	0.000996	0.199	GCCTGGGGGCT
HNRNPA2B1_705		peak20_Miat	41	51	+	-3.40714	0.000996	0.198	GCCTGGGGGCT
PTBP1_993		peak37_Gm27882|Miat	1	8	+	2.97143	0.000996	0.49	GAGCTCTG
PTBP1_993		peak59_Miat	41	48	+	2.97143	0.000996	0.49	TACCTGGG
SRSF1_1211		peak53_Cnp	2	10	+	4.31915	0.000996	0.847	GAGGAAGAT
SRSF1_1351		peak29_Miat	30	38	+	-1.11009	0.000997	0.837	GGGGAGGAT
SRSF1_1219		peak17_Mbp	10	15	+	5.53571	0.000998	0.663	GGACTC

# FIMO (Find Individual Motif Occurrences): Version 5.5.9 compiled on May 27 2026 at 12:41:17
# The format of this file is described at https://meme-suite.org/meme/doc/fimo-output-format.html#tsv_results.
# fimo --thresh 1e-3 --norc --oc cal_control /mnt/d/stroke_apa/data/attract/regulators.motifs.meme /mnt/d/stroke_apa/data/attract/smoke_peaks.fa
