family	frozen8	cand_seg_hits	cand_seg_no	null_seg_hits	null_seg_no	fisher_p	fisher_q_bh
TARDBP	yes	424	400	460	358	0.053671666759190974	0.7114740393957386
FUS	no	73	751	93	725	0.1015166612343895	0.7114740393957386
SRSF1	no	771	53	751	67	0.18478061173821445	0.7114740393957386
NOVA1	yes	249	575	272	546	0.20315640771222263	0.7114740393957386
PTBP1	yes	703	121	715	103	0.22233563731116832	0.7114740393957386
HNRNPA2B1	yes	413	411	430	388	0.3239022845588194	0.8637394254901851
PABPN1	no	137	687	124	694	0.41897769959046033	0.9576633133496236
ELAVL1	yes	553	271	539	279	0.6015684049921636	1.0
QKI	yes	284	540	291	527	0.6418774725281438	1.0
NOVA2	yes	296	528	303	515	0.6448153500270938	1.0
ZFP36	no	421	403	411	407	0.7671135832114165	1.0
KHDRBS1	no	264	560	257	561	0.7911697593441589	1.0
HNRNPA1	no	617	207	617	201	0.8193988538527562	1.0
MBNL1	no	371	453	370	448	0.9604531715346833	1.0
NUDT21	no	0	824	0	818	1.0	1.0
PTBP2	no	0	824	0	818	1.0	1.0
