cand_seq_id	cand_len	cand_gc	null_seq_id	null_event_num	null_event_id	null_len	null_gc	len_diff	gc_diff
E0001	1682	42.63	N7986	8984	ENSMUST00000215474.1|ENSMUSG00000001942|Siae	1821	42.61	139	0.020000000000003126
E0002	671	57.82	N0025	1022	ENSMUST00000090020.12|ENSMUSG00000038534|Osbpl7	640	57.5	31	0.3200000000000003
E0003	2446	59.12	N7763	8764	ENSMUST00000034441.7|ENSMUSG00000031960|Aars	2306	58.2	140	0.9199999999999946
E0004	1165	48.33	N0008	1005	ENSMUST00000092766.11|ENSMUSG00000038909|Kat7	1213	48.31	48	0.01999999999999602
E0005	297	55.89	N1411	2414	ENSMUST00000100538.3|ENSMUSG00000075600|Zc3h3	279	55.91	18	0.01999999999999602
E0006	220	55.91	N4650	5649	ENSMUST00000090973.11|ENSMUSG00000004891|Nes	213	55.87	7	0.03999999999999915
E0007	209	53.59	N6721	7716	ENSMUST00000047621.13|ENSMUSG00000040734|Ppp1r13l	226	53.54	17	0.05000000000000426
E0008	477	48.85	N4069	5076	ENSMUST00000037280.4|ENSMUSG00000034216|Vps18	434	48.85	43	0.0
E0009	544	40.62	N8505	9500	ENSMUST00000033715.4|ENSMUSG00000031349|Nsdhl	589	40.58	45	0.03999999999999915
E0010	293	54.95	N0206	1214	ENSMUST00000152171.7|ENSMUSG00000048442|Smim5	273	54.95	20	0.0
E0011	473	41.65	N1874	2872	ENSMUST00000002925.5|ENSMUSG00000002846|Timmdc1	438	41.55	35	0.10000000000000142
E0012	2208	50.5	N2288	3305	ENSMUST00000024783.8|ENSMUSG00000023988|Bysl	1991	50.48	217	0.020000000000003126
E0013	263	47.15	N6921	7919	ENSMUST00000033121.6|ENSMUSG00000030835|Nomo1	263	47.15	0	0.0
E0014	3176	46.63	N0815	1827	ENSMUST00000223101.1|ENSMUSG00000034617|Mtrr	2957	46.6	219	0.030000000000001137
E0015	2154	54.13	N1738	274	ENSMUST00000005067.5|ENSMUSG00000004937|Sgta	1972	54.21	182	0.0799999999999983
E0016	213	59.62	N0127	1131	ENSMUST00000057870.3|ENSMUSG00000046215|Rprml	222	59.46	9	0.1599999999999966
E0017	189	48.68	N0215	1226	ENSMUST00000057676.6|ENSMUSG00000050628|Ubald2	197	48.73	8	0.04999999999999716
E0018	216	28.7	N1817	2817	ENSMUST00000023171.7|ENSMUSG00000022528|Hes1	220	28.64	4	0.05999999999999872
E0019	2956	51.45	N2155	3163	ENSMUST00000136375.7|ENSMUSG00000052142|Rasal3	2862	51.4	94	0.05000000000000426
E0020	520	51.73	N5506	6497	ENSMUST00000030826.3|ENSMUSG00000028976|Slc2a5	565	51.68	45	0.04999999999999716
E0021	1218	54.84	N2654	3660	ENSMUST00000115268.3|ENSMUSG00000024621|Csf1r	1224	54.9	6	0.05999999999999517
E0022	2675	36.52	N4912	5903	ENSMUST00000045097.10|ENSMUSG00000040253|Gbp7	2828	36.49	153	0.030000000000001137
E0023	4321	48.46	N5940	6945	ENSMUST00000111752.9|ENSMUSG00000042589|Cux2	4028	48.51	293	0.04999999999999716
E0024	264	42.42	N3498	4506	ENSMUST00000111518.2|ENSMUSG00000040181|Fmo1	252	42.46	12	0.03999999999999915
E0025	300	34.33	N2048	3051	ENSMUST00000120222.7|ENSMUSG00000071266|Zfp946	270	34.44	30	0.10999999999999943
E0026	779	47.11	N1386	2387	ENSMUST00000067543.7|ENSMUSG00000032501|Trib1	741	47.1	38	0.00999999999999801
E0027	1208	52.24	N3112	4126	ENSMUST00000160855.1|ENSMUSG00000037509|Arhgef4	1140	52.28	68	0.03999999999999915
E0028	83	56.63	N2179	3189	ENSMUST00000087543.4|ENSMUSG00000067370|B3galt4	90	56.67	7	0.03999999999999915
E0029	392	31.89	N1201	2206	ENSMUST00000022704.8|ENSMUSG00000022108|Itm2b	403	31.76	11	0.129999999999999
E0030	247	45.75	N7546	8529	ENSMUST00000045286.8|ENSMUSG00000035964|Tmem59l	223	45.74	24	0.00999999999999801
E0031	1498	56.74	N3729	4733	ENSMUST00000114217.2|ENSMUSG00000029419|Ajm1	1380	56.74	118	0.0
E0032	1747	52.38	N2583	3591	ENSMUST00000066140.12|ENSMUSG00000023036|Pcdhgc4	1596	52.38	151	0.0
E0033	275	42.55	N1251	2256	ENSMUST00000022728.3|ENSMUSG00000022131|Gpr180	287	42.51	12	0.03999999999999915
E0034	298	50.34	N0508	1512	ENSMUST00000019379.8|ENSMUSG00000019235|Rps6kl1	286	50.35	12	0.00999999999999801
E0035	101	40.59	N2210	3219	ENSMUST00000152417.7|ENSMUSG00000024371|C2	106	40.57	5	0.020000000000003126
E0036	354	55.65	N1820	282	ENSMUST00000117798.7|ENSMUSG00000034949|Zfr2	363	55.65	9	0.0
E0037	93	49.46	N2282	3296	ENSMUST00000002845.7|ENSMUSG00000002768|Mea1	93	49.46	0	0.0
E0038	259	52.9	N7555	8539	ENSMUST00000110093.8|ENSMUSG00000031840|Rab3a	259	52.9	0	0.0
E0039	327	50.76	N1979	298	ENSMUST00000043709.7|ENSMUSG00000034792|Gna15	331	50.76	4	0.0
E0040	352	37.22	N4924	5914	ENSMUST00000029842.8|ENSMUSG00000028191|Bcl10	347	37.18	5	0.03999999999999915
E0041	498	32.93	N8227	9227	ENSMUST00000070522.13|ENSMUSG00000032374|Plod2	526	32.89	28	0.03999999999999915
E0042	2027	38.73	N3425	4438	ENSMUST00000223886.1|ENSMUSG00000026429|Ube2t	1952	38.73	75	0.0
E0043	2594	43.6	N4874	5868	ENSMUST00000196392.1|ENSMUSG00000074238|Ap1ar	2368	43.62	226	0.01999999999999602
E0044	315	41.59	N7399	8385	ENSMUST00000043520.4|ENSMUSG00000038365|Fbxo25	286	41.61	29	0.01999999999999602
E0045	225	29.33	N0251	126	ENSMUST00000036576.9|ENSMUSG00000038010|Ccdc138	242	29.34	17	0.010000000000001563
E0046	4997	54.27	N2142	3150	ENSMUST00000168787.7|ENSMUSG00000062202|Btbd9	4701	54.14	296	0.13000000000000256
E0047	985	38.88	N1203	2208	ENSMUST00000043813.2|ENSMUSG00000033405|Nudt15	1038	38.82	53	0.060000000000002274
E0048	1608	40.42	N3645	4650	ENSMUST00000160822.2|ENSMUSG00000079144|A130010J15Rik	1690	40.41	82	0.010000000000005116
E0049	349	55.59	N3001	4012	ENSMUST00000236685.1|ENSMUSG00000025209|Twnk	358	55.59	9	0.0
E0050	1623	43.75	N0049	1048	ENSMUST00000037915.8|ENSMUSG00000052915|Msl1	1619	43.79	4	0.03999999999999915
E0051	1599	56.29	N5346	633	ENSMUST00000151803.7|ENSMUSG00000036620|Mgat4b	1446	56.36	153	0.07000000000000028
E0052	263	38.78	N3931	4940	ENSMUST00000002808.6|ENSMUSG00000002731|Prkra	270	38.89	7	0.10999999999999943
E0053	781	32.39	N3694	4699	ENSMUST00000028071.12|ENSMUSG00000026739|Bmi1	795	32.2	14	0.18999999999999773
E0054	1314	42.47	N1762	2764	ENSMUST00000009321.10|ENSMUSG00000022718|Dgcr8	1240	42.5	74	0.030000000000001137
E0055	122	31.15	N6117	7122	ENSMUST00000031621.10|ENSMUSG00000029617|Ccz1	137	31.39	15	0.240000000000002
E0056	265	28.3	N5777	6774	ENSMUST00000031326.9|ENSMUSG00000029379|Cxcl3	259	28.57	6	0.2699999999999996
E0057	201	34.33	N4120	5124	ENSMUST00000070353.3|ENSMUSG00000035183|Slc24a5	215	34.42	14	0.09000000000000341
E0058	1579	35.72	N5570	6566	ENSMUST00000088786.10|ENSMUSG00000003161|Sri	1663	35.72	84	0.0
E0059	216	41.67	N3632	4638	ENSMUST00000085633.11|ENSMUSG00000026632|Tatdn3	231	41.56	15	0.10999999999999943
E0060	235	54.04	N2178	3188	ENSMUST00000047503.15|ENSMUSG00000041354|Rgl2	235	54.04	0	0.0
E0061	464	48.71	N6195	720	ENSMUST00000089184.10|ENSMUSG00000042529|Kcnj12	444	48.87	20	0.1599999999999966
E0062	351	50.71	N7627	8615	ENSMUST00000005600.5|ENSMUSG00000031706|Rfx1	341	50.73	10	0.01999999999999602
E0063	68	41.18	N8079	9077	ENSMUST00000068856.4|ENSMUSG00000055334|Snupn	85	41.18	17	0.0
E0064	2646	44.03	N7043	8035	ENSMUST00000206389.1|ENSMUSG00000042797|Aqp11	2432	44.04	214	0.00999999999999801
E0065	180	41.67	N8078	9076	ENSMUST00000034827.9|ENSMUSG00000032288|Imp3	189	41.8	9	0.12999999999999545
E0066	1412	44.97	N7187	8176	ENSMUST00000106437.1|ENSMUSG00000078591|Hs3st4	1330	44.96	82	0.00999999999999801
E0067	1189	45.75	N3371	4384	ENSMUST00000004565.14|ENSMUSG00000004451|Ralb	1134	45.77	55	0.020000000000003126
E0068	665	52.78	N6848	7843	ENSMUST00000108069.7|ENSMUSG00000030499|Kctd15	676	52.81	11	0.030000000000001137
E0069	287	39.72	N1273	2278	ENSMUST00000061925.4|ENSMUSG00000049148|Plcxd3	297	39.73	10	0.00999999999999801
E0070	54	46.3	N2219	3230	ENSMUST00000048994.6|ENSMUSG00000042419|Nfkbil1	67	46.27	13	0.02999999999999403
E0071	295	45.08	N3344	4357	ENSMUST00000120301.7|ENSMUSG00000034066|Farp2	324	45.06	29	0.01999999999999602
E0072	257	54.47	N7756	8758	ENSMUST00000150680.1|ENSMUSG00000031750|Il34	273	54.58	16	0.10999999999999943
E0073	704	49.29	N4729	5728	ENSMUST00000066386.5|ENSMUSG00000053769|Lysmd1	704	49.29	0	0.0
E0074	270	57.41	N5457	6444	ENSMUST00000071977.8|ENSMUSG00000060572|Mfap2	244	57.38	26	0.02999999999999403
E0075	1897	36.0	N8618	9621	ENSMUST00000055104.5|ENSMUSG00000049536|Tceal1	1778	36.0	119	0.0
E0076	285	44.21	N0811	1823	ENSMUST00000171518.7|ENSMUSG00000071291|Zfp58	276	44.2	9	0.00999999999999801
E0077	506	35.18	N1639	2640	ENSMUST00000229696.1|ENSMUSG00000009733|Tfcp2	537	35.2	31	0.020000000000003126
E0078	3344	40.91	N5113	6100	ENSMUST00000095076.9|ENSMUSG00000028434|Epb41l4b	3331	40.95	13	0.04000000000000625
E0079	352	41.19	N2849	3863	ENSMUST00000096240.2|ENSMUSG00000071646|Mta2	350	41.14	2	0.04999999999999716
E0080	1700	36.94	N0933	1940	ENSMUST00000022245.9|ENSMUSG00000021731|Mrps30	1824	36.9	124	0.03999999999999915
E0081	4493	36.23	N7897	8897	ENSMUST00000216800.1|ENSMUSG00000001774|Chordc1	4404	36.35	89	0.12000000000000455
E0082	454	35.02	N4556	5560	ENSMUST00000036665.9|ENSMUSG00000027742|Cog6	485	35.05	31	0.02999999999999403
E0083	823	40.58	N5833	683	ENSMUST00000209079.1|ENSMUSG00000069874|Irgm2	860	40.58	37	0.0
E0084	595	29.58	N0848	1861	ENSMUST00000109552.2|ENSMUSG00000021549|Rasa1	623	29.53	28	0.04999999999999716
E0085	1701	51.03	N6813	7807	ENSMUST00000183330.7|ENSMUSG00000030583|Sipa1l3	1557	51.0	144	0.030000000000001137
E0086	2605	42.57	N3116	413	ENSMUST00000039810.7|ENSMUSG00000034667|Xpot	2409	42.55	196	0.020000000000003126
E0087	362	40.61	N0897	1908	ENSMUST00000072119.14|ENSMUSG00000041431|Ccnb1	377	40.58	15	0.030000000000001137
E0088	507	42.21	N6818	7811	ENSMUST00000162592.7|ENSMUSG00000062040|Zfp27	514	42.22	7	0.00999999999999801
E0089	120	51.67	N2848	3862	ENSMUST00000096241.5|ENSMUSG00000071647|Eml3	101	51.49	19	0.17999999999999972
E0090	300	48.67	N3802	4810	ENSMUST00000002625.14|ENSMUSG00000002550|Uck1	304	48.68	4	0.00999999999999801
E0091	117	43.59	N7914	8913	ENSMUST00000010348.6|ENSMUSG00000079677|Fdx2	101	43.56	16	0.030000000000001137
E0092	152	51.97	N6648	7649	ENSMUST00000064547.12|ENSMUSG00000052605|Isoc2b	163	52.15	11	0.17999999999999972
E0093	367	41.42	N5115	6102	ENSMUST00000030051.5|ENSMUSG00000028367|Txn1	384	41.41	17	0.010000000000005116
E0094	216	36.11	N3976	4986	ENSMUST00000111352.7|ENSMUSG00000002109|Ddb2	197	36.04	19	0.07000000000000028
E0095	4601	43.58	N2036	3040	ENSMUST00000139969.7|ENSMUSG00000080316|Spaca6	4503	43.57	98	0.00999999999999801
E0096	850	34.59	N1247	2252	ENSMUST00000042767.8|ENSMUSG00000033214|Slitrk5	770	34.68	80	0.0899999999999963
E0097	1911	45.26	N7213	820	ENSMUST00000094041.3|ENSMUSG00000040483|Xaf1	1978	45.3	67	0.03999999999999915
E0098	1573	44.56	N3395	4407	ENSMUST00000125925.1|ENSMUSG00000026433|Rab29	1641	44.55	68	0.010000000000005116
E0099	252	48.41	N6539	7539	ENSMUST00000024270.13|ENSMUSG00000023505|Cdca3	252	48.41	0	0.0
E0100	639	39.75	N7852	8856	ENSMUST00000065135.11|ENSMUSG00000031851|Ntpcr	692	39.74	53	0.00999999999999801
E0101	6369	46.74	N5932	6937	ENSMUST00000125946.7|ENSMUSG00000105340|Gm42878	6384	46.68	15	0.060000000000002274
E0102	1157	33.1	N7871	8873	ENSMUST00000215683.1|ENSMUSG00000032002|Dcun1d5	1241	33.12	84	0.01999999999999602
E0103	78	43.59	N7837	8840	ENSMUST00000034453.5|ENSMUSG00000031972|Acta1	92	43.48	14	0.11000000000000654
E0104	1371	40.34	N5243	6226	ENSMUST00000135573.7|ENSMUSG00000028691|Prdx1	1418	40.34	47	0.0
E0105	1539	44.7	N2916	3926	ENSMUST00000025875.4|ENSMUSG00000024935|Slc1a1	1576	44.61	37	0.09000000000000341
E0106	267	33.33	N1879	2878	ENSMUST00000102817.4|ENSMUSG00000047261|Gap43	290	33.45	23	0.12000000000000455
E0107	1136	40.93	N5106	6093	ENSMUST00000030134.8|ENSMUSG00000028426|Rad23b	1102	40.93	34	0.0
E0108	566	37.63	N7349	8335	ENSMUST00000208124.1|ENSMUSG00000045362|Tnfrsf26	574	37.46	8	0.1700000000000017
E0109	324	32.41	N4572	5576	ENSMUST00000066882.9|ENSMUSG00000027805|Pfn2	343	32.36	19	0.04999999999999716
E0110	331	46.83	N5535	6525	ENSMUST00000103180.3|ENSMUSG00000029047|Pex10	318	46.86	13	0.030000000000001137
E0111	2902	45.21	N4464	5472	ENSMUST00000029106.12|ENSMUSG00000027583|Zbtb46	3154	45.21	252	0.0
E0112	279	45.16	N2981	3993	ENSMUST00000018965.3|ENSMUSG00000018821|Avpi1	268	45.15	11	0.00999999999999801
E0113	546	37.73	N2549	3559	ENSMUST00000051163.2|ENSMUSG00000045876|Pcdhb8	530	37.92	16	0.19000000000000483
E0114	4119	39.55	N7581	8566	ENSMUST00000188685.6|ENSMUSG00000056019|Zfp709	4262	39.56	143	0.010000000000005116
E0115	630	34.92	N8157	9155	ENSMUST00000034761.14|ENSMUSG00000032235|Ice2	610	34.92	20	0.0
E0116	687	39.16	N3691	4695	ENSMUST00000066163.2|ENSMUSG00000054057|A930004D18Rik	719	39.08	32	0.0799999999999983
E0117	371	50.94	N0260	1268	ENSMUST00000093901.11|ENSMUSG00000025377|Tepsin	348	50.86	23	0.0799999999999983
E0118	1466	38.61	N4952	5940	ENSMUST00000052712.5|ENSMUSG00000028233|Tgs1	1448	38.54	18	0.07000000000000028
E0119	1554	52.25	N6268	7270	ENSMUST00000040361.7|ENSMUSG00000039347|Atp6v0e2	1520	52.24	34	0.00999999999999801
E0120	1488	37.57	N1696	2699	ENSMUST00000056416.8|ENSMUSG00000008658|Rbfox1	1565	37.51	77	0.060000000000002274
E0121	2536	49.17	N7964	8963	ENSMUST00000065112.6|ENSMUSG00000033453|Adamts15	2704	49.19	168	0.01999999999999602
E0122	160	44.38	N7123	8113	ENSMUST00000036992.8|ENSMUSG00000036111|Lmo1	151	44.37	9	0.010000000000005116
E0123	649	49.92	N7715	871	ENSMUST00000094004.4|ENSMUSG00000000686|Abhd15	665	49.92	16	0.0
E0124	799	47.43	N6713	7709	ENSMUST00000060225.5|ENSMUSG00000044317|Gpr4	774	47.42	25	0.00999999999999801
E0125	1198	45.58	N3540	4549	ENSMUST00000111315.8|ENSMUSG00000006403|Adamts4	1200	45.58	2	0.0
E0126	206	27.67	N4114	5119	ENSMUST00000047498.14|ENSMUSG00000033213|AA467197	221	28.05	15	0.379999999999999
E0127	232	69.83	N6948	7947	ENSMUST00000177511.1|ENSMUSG00000033510|Otud7a	233	65.67	1	4.159999999999997
E0128	321	26.48	N0443	1448	ENSMUST00000044352.7|ENSMUSG00000034501|Pcnx4	294	26.53	27	0.05000000000000071
E0129	255	55.69	N6339	7341	ENSMUST00000132243.2|ENSMUSG00000055912|Tmem150a	268	55.6	13	0.0899999999999963
E0130	305	38.36	N6042	705	ENSMUST00000062405.7|ENSMUSG00000049892|Rasd1	318	38.36	13	0.0
E0131	605	50.74	N0780	1792	ENSMUST00000224801.1|ENSMUSG00000021508|Cxcl14	635	50.71	30	0.030000000000001137
E0132	372	48.39	N0329	1339	ENSMUST00000071858.4|ENSMUSG00000071379|Hpcal1	343	48.4	29	0.00999999999999801
E0133	1212	35.31	N5178	6163	ENSMUST00000097961.8|ENSMUSG00000073792|Alg6	1224	35.29	12	0.020000000000003126
E0134	201	25.87	N5580	6577	ENSMUST00000196384.1|ENSMUSG00000106445|Gm21190	214	25.7	13	0.1700000000000017
E0135	3770	38.49	N4514	5520	ENSMUST00000029194.11|ENSMUSG00000027660|Skil	3461	38.51	309	0.01999999999999602
E0136	738	27.1	N0907	1917	ENSMUST00000069187.11|ENSMUSG00000021712|Trim23	750	28.4	12	1.2999999999999972
E0137	3047	50.87	N5364	6348	ENSMUST00000030731.10|ENSMUSG00000028899|Taf12	2754	50.84	293	0.02999999999999403
E0138	3231	55.25	N7564	8547	ENSMUST00000110052.1|ENSMUSG00000002396|Ocel1	3088	55.25	143	0.0
E0139	225	46.22	N1187	2194	ENSMUST00000047218.4|ENSMUSG00000033589|Reep4	238	46.22	13	0.0
E0140	216	45.37	N3547	4555	ENSMUST00000061878.4|ENSMUSG00000045259|Klhdc9	220	45.45	4	0.0800000000000054
E0141	171	59.06	N4449	5458	ENSMUST00000029087.3|ENSMUSG00000049401|Ogfr	163	58.9	8	0.1600000000000037
E0142	288	60.76	N1755	2757	ENSMUST00000003622.15|ENSMUSG00000003528|Slc25a1	289	60.9	1	0.14000000000000057
E0143	248	51.21	N6700	7697	ENSMUST00000003183.11|ENSMUSG00000003099|Ppp5c	250	51.2	2	0.00999999999999801
E0144	2803	51.48	N0371	138	ENSMUST00000020301.13|ENSMUSG00000020101|Vsir	3051	51.56	248	0.0800000000000054
E0145	497	42.25	N4122	5127	ENSMUST00000028633.12|ENSMUSG00000027204|Fbn1	492	42.07	5	0.17999999999999972
E0146	323	56.35	N0604	1612	ENSMUST00000223287.1|ENSMUSG00000002803|Btbd6	304	56.25	19	0.10000000000000142
E0147	266	57.14	N4304	5309	ENSMUST00000088552.6|ENSMUSG00000067818|Myl9	254	57.09	12	0.04999999999999716
E0148	1165	57.51	N0035	1032	ENSMUST00000017552.12|ENSMUSG00000020882|Cacnb1	1245	57.43	80	0.0799999999999983
E0149	809	28.8	N3455	4467	ENSMUST00000074783.11|ENSMUSG00000066842|Hmcn1	855	29.01	46	0.21000000000000085
E0150	212	46.23	N2245	326	ENSMUST00000001834.3|ENSMUSG00000001783|Rtcb	216	46.3	4	0.07000000000000028
E0151	222	55.41	N5389	6371	ENSMUST00000030662.2|ENSMUSG00000028850|Gpatch3	231	55.41	9	0.0
E0152	573	55.67	N6360	7362	ENSMUST00000204343.2|ENSMUSG00000068328|Aup1	589	55.52	16	0.14999999999999858
E0153	1757	49.8	N0480	1485	ENSMUST00000110347.8|ENSMUSG00000021136|Smoc1	1701	49.79	56	0.00999999999999801
E0154	177	54.24	N1456	2460	ENSMUST00000043865.7|ENSMUSG00000071711|Mpst	188	54.26	11	0.01999999999999602
E0155	340	52.06	N6486	7485	ENSMUST00000112946.7|ENSMUSG00000059900|Tmem40	336	52.08	4	0.01999999999999602
E0156	1962	41.95	N1915	2914	ENSMUST00000137035.7|ENSMUSG00000022747|St3gal6	2054	41.92	92	0.030000000000001137
E0157	327	43.73	N0821	1834	ENSMUST00000065118.6|ENSMUSG00000052981|Ube2ql1	343	43.73	16	0.0
E0158	289	56.06	N8282	9281	ENSMUST00000010189.2|ENSMUSG00000010045|Tmem115	289	56.06	0	0.0
E0159	1501	51.9	N6532	753	ENSMUST00000021283.7|ENSMUSG00000020901|Pik3r5	1376	51.89	125	0.00999999999999801
E0160	147	57.82	N7227	8213	ENSMUST00000106314.7|ENSMUSG00000000486|Septin1	148	58.11	1	0.28999999999999915
E0161	354	37.85	N5691	669	ENSMUST00000055040.12|ENSMUSG00000049588|Ccdc69	322	37.89	32	0.03999999999999915
E0162	327	54.43	N8090	9088	ENSMUST00000045791.10|ENSMUSG00000040188|Scamp2	334	54.49	7	0.060000000000002274
E0163	209	40.19	N2158	3166	ENSMUST00000168171.7|ENSMUSG00000073424|Cyp4f15	224	40.18	15	0.00999999999999801
E0164	307	41.04	N2072	3077	ENSMUST00000234956.1|ENSMUSG00000041130|Zfp598	280	41.07	27	0.030000000000001137
E0165	221	47.96	N3724	4727	ENSMUST00000028328.2|ENSMUSG00000015085|Entpd2	200	48.0	21	0.03999999999999915
E0166	262	54.58	N6761	7755	ENSMUST00000205923.1|ENSMUSG00000003123|Lipe	287	54.7	25	0.12000000000000455
E0167	2213	49.93	N7007	8002	ENSMUST00000117410.1|ENSMUSG00000046027|Stard5	2022	49.9	191	0.030000000000001137
E0168	2486	38.58	N3191	4202	ENSMUST00000148330.7|ENSMUSG00000026034|Clk1	2372	38.62	114	0.03999999999999915
E0169	8653	43.16	N4574	5578	ENSMUST00000154219.7|ENSMUSG00000027810|Eif2a	8537	43.17	116	0.010000000000005116
E0170	221	42.53	N6198	7202	ENSMUST00000054445.8|ENSMUSG00000043421|Hilpda	228	42.54	7	0.00999999999999801
E0171	286	50.0	N3316	433	ENSMUST00000026479.10|ENSMUSG00000025410|Dctn2	268	50.0	18	0.0
E0172	265	46.42	N0509	1514	ENSMUST00000004910.11|ENSMUSG00000004788|Eif2b2	278	46.4	13	0.020000000000003126
E0173	1742	56.95	N5914	6919	ENSMUST00000049474.8|ENSMUSG00000032867|Fbxw8	1878	56.82	136	0.13000000000000256
E0174	263	57.79	N6763	7757	ENSMUST00000205808.1|ENSMUSG00000060376|Bckdha	244	57.79	19	0.0
E0175	2463	46.45	N3557	4566	ENSMUST00000085913.10|ENSMUSG00000007097|Atp1a2	2487	46.44	24	0.010000000000005116
E0176	1547	46.93	N2767	3779	ENSMUST00000077066.7|ENSMUSG00000061451|Tmem151a	1553	46.94	6	0.00999999999999801
E0177	236	56.36	N7387	8373	ENSMUST00000033820.3|ENSMUSG00000031443|F7	255	56.47	19	0.10999999999999943
E0178	1035	45.02	N8026	9020	ENSMUST00000050020.7|ENSMUSG00000048534|Jaml	942	45.01	93	0.010000000000005116
E0179	566	36.93	N8301	93	ENSMUST00000105505.9|ENSMUSG00000019813|Cep57l1	544	36.95	22	0.020000000000003126
E0180	1031	36.86	N1940	2940	ENSMUST00000039449.8|ENSMUSG00000052299|Ltn1	1113	36.93	82	0.07000000000000028
E0181	2062	59.75	N1424	2427	ENSMUST00000170226.1|ENSMUSG00000063268|Parp10	1963	59.55	99	0.20000000000000284
E0182	183	36.61	N4237	5242	ENSMUST00000028948.4|ENSMUSG00000027454|Gins1	185	36.76	2	0.14999999999999858
E0183	538	41.45	N2495	3509	ENSMUST00000168890.1|ENSMUSG00000042834|Nrep	538	41.45	0	0.0
E0184	1250	29.6	N3363	4377	ENSMUST00000094626.4|ENSMUSG00000047216|Cdh19	1224	29.49	26	0.11000000000000298
E0185	181	62.43	N7207	8195	ENSMUST00000098032.10|ENSMUSG00000058966|Fam57b	174	63.22	7	0.7899999999999991
E0186	365	34.79	N0934	1941	ENSMUST00000223268.1|ENSMUSG00000116207|Nnt	358	34.92	7	0.13000000000000256
E0187	383	33.16	N0151	1155	ENSMUST00000042780.13|ENSMUSG00000040548|Tex2	419	33.17	36	0.010000000000005116
E0188	5175	32.73	N0842	1856	ENSMUST00000162921.7|ENSMUSG00000021597|Slf1	4795	33.01	380	0.28000000000000114
E0189	114	46.49	N7548	8530	ENSMUST00000008032.13|ENSMUSG00000007888|Crlf1	99	46.46	15	0.030000000000001137
E0190	320	50.62	N2742	3754	ENSMUST00000236364.1|ENSMUSG00000117873|Gm45928	320	50.62	0	0.0
E0191	451	57.43	N4139	5143	ENSMUST00000028850.14|ENSMUSG00000079056|Kcnip3	455	57.36	4	0.07000000000000028
E0192	57256	39.81	N8686	9689	ENSMUST00000154638.8|ENSMUSG00000031352|Hccs	61431	39.94	4175	0.12999999999999545
E0193	290	35.86	N7881	8882	ENSMUST00000065291.1|ENSMUSG00000053070|Cfap300	304	35.86	14	0.0
E0194	181	44.2	N5915	692	ENSMUST00000045697.11|ENSMUSG00000036860|Mrpl55	179	44.13	2	0.07000000000000028
E0195	181	36.46	N2991	4001	ENSMUST00000112047.9|ENSMUSG00000025193|Cutc	201	36.82	20	0.35999999999999943
E0196	370	51.89	N3244	4258	ENSMUST00000006718.14|ENSMUSG00000026167|Wnt10a	353	51.84	17	0.04999999999999716
E0197	690	44.78	N8107	9102	ENSMUST00000217570.1|ENSMUSG00000025236|Adpgk	721	44.8	31	0.01999999999999602
E0198	255	28.63	N7633	8620	ENSMUST00000238701.1|ENSMUSG00000034656|Cacna1a	247	28.74	8	0.10999999999999943
E0199	181	32.6	N3189	4200	ENSMUST00000001027.6|ENSMUSG00000063558|Aox1	187	32.62	6	0.01999999999999602
E0200	4873	38.4	N1239	2244	ENSMUST00000184744.1|ENSMUSG00000098557|Kctd12	4728	38.39	145	0.00999999999999801
E0201	271	47.23	N0136	1140	ENSMUST00000100335.9|ENSMUSG00000020695|Mrc2	292	47.26	21	0.030000000000001137
E0202	308	40.26	N3611	4618	ENSMUST00000109158.8|ENSMUSG00000056050|Mia3	281	40.21	27	0.04999999999999716
E0203	1991	55.45	N0230	1240	ENSMUST00000090433.5|ENSMUSG00000020823|Sec14l1	1830	55.41	161	0.04000000000000625
E0204	358	41.06	N3548	4556	ENSMUST00000056449.8|ENSMUSG00000048865|Arhgap30	363	41.05	5	0.010000000000005116
E0205	270	45.93	N0942	195	ENSMUST00000036387.7|ENSMUSG00000033208|S100b	294	45.92	24	0.00999999999999801
E0206	278	54.68	N2811	3824	ENSMUST00000170516.8|ENSMUSG00000024952|Rps6ka4	259	54.83	19	0.14999999999999858
E0207	4559	57.47	N7828	8831	ENSMUST00000155869.7|ENSMUSG00000001062|Vps9d1	4367	56.68	192	0.7899999999999991
E0208	147	38.1	N8415	941	ENSMUST00000019074.3|ENSMUSG00000018930|Ccl4	147	38.1	0	0.0
E0209	294	38.1	N1369	2371	ENSMUST00000023053.11|ENSMUSG00000022371|Col14a1	307	38.11	13	0.00999999999999801
E0210	361	52.35	N5033	6024	ENSMUST00000059354.14|ENSMUSG00000036078|Sigmar1	382	52.36	21	0.00999999999999801
E0211	213	36.62	N4959	5948	ENSMUST00000029910.11|ENSMUSG00000028245|Nsmaf	227	36.56	14	0.05999999999999517
E0212	3295	42.79	N5984	6990	ENSMUST00000031446.6|ENSMUSG00000070498|Tmem132b	3495	42.78	200	0.00999999999999801
E0213	97	50.52	N5428	6415	ENSMUST00000046285.5|ENSMUSG00000036887|C1qa	89	50.56	8	0.03999999999999915
E0214	693	58.59	N7248	8233	ENSMUST00000206893.1|ENSMUSG00000030811|Fbxl19	705	58.72	12	0.12999999999999545
E0215	757	50.33	N7064	8056	ENSMUST00000032958.13|ENSMUSG00000032942|Ucp3	719	50.35	38	0.020000000000003126
E0216	629	45.31	N2055	3058	ENSMUST00000186045.1|ENSMUSG00000039218|Srrm2	593	45.36	36	0.04999999999999716
E0217	110	48.18	N8617	9620	ENSMUST00000060904.10|ENSMUSG00000044550|Tceal3	91	48.35	19	0.1700000000000017
E0218	137	49.64	N1367	237	ENSMUST00000004786.9|ENSMUSG00000004667|Polr2e	141	49.65	4	0.00999999999999801
E0219	291	46.05	N6533	7530	ENSMUST00000068593.8|ENSMUSG00000055172|C1ra	315	46.03	24	0.01999999999999602
E0220	377	39.26	N0381	1389	ENSMUST00000002765.8|ENSMUSG00000002688|Prkd1	346	39.31	31	0.05000000000000426
E0221	342	50.88	N6684	7681	ENSMUST00000169612.2|ENSMUSG00000091811|Inafm1	318	50.94	24	0.05999999999999517
E0222	306	42.48	N7247	8232	ENSMUST00000047393.6|ENSMUSG00000042340|Ctf1	299	42.47	7	0.00999999999999801
E0223	575	48.17	N7225	8211	ENSMUST00000166791.7|ENSMUSG00000042502|Cd2bp2	621	48.15	46	0.020000000000003126
E0224	689	32.22	N7467	8453	ENSMUST00000034012.9|ENSMUSG00000031601|Cnot7	749	32.18	60	0.03999999999999915
E0225	114	26.32	N5189	6174	ENSMUST00000035780.3|ENSMUSG00000035069|Oma1	110	26.36	4	0.03999999999999915
E0226	247	59.11	N6729	7723	ENSMUST00000058444.9|ENSMUSG00000051403|Ppp1r37	257	59.14	10	0.030000000000001137
E0227	449	55.46	N1464	2468	ENSMUST00000134703.7|ENSMUSG00000116069|Gm49510	438	55.48	11	0.01999999999999602
E0228	69	68.12	N8111	9106	ENSMUST00000026262.7|ENSMUSG00000025232|Hexa	77	67.53	8	0.5900000000000034
E0229	212	36.79	N3979	4989	ENSMUST00000111338.9|ENSMUSG00000040549|Ckap5	218	36.7	6	0.0899999999999963
E0230	357	54.06	N1749	275	ENSMUST00000005057.6|ENSMUSG00000004929|Thop1	392	54.08	35	0.01999999999999602
E0231	450	46.0	N7665	8658	ENSMUST00000034087.8|ENSMUSG00000031662|Snx20	415	46.02	35	0.020000000000003126
E0232	311	62.06	N1672	2674	ENSMUST00000229373.1|ENSMUSG00000000552|Zfp385a	338	61.83	27	0.23000000000000398
E0233	305	51.15	N1787	2790	ENSMUST00000120394.7|ENSMUSG00000115293|Gm49333	311	51.13	6	0.01999999999999602
E0234	1080	52.31	N4277	5281	ENSMUST00000103145.10|ENSMUSG00000027490|E2f1	994	52.31	86	0.0
E0235	768	42.32	N4503	551	ENSMUST00000006071.13|ENSMUSG00000005917|Otx1	822	42.34	54	0.020000000000003126
E0236	57	38.6	N3539	4548	ENSMUST00000013737.12|ENSMUSG00000013593|Ndufs2	49	38.78	8	0.17999999999999972
E0237	394	39.85	N1469	2473	ENSMUST00000180086.2|ENSMUSG00000096210|H1f0	359	39.83	35	0.020000000000003126
E0238	277	43.68	N0643	1651	ENSMUST00000003345.9|ENSMUSG00000021314|Amph	261	43.68	16	0.0
E0239	334	41.92	N6307	7308	ENSMUST00000031795.7|ENSMUSG00000029781|Fkbp9	367	41.96	33	0.03999999999999915
E0240	1436	41.09	N3167	4179	ENSMUST00000156876.7|ENSMUSG00000041439|Mfsd6	1324	41.09	112	0.0
E0241	349	36.39	N1286	2290	ENSMUST00000052965.7|ENSMUSG00000022141|Nipbl	368	36.41	19	0.01999999999999602
E0242	2461	41.97	N4009	5015	ENSMUST00000111222.1|ENSMUSG00000048058|Ldlrad3	2499	41.98	38	0.00999999999999801
E0243	223	33.63	N7879	8880	ENSMUST00000190341.6|ENSMUSG00000057367|Birc2	237	33.76	14	0.12999999999999545
E0244	288	38.89	N8620	9624	ENSMUST00000127404.7|ENSMUSG00000072955|Tmsb15l	309	38.83	21	0.060000000000002274
E0245	1331	37.11	N7466	8451	ENSMUST00000170091.2|ENSMUSG00000025044|Msr1	1456	37.09	125	0.01999999999999602
E0246	936	40.6	N1799	2800	ENSMUST00000100052.10|ENSMUSG00000033581|Igf2bp2	911	40.61	25	0.00999999999999801
E0247	1941	39.82	N2366	3382	ENSMUST00000045174.6|ENSMUSG00000039770|Ypel5	1836	39.81	105	0.00999999999999801
E0248	32896	49.2	N7277	8262	ENSMUST00000207789.1|ENSMUSG00000030852|Tacc2	34573	48.8	1677	0.4000000000000057
E0249	314	43.95	N1209	2214	ENSMUST00000022577.5|ENSMUSG00000022000|Zc3h13	337	43.92	23	0.030000000000001137
E0250	177	27.68	N8605	9607	ENSMUST00000096321.2|ENSMUSG00000072969|Armcx5	177	27.68	0	0.0
E0251	2010	39.55	N3495	4503	ENSMUST00000111594.2|ENSMUSG00000026698|Pigc	1943	39.58	67	0.030000000000001137
E0252	1353	36.59	N0355	1364	ENSMUST00000003079.11|ENSMUSG00000002997|Prkar2b	1398	36.55	45	0.04000000000000625
E0253	1800	40.06	N3879	4887	ENSMUST00000112525.4|ENSMUSG00000054580|Pla2r1	1848	40.04	48	0.020000000000003126
E0254	2004	37.67	N1382	2383	ENSMUST00000036904.6|ENSMUSG00000037075|Rnf139	2108	37.67	104	0.0
E0255	400	23.0	N5211	6195	ENSMUST00000097925.8|ENSMUSG00000034610|Tut4	381	23.36	19	0.35999999999999943
E0256	1898	40.62	N6343	7345	ENSMUST00000205335.1|ENSMUSG00000053907|Mat2a	2030	40.64	132	0.020000000000003126
E0257	2080	36.01	N7615	8603	ENSMUST00000177594.7|ENSMUSG00000035151|Elmod2	2173	35.99	93	0.01999999999999602
E0258	3083	42.33	N5239	6221	ENSMUST00000030464.13|ENSMUSG00000028698|Pik3r3	2936	42.37	147	0.03999999999999915
E0259	121	41.32	N2489	3503	ENSMUST00000025241.6|ENSMUSG00000024382|Ercc3	114	41.23	7	0.09000000000000341
E0260	417	47.0	N0685	1694	ENSMUST00000225537.1|ENSMUSG00000050423|Ppp1r3g	390	46.92	27	0.0799999999999983
E0261	275	44.73	N7039	8031	ENSMUST00000098300.5|ENSMUSG00000035704|Alg8	248	44.76	27	0.030000000000001137
E0262	1585	38.49	N4568	5572	ENSMUST00000029374.7|ENSMUSG00000027799|Nbea	1561	38.5	24	0.00999999999999801
E0263	3480	32.87	N3898	4904	ENSMUST00000090858.9|ENSMUSG00000042133|Ppig	3482	32.97	2	0.10000000000000142
E0264	572	41.61	N4211	5215	ENSMUST00000028909.4|ENSMUSG00000027423|Snx5	625	41.6	53	0.00999999999999801
E0265	140	42.14	N7944	8945	ENSMUST00000069330.13|ENSMUSG00000001348|Acp5	145	42.07	5	0.07000000000000028
E0266	180	55.0	N2781	3794	ENSMUST00000237111.1|ENSMUSG00000056185|Snx32	171	54.97	9	0.030000000000001137
E0267	252	52.38	N3232	4247	ENSMUST00000027368.5|ENSMUSG00000026177|Slc11a1	229	52.4	23	0.01999999999999602
E0268	236	57.63	N0607	1616	ENSMUST00000058491.7|ENSMUSG00000049036|Tmem121	233	57.51	3	0.12000000000000455
E0269	255	47.45	N3024	4040	ENSMUST00000049369.15|ENSMUSG00000042694|Stn1	274	47.45	19	0.0
E0270	2534	40.57	N4208	5212	ENSMUST00000028905.9|ENSMUSG00000027419|Pcsk2	2326	40.58	208	0.00999999999999801
E0271	1454	39.89	N0925	1933	ENSMUST00000109241.4|ENSMUSG00000042364|Snx18	1552	39.88	98	0.00999999999999801
E0272	267	52.06	N0599	1607	ENSMUST00000037014.10|ENSMUSG00000037594|Clba1	271	52.03	4	0.030000000000001137
E0273	267	54.68	N1566	2569	ENSMUST00000060808.9|ENSMUSG00000036606|Plxnb2	280	55.0	13	0.3200000000000003
E0274	1350	55.48	N4303	5308	ENSMUST00000169464.8|ENSMUSG00000061689|Dlgap4	1312	55.49	38	0.010000000000005116
E0275	217	52.53	N2146	3154	ENSMUST00000191598.2|ENSMUSG00000024038|Ndufv3	198	52.53	19	0.0
E0276	1393	46.73	N1721	2722	ENSMUST00000023361.11|ENSMUSG00000022680|Pdxdc1	1518	46.77	125	0.04000000000000625
E0277	305	45.25	N7889	889	ENSMUST00000048073.8|ENSMUSG00000041958|Pigs	301	45.18	4	0.07000000000000028
E0278	207	37.68	N6527	7525	ENSMUST00000117173.7|ENSMUSG00000043832|Clec4a3	215	37.67	8	0.00999999999999801
E0279	1292	44.2	N7643	8630	ENSMUST00000003922.5|ENSMUSG00000003824|Syce2	1333	44.19	41	0.010000000000005116
E0280	644	34.94	N6289	729	ENSMUST00000102650.9|ENSMUSG00000047804|Akap10	694	34.87	50	0.07000000000000028
E0281	4208	41.9	N3475	4486	ENSMUST00000035560.8|ENSMUSG00000033701|Acbd6	4079	41.9	129	0.0
E0282	184	26.09	N3888	4895	ENSMUST00000127623.7|ENSMUSG00000061171|Slc38a11	192	25.52	8	0.5700000000000003
E0283	1536	44.01	N4695	5696	ENSMUST00000199163.1|ENSMUSG00000027944|Hax1	1493	44.01	43	0.0
E0284	318	35.85	N6793	7789	ENSMUST00000051241.6|ENSMUSG00000044786|Zfp36	343	35.86	25	0.00999999999999801
E0285	353	42.78	N5333	6318	ENSMUST00000102599.3|ENSMUSG00000001333|Sync	342	42.69	11	0.09000000000000341
E0286	1383	43.53	N0112	1114	ENSMUST00000143842.1|ENSMUSG00000034621|Gpatch8	1393	43.5	10	0.030000000000001137
E0287	330	50.61	N2275	3288	ENSMUST00000180283.1|ENSMUSG00000012296|Tjap1	312	50.64	18	0.030000000000001137
E0288	1318	53.19	N7243	8229	ENSMUST00000205694.1|ENSMUSG00000030816|Rnf40	1365	53.19	47	0.0
E0289	231	38.53	N8705	987	ENSMUST00000020851.14|ENSMUSG00000020544|Cox11	231	38.53	0	0.0
E0290	3896	51.87	N3228	4241	ENSMUST00000169786.7|ENSMUSG00000055322|Tns1	3880	51.86	16	0.00999999999999801
E0291	174	50.0	N5248	6230	ENSMUST00000030446.14|ENSMUSG00000028684|Urod	174	50.0	0	0.0
E0292	306	46.41	N1487	2490	ENSMUST00000023055.7|ENSMUSG00000022420|Dnal4	319	46.39	13	0.01999999999999602
E0293	1208	51.24	N6121	7127	ENSMUST00000061446.7|ENSMUSG00000043388|Tmem130	1251	51.24	43	0.0
E0294	2523	53.27	N7718	8713	ENSMUST00000212777.1|ENSMUSG00000043251|Exoc3l	2409	53.22	114	0.05000000000000426
E0295	1102	43.65	N0741	1750	ENSMUST00000110040.8|ENSMUSG00000021451|Sema4d	1157	43.65	55	0.0
E0296	284	30.63	N2550	3560	ENSMUST00000057228.1|ENSMUSG00000051242|Pcdhb9	258	30.62	26	0.00999999999999801
E0297	204	29.41	N5145	6132	ENSMUST00000030103.8|ENSMUSG00000028398|Dmac1	203	29.56	1	0.14999999999999858
E0298	1562	37.52	N0954	1961	ENSMUST00000022304.9|ENSMUSG00000021779|Thrb	1657	37.48	95	0.04000000000000625
E0299	40075	40.28	N1920	2919	ENSMUST00000143314.7|ENSMUSG00000050312|Nsun3	38205	40.6	1870	0.3200000000000003
E0300	216	27.31	N7516	8500	ENSMUST00000093470.6|ENSMUSG00000051147|Nat2	231	27.71	15	0.40000000000000213
E0301	1494	35.68	N4505	5511	ENSMUST00000195008.5|ENSMUSG00000039286|Fndc3b	1509	35.79	15	0.10999999999999943
E0302	1217	38.78	N6941	7939	ENSMUST00000052204.5|ENSMUSG00000047037|Nipa1	1135	38.77	82	0.00999999999999801
E0303	1114	47.4	N7617	8606	ENSMUST00000005620.9|ENSMUSG00000005483|Dnajb1	1086	47.42	28	0.020000000000003126
E0304	263	33.84	N3876	4883	ENSMUST00000028368.13|ENSMUSG00000026988|Wdsub1	280	33.93	17	0.0899999999999963
E0305	807	31.72	N4422	5430	ENSMUST00000109011.7|ENSMUSG00000078887|Gm6710	796	31.53	11	0.18999999999999773
E0306	259	42.08	N8250	9249	ENSMUST00000149322.7|ENSMUSG00000032527|Pccb	261	42.15	2	0.07000000000000028
E0307	1649	41.42	N7290	8275	ENSMUST00000138370.1|ENSMUSG00000039990|Edrf1	1581	41.43	68	0.00999999999999801
E0308	1434	43.51	N7838	8841	ENSMUST00000075578.6|ENSMUSG00000031974|Abcb10	1497	43.49	63	0.01999999999999602
E0309	743	42.8	N5503	6494	ENSMUST00000038562.8|ENSMUSG00000039911|Spsb1	762	42.78	19	0.01999999999999602
E0310	3320	38.95	N4630	5629	ENSMUST00000107692.7|ENSMUSG00000027993|Trim2	3550	38.99	230	0.03999999999999915
E0311	328	34.15	N4884	5877	ENSMUST00000043937.8|ENSMUSG00000041084|Ostc	304	34.21	24	0.060000000000002274
E0312	261	37.16	N2837	385	ENSMUST00000036044.8|ENSMUSG00000034163|Zfc3h1	253	37.15	8	0.00999999999999801
E0313	164	50.61	N3628	4634	ENSMUST00000027897.7|ENSMUSG00000026603|Smyd2	146	50.68	18	0.07000000000000028
E0314	248	35.08	N4414	5422	ENSMUST00000109059.7|ENSMUSG00000090093|Gm14399	267	35.21	19	0.13000000000000256
E0315	230	48.26	N0186	1195	ENSMUST00000003351.12|ENSMUSG00000020734|Grin2c	232	48.28	2	0.020000000000003126
E0316	278	52.88	N3755	4762	ENSMUST00000209765.1|ENSMUSG00000109946|Brd3os	282	52.84	4	0.03999999999999915
E0317	1721	43.58	N0323	1333	ENSMUST00000067124.5|ENSMUSG00000020593|Lpin1	1687	43.51	34	0.07000000000000028
E0318	404	38.37	N1033	2042	ENSMUST00000047652.5|ENSMUSG00000037824|Tspan14	417	38.37	13	0.0
E0319	311	49.2	N2805	3819	ENSMUST00000113504.9|ENSMUSG00000024947|Men1	315	49.21	4	0.00999999999999801
E0320	467	31.48	N3913	4919	ENSMUST00000024159.7|ENSMUSG00000023391|Dlx2	489	31.49	22	0.00999999999999801
E0321	334	50.3	N1045	2054	ENSMUST00000142734.7|ENSMUSG00000050335|Lgals3	332	50.3	2	0.0
E0322	268	50.0	N0149	1153	ENSMUST00000044228.10|ENSMUSG00000040592|Cd79b	256	50.0	12	0.0
E0323	4501	46.92	N2986	3999	ENSMUST00000133325.7|ENSMUSG00000025190|Got1	4498	46.89	3	0.030000000000001137
E0324	262	52.67	N5193	6178	ENSMUST00000058905.7|ENSMUSG00000043572|Pars2	281	52.67	19	0.0
E0325	399	53.88	N6203	7208	ENSMUST00000046750.13|ENSMUSG00000001763|Tspan33	431	53.83	32	0.05000000000000426
E0326	256	30.47	N7174	8163	ENSMUST00000033163.7|ENSMUSG00000030876|Mettl9	247	30.36	9	0.10999999999999943
E0327	626	35.46	N0173	1177	ENSMUST00000044850.3|ENSMUSG00000041797|Abca9	652	35.43	26	0.030000000000001137
E0328	4147	38.32	N8204	9205	ENSMUST00000034802.14|ENSMUSG00000032265|Tent5a	3784	38.35	363	0.030000000000001137
E0329	1249	42.67	N4522	5528	ENSMUST00000043966.7|ENSMUSG00000037531|Mrpl47	1125	42.67	124	0.0
E0330	444	38.96	N8641	9644	ENSMUST00000163233.1|ENSMUSG00000041353|Tmem29	482	39.0	38	0.03999999999999915
E0331	1160	47.67	N5463	6450	ENSMUST00000006381.10|ENSMUSG00000006219|Fblim1	1232	47.65	72	0.020000000000003126
E0332	402	52.24	N0148	1152	ENSMUST00000106843.7|ENSMUSG00000078619|Smarcd2	381	52.23	21	0.010000000000005116
E0333	2571	37.88	N0862	1876	ENSMUST00000022197.14|ENSMUSG00000021687|Scamp1	2463	37.92	108	0.03999999999999915
E0334	461	39.05	N7345	8331	ENSMUST00000167912.8|ENSMUSG00000037664|Cdkn1c	418	39.0	43	0.04999999999999716
E0335	630	41.11	N6815	7809	ENSMUST00000178162.2|ENSMUSG00000011427|Zfp790	608	41.12	22	0.00999999999999801
E0336	388	44.33	N6465	7461	ENSMUST00000113119.7|ENSMUSG00000001632|Brpf1	422	44.31	34	0.01999999999999602
E0337	327	35.78	N6598	760	ENSMUST00000108666.7|ENSMUSG00000020897|Aurkb	298	35.91	29	0.12999999999999545
E0338	714	47.34	N0335	1344	ENSMUST00000156453.9|ENSMUSG00000062563|Cys1	732	47.27	18	0.07000000000000028
E0339	946	48.31	N4458	5466	ENSMUST00000108831.7|ENSMUSG00000027580|Helz2	982	48.27	36	0.03999999999999915
E0340	122	46.72	N6154	7161	ENSMUST00000031670.9|ENSMUSG00000032766|Gng11	137	46.72	15	0.0
E0341	186	41.4	N8043	9039	ENSMUST00000213916.1|ENSMUSG00000039217|Il18	186	41.4	0	0.0
E0342	1956	43.61	N7409	8396	ENSMUST00000033871.7|ENSMUSG00000031482|Slc25a15	2032	43.7	76	0.09000000000000341
E0343	520	44.23	N8446	9443	ENSMUST00000089217.10|ENSMUSG00000001924|Uba1	518	44.21	2	0.01999999999999602
E0344	345	28.99	N7285	8270	ENSMUST00000084500.7|ENSMUSG00000030934|Oat	376	28.99	31	0.0
E0345	635	35.43	N5019	6007	ENSMUST00000030117.4|ENSMUSG00000028409|Smu1	607	35.42	28	0.00999999999999801
E0346	3158	44.9	N1987	2988	ENSMUST00000115797.8|ENSMUSG00000069729|Arid1b	3271	44.91	113	0.00999999999999801
E0347	140	32.14	N3106	4120	ENSMUST00000027312.10|ENSMUSG00000026134|Prim2	128	32.03	12	0.10999999999999943
E0348	2034	33.14	N7143	8135	ENSMUST00000033018.14|ENSMUSG00000030759|Far1	1977	33.18	57	0.03999999999999915
E0349	157	40.13	N6552	7554	ENSMUST00000205002.2|ENSMUSG00000000399|Ndufa9	150	40.0	7	0.13000000000000256
E0350	556	57.01	N2646	3653	ENSMUST00000155195.2|ENSMUSG00000043079|Synpo	571	56.92	15	0.0899999999999963
E0351	308	47.4	N3984	4993	ENSMUST00000099712.9|ENSMUSG00000040506|Ambra1	308	47.4	0	0.0
E0352	1089	50.69	N0082	1083	ENSMUST00000107284.7|ENSMUSG00000006920|Ezh1	1020	50.69	69	0.0
E0353	135	32.59	N1073	2084	ENSMUST00000022784.8|ENSMUSG00000022177|Haus4	141	32.62	6	0.02999999999999403
E0354	290	42.41	N8552	9553	ENSMUST00000019503.13|ENSMUSG00000019359|Gdpd2	262	42.37	28	0.03999999999999915
E0355	272	54.04	N4660	5659	ENSMUST00000029699.12|ENSMUSG00000028063|Lmna	281	54.09	9	0.05000000000000426
E0356	2546	51.81	N5133	6119	ENSMUST00000065870.13|ENSMUSG00000059810|Rgs3	2360	51.82	186	0.00999999999999801
E0357	390	41.54	N0406	1411	ENSMUST00000139049.1|ENSMUSG00000079104|Prps1l3	352	41.48	38	0.060000000000002274
E0358	220	52.27	N0698	1707	ENSMUST00000021790.6|ENSMUSG00000021361|Tmem14c	241	52.28	21	0.00999999999999801
E0359	406	50.99	N8448	9446	ENSMUST00000115345.7|ENSMUSG00000037217|Syn1	410	50.98	4	0.010000000000005116
E0360	172	31.98	N0896	1907	ENSMUST00000109333.7|ENSMUSG00000061474|Mrps36	153	32.03	19	0.05000000000000071
E0361	842	42.52	N4782	5779	ENSMUST00000043983.10|ENSMUSG00000042035|Igsf3	879	42.55	37	0.02999999999999403
E0362	3905	46.22	N6691	7689	ENSMUST00000185011.7|ENSMUSG00000030374|Strn4	3986	46.24	81	0.020000000000003126
E0363	743	45.49	N0983	1996	ENSMUST00000052286.15|ENSMUSG00000095304|Plac9a	767	45.5	24	0.00999999999999801
E0364	229	55.46	N2743	3755	ENSMUST00000025773.4|ENSMUSG00000024854|Pold4	229	55.46	0	0.0
E0365	376	45.21	N4724	5723	ENSMUST00000072287.11|ENSMUSG00000038861|Pi4kb	407	45.21	31	0.0
E0366	2282	41.81	N1217	2221	ENSMUST00000022586.1|ENSMUSG00000022009|Nufip1	2329	41.78	47	0.030000000000001137
E0367	151	41.06	N1497	250	ENSMUST00000095446.9|ENSMUSG00000043822|Adamtsl5	166	40.96	15	0.10000000000000142
E0368	1326	39.44	N2498	3511	ENSMUST00000003876.9|ENSMUSG00000003778|Brd8	1354	39.44	28	0.0
E0369	1868	35.92	N2021	3025	ENSMUST00000159986.7|ENSMUSG00000060475|Wtap	1791	35.9	77	0.020000000000003126
E0370	308	47.08	N0366	1375	ENSMUST00000041640.4|ENSMUSG00000036188|Ankmy2	293	47.1	15	0.020000000000003126
E0371	2109	41.49	N0601	161	ENSMUST00000043317.6|ENSMUSG00000036764|Dnajc12	1985	41.51	124	0.01999999999999602
E0372	548	26.64	N8224	9224	ENSMUST00000093801.9|ENSMUSG00000032369|Plscr1	499	26.25	49	0.39000000000000057
E0373	541	39.56	N6206	7210	ENSMUST00000115212.7|ENSMUSG00000058440|Nrf1	512	39.65	29	0.0899999999999963
E0374	2345	49.0	N0223	1234	ENSMUST00000144398.1|ENSMUSG00000110170|St6galnac2	2360	48.98	15	0.020000000000003126
E0375	3426	38.79	N3360	4374	ENSMUST00000010049.5|ENSMUSG00000009905|Kdsr	3602	38.78	176	0.00999999999999801
E0376	2367	32.15	N4601	5601	ENSMUST00000126628.6|ENSMUSG00000048416|Mlf1	2291	32.17	76	0.020000000000003126
E0377	396	43.94	N2020	3024	ENSMUST00000007005.13|ENSMUSG00000023832|Acat2	430	43.95	34	0.010000000000005116
E0378	276	34.42	N6292	7292	ENSMUST00000031788.8|ENSMUSG00000029776|Hibadh	293	34.47	17	0.04999999999999716
E0379	127	51.18	N3336	435	ENSMUST00000219026.1|ENSMUSG00000040345|Arhgap9	125	51.2	2	0.020000000000003126
E0380	346	47.98	N6870	7867	ENSMUST00000038332.8|ENSMUSG00000038888|Ctu1	369	47.97	23	0.00999999999999801
E0381	408	42.89	N0078	108	ENSMUST00000218123.1|ENSMUSG00000062593|Gm49339	422	42.89	14	0.0
E0382	423	45.63	N2242	3257	ENSMUST00000102665.10|ENSMUSG00000076439|Mog	458	45.63	35	0.0
E0383	353	27.48	N4934	5924	ENSMUST00000050073.12|ENSMUSG00000028035|Dnajb4	360	27.5	7	0.019999999999999574
E0384	172	46.51	N4876	587	ENSMUST00000109363.7|ENSMUSG00000057967|Fgf18	187	46.52	15	0.010000000000005116
E0385	260	36.92	N0279	1286	ENSMUST00000106177.7|ENSMUSG00000042988|Notum	263	36.88	3	0.03999999999999915
E0386	3118	44.07	N4305	531	ENSMUST00000109654.7|ENSMUSG00000020176|Grb10	2807	44.1	311	0.030000000000001137
E0387	223	37.22	N3091	4107	ENSMUST00000053266.10|ENSMUSG00000041859|Mcm3	244	37.3	21	0.0799999999999983
E0388	368	44.02	N5339	6323	ENSMUST00000062356.6|ENSMUSG00000047945|Marcksl1	357	43.98	11	0.04000000000000625
E0389	1009	43.9	N7054	8046	ENSMUST00000032998.12|ENSMUSG00000030744|Rps3	986	43.91	23	0.00999999999999801
E0390	1695	49.91	N7283	8269	ENSMUST00000077472.9|ENSMUSG00000030930|Chst15	1750	49.94	55	0.030000000000001137
E0391	281	53.02	N7198	8187	ENSMUST00000039522.7|ENSMUSG00000042759|Apobr	281	53.02	0	0.0
E0392	314	48.09	N4350	5357	ENSMUST00000052107.4|ENSMUSG00000045822|Zswim3	293	48.12	21	0.02999999999999403
E0393	354	39.83	N8108	9103	ENSMUST00000026265.7|ENSMUSG00000025235|Bbs4	329	39.82	25	0.00999999999999801
E0394	4578	50.28	N6653	7653	ENSMUST00000076251.6|ENSMUSG00000074405|Zfp865	4426	50.2	152	0.0799999999999983
E0395	325	34.46	N5415	6400	ENSMUST00000030436.11|ENSMUSG00000028675|Pnrc2	343	34.4	18	0.060000000000002274
E0396	994	39.13	N2483	3498	ENSMUST00000234344.1|ENSMUSG00000024400|Wdr33	948	39.14	46	0.00999999999999801
E0397	226	31.86	N5251	6233	ENSMUST00000065896.8|ENSMUSG00000028678|Kif2c	204	31.86	22	0.0
E0398	483	43.27	N4580	5583	ENSMUST00000040622.2|ENSMUSG00000036362|P2ry13	483	43.27	0	0.0
E0399	1426	40.53	N0302	131	ENSMUST00000009789.14|ENSMUSG00000019916|P4ha1	1496	40.51	70	0.020000000000003126
E0400	292	35.96	N3908	4914	ENSMUST00000112140.7|ENSMUSG00000027012|Dync1i2	267	35.96	25	0.0
E0401	310	31.94	N3188	420	ENSMUST00000074807.7|ENSMUSG00000020105|Lrig3	291	31.96	19	0.019999999999999574
E0402	480	52.5	N1508	2510	ENSMUST00000170134.8|ENSMUSG00000022391|Rangap1	488	52.66	8	0.1599999999999966
E0403	220	57.73	N8328	9323	ENSMUST00000112070.7|ENSMUSG00000025650|Col7a1	214	57.94	6	0.21000000000000085
E0404	2910	48.28	N5727	6724	ENSMUST00000147348.5|ENSMUSG00000029174|Tbc1d1	2694	48.29	216	0.00999999999999801
E0405	270	33.33	N8652	9656	ENSMUST00000039720.10|ENSMUSG00000041658|Rragb	266	33.46	4	0.13000000000000256
E0406	345	48.12	N7825	8828	ENSMUST00000019422.5|ENSMUSG00000019278|Dpep1	378	48.15	33	0.030000000000001137
E0407	3225	46.7	N7134	8126	ENSMUST00000127935.7|ENSMUSG00000005611|Mrvi1	2945	46.72	280	0.01999999999999602
E0408	534	30.52	N5247	623	ENSMUST00000109197.7|ENSMUSG00000046311|Zfp62	577	30.68	43	0.16000000000000014
E0409	5723	43.44	N8337	9331	ENSMUST00000198443.1|ENSMUSG00000032480|Dhx30	5734	43.32	11	0.11999999999999744
E0410	261	38.31	N2291	3309	ENSMUST00000113296.7|ENSMUSG00000023266|Frs3	235	38.3	26	0.010000000000005116
E0411	3993	54.75	N3265	4279	ENSMUST00000027415.11|ENSMUSG00000006576|Slc4a3	3749	54.81	244	0.060000000000002274
E0412	2717	39.01	N7885	8886	ENSMUST00000159294.8|ENSMUSG00000031925|Maml2	2562	38.99	155	0.01999999999999602
E0413	338	47.93	N4642	5640	ENSMUST00000015998.7|ENSMUSG00000015854|Cd5l	361	47.92	23	0.00999999999999801
E0414	471	52.65	N0264	1271	ENSMUST00000131103.8|ENSMUSG00000062825|Actg1	466	52.79	5	0.14000000000000057
E0415	338	54.44	N0120	1122	ENSMUST00000021313.8|ENSMUSG00000020935|Dcakd	312	54.49	26	0.05000000000000426
E0416	181	49.72	N6080	7088	ENSMUST00000031531.13|ENSMUSG00000029551|Psmg3	181	49.72	0	0.0
E0417	411	36.25	N8596	9598	ENSMUST00000170828.1|ENSMUSG00000079435|Rpl36a	436	36.24	25	0.00999999999999801
E0418	307	42.35	N0543	1549	ENSMUST00000160413.7|ENSMUSG00000045404|Kcnk13	333	42.34	26	0.00999999999999801
E0419	373	52.01	N4071	5078	ENSMUST00000028780.3|ENSMUSG00000027313|Chac1	346	52.02	27	0.010000000000005116
E0420	241	48.55	N2734	3745	ENSMUST00000143380.2|ENSMUSG00000075296|Aldh3b2	239	48.54	2	0.00999999999999801
E0421	314	32.48	N4431	5440	ENSMUST00000156844.7|ENSMUSG00000078875|Gm14419	287	32.4	27	0.0799999999999983
E0422	1861	41.59	N3386	4398	ENSMUST00000027592.5|ENSMUSG00000026353|Ubxn4	1991	41.54	130	0.05000000000000426
E0423	401	27.68	N2039	3043	ENSMUST00000162659.1|ENSMUSG00000062743|Zfp677	430	27.91	29	0.23000000000000043
E0424	491	38.7	N3490	45	ENSMUST00000179054.7|ENSMUSG00000097327|E030030I06Rik	517	39.07	26	0.36999999999999744
E0425	157	52.23	N0461	1466	ENSMUST00000110399.2|ENSMUSG00000090258|Churc1	149	52.35	8	0.12000000000000455
E0426	319	27.27	N8235	9234	ENSMUST00000057500.5|ENSMUSG00000051234|Rnf7	303	27.06	16	0.21000000000000085
E0427	5884	38.82	N5148	6136	ENSMUST00000107245.8|ENSMUSG00000008575|Nfib	6126	38.82	242	0.0
E0428	2137	34.58	N2434	3451	ENSMUST00000167020.7|ENSMUSG00000024283|Wac	2103	34.62	34	0.03999999999999915
E0429	1379	43.51	N4046	5054	ENSMUST00000166472.7|ENSMUSG00000040282|BC052040	1420	43.45	41	0.05999999999999517
E0430	452	34.73	N4352	536	ENSMUST00000058159.5|ENSMUSG00000044629|Cnrip1	479	34.66	27	0.07000000000000028
E0431	573	40.14	N0675	1685	ENSMUST00000076352.7|ENSMUSG00000044734|Serpinb1a	578	40.14	5	0.0
E0432	668	44.46	N0262	127	ENSMUST00000003312.4|ENSMUSG00000003227|Edar	652	44.48	16	0.01999999999999602
E0433	193	45.6	N1983	2983	ENSMUST00000024112.7|ENSMUSG00000023341|Mx2	182	45.6	11	0.0
E0434	172	52.33	N6637	7639	ENSMUST00000065957.6|ENSMUSG00000004961|Syt5	184	52.17	12	0.1599999999999966
E0435	503	40.16	N8440	9438	ENSMUST00000040134.7|ENSMUSG00000040138|Ndp	508	40.16	5	0.0
E0436	198	54.04	N6876	7875	ENSMUST00000107899.9|ENSMUSG00000030739|Myh14	204	53.92	6	0.11999999999999744
E0437	330	42.12	N3961	497	ENSMUST00000075221.2|ENSMUSG00000058755|Osm	297	42.09	33	0.02999999999999403
E0438	279	54.12	N1615	2617	ENSMUST00000023736.9|ENSMUSG00000022999|Lmbr1l	292	54.11	13	0.00999999999999801
E0439	359	44.57	N5407	6393	ENSMUST00000030626.11|ENSMUSG00000028822|Tmem50a	341	44.57	18	0.0
E0440	978	46.83	N4682	5680	ENSMUST00000029673.9|ENSMUSG00000028039|Efna3	898	46.77	80	0.05999999999999517
E0441	17292	40.34	N5425	6411	ENSMUST00000148843.9|ENSMUSG00000066037|Hnrnpr	18944	40.31	1652	0.030000000000001137
E0442	3036	55.34	N6016	7021	ENSMUST00000202478.3|ENSMUSG00000005378|Bud23	2743	55.38	293	0.03999999999999915
E0443	199	50.25	N4649	5648	ENSMUST00000005019.5|ENSMUSG00000004885|Crabp2	191	50.26	8	0.00999999999999801
E0444	247	51.82	N2280	3293	ENSMUST00000233974.1|ENSMUSG00000003546|Klc4	247	51.82	0	0.0
E0445	3889	48.73	N8256	9254	ENSMUST00000035155.7|ENSMUSG00000032549|Rab6b	3882	48.69	7	0.03999999999999915
E0446	2204	33.8	N4976	5965	ENSMUST00000183345.1|ENSMUSG00000055963|Triqk	2288	33.83	84	0.030000000000001137
E0447	449	35.41	N4432	5441	ENSMUST00000108964.1|ENSMUSG00000078870|Gm14410	435	35.4	14	0.00999999999999801
E0448	1586	43.51	N0860	1874	ENSMUST00000091403.5|ENSMUSG00000042082|Arsb	1647	43.47	61	0.03999999999999915
E0449	334	35.33	N0387	1394	ENSMUST00000042052.8|ENSMUSG00000035247|Hectd1	328	35.37	6	0.03999999999999915
E0450	5317	40.91	N7584	857	ENSMUST00000134745.7|ENSMUSG00000020849|Ywhae	5134	40.94	183	0.030000000000001137
E0451	2468	39.42	N5807	6805	ENSMUST00000198453.1|ENSMUSG00000016833|Mrps18c	2375	39.45	93	0.030000000000001137
E0452	3827	36.77	N4091	5097	ENSMUST00000057135.13|ENSMUSG00000090100|Ttbk2	3460	36.73	367	0.04000000000000625
E0453	1671	37.16	N2474	349	ENSMUST00000105290.8|ENSMUSG00000005897|Nr2c1	1712	37.15	41	0.00999999999999801
E0454	2829	31.67	N1925	2924	ENSMUST00000207826.1|ENSMUSG00000047141|Zfp654	2716	31.33	113	0.3400000000000034
E0455	313	33.55	N1208	2212	ENSMUST00000036072.7|ENSMUSG00000034959|Rubcnl	303	33.66	10	0.10999999999999943
E0456	323	44.27	N7210	8198	ENSMUST00000037248.9|ENSMUSG00000042606|Hirip3	332	44.28	9	0.00999999999999801
E0457	388	35.57	N8630	9634	ENSMUST00000112971.1|ENSMUSG00000079418|Atg4a	416	35.58	28	0.00999999999999801
E0458	216	34.26	N2393	3407	ENSMUST00000069486.12|ENSMUSG00000055760|Gemin6	236	34.32	20	0.060000000000002274
E0459	1661	47.56	N4636	5635	ENSMUST00000127348.7|ENSMUSG00000028085|Gatb	1592	47.55	69	0.010000000000005116
E0460	252	53.57	N3855	486	ENSMUST00000109995.1|ENSMUSG00000048807|Slc35e4	250	53.6	2	0.030000000000001137
E0461	115	50.43	N5047	6039	ENSMUST00000149333.7|ENSMUSG00000028454|Pigo	126	50.0	11	0.4299999999999997
E0462	339	37.46	N3280	4294	ENSMUST00000045560.14|ENSMUSG00000038496|Slc19a3	371	37.47	32	0.00999999999999801
E0463	5013	37.6	N8667	9671	ENSMUST00000101102.1|ENSMUSG00000040855|Reps2	5408	37.48	395	0.12000000000000455
E0464	715	34.83	N5177	6162	ENSMUST00000030279.14|ENSMUSG00000028550|Atg4c	689	34.83	26	0.0
E0465	397	31.49	N5226	6209	ENSMUST00000084354.3|ENSMUSG00000034401|Spata6	371	31.54	26	0.05000000000000071
E0466	315	34.6	N2046	305	ENSMUST00000220314.1|ENSMUSG00000112640|Gm32687	295	34.58	20	0.020000000000003126
E0467	667	31.03	N4433	5442	ENSMUST00000108955.1|ENSMUSG00000078867|Gm14418	711	31.08	44	0.04999999999999716
E0468	207	35.75	N6065	7073	ENSMUST00000161647.7|ENSMUSG00000075593|Gal3st4	224	35.71	17	0.03999999999999915
E0469	1841	39.11	N7424	8409	ENSMUST00000211319.1|ENSMUSG00000031555|Adam9	1802	39.07	39	0.03999999999999915
E0470	288	53.82	N5659	6654	ENSMUST00000046186.7|ENSMUSG00000037379|Spon2	275	53.82	13	0.0
E0471	245	60.41	N1425	2428	ENSMUST00000023225.7|ENSMUSG00000022564|Grina	267	60.3	22	0.10999999999999943
E0472	836	36.24	N2032	3036	ENSMUST00000127027.1|ENSMUSG00000096696|Zfp960	814	36.24	22	0.0
E0473	1074	48.42	N5258	6241	ENSMUST00000049074.12|ENSMUSG00000033295|Ptprf	1036	48.55	38	0.12999999999999545
E0474	2773	43.49	N7524	8508	ENSMUST00000238292.1|ENSMUSG00000054648|Zfp869	2682	43.48	91	0.010000000000005116
E0475	191	51.83	N7723	8718	ENSMUST00000014990.12|ENSMUSG00000014846|Tppp3	195	51.79	4	0.03999999999999915
E0476	274	53.65	N2264	3277	ENSMUST00000223987.1|ENSMUSG00000037089|Slc35b2	250	53.6	24	0.04999999999999716
E0477	324	52.47	N0065	1063	ENSMUST00000107399.8|ENSMUSG00000017176|Nt5c3b	305	52.46	19	0.00999999999999801
E0478	252	67.06	N0758	1769	ENSMUST00000036825.13|ENSMUSG00000034891|Sncb	232	63.36	20	3.700000000000003
E0479	294	52.72	N0884	1897	ENSMUST00000052249.6|ENSMUSG00000041632|Mrps27	290	52.76	4	0.03999999999999915
E0480	341	53.08	N0179	1185	ENSMUST00000069325.13|ENSMUSG00000034706|Dnaic2	307	53.09	34	0.010000000000005116
E0481	348	49.14	N3804	4812	ENSMUST00000239447.1|ENSMUSG00000002546|Golga2	314	49.04	34	0.10000000000000142
E0482	526	53.8	N5841	684	ENSMUST00000116376.8|ENSMUSG00000013646|Sh3bp5l	576	53.82	50	0.020000000000003126
E0483	262	47.71	N3429	4441	ENSMUST00000027682.8|ENSMUSG00000026424|Gpr37l1	262	47.71	0	0.0
E0484	295	39.32	N5620	6614	ENSMUST00000128727.7|ENSMUSG00000056367|Actr3b	322	39.44	27	0.11999999999999744
E0485	1806	50.61	N0142	1147	ENSMUST00000045923.9|ENSMUSG00000040699|Limd2	1937	50.59	131	0.01999999999999602
E0486	165	56.36	N3284	4298	ENSMUST00000097672.3|ENSMUSG00000073633|Fbxo36	154	56.49	11	0.13000000000000256
E0487	228	42.11	N3733	4738	ENSMUST00000036509.13|ENSMUSG00000036352|Ubac1	221	42.08	7	0.030000000000001137
E0488	1024	50.59	N1522	2526	ENSMUST00000161892.1|ENSMUSG00000022452|Smdt1	1007	50.55	17	0.04000000000000625
E0489	321	44.24	N3865	4870	ENSMUST00000102767.7|ENSMUSG00000036249|Rbm43	289	44.29	32	0.04999999999999716
E0490	949	49.95	N3810	4818	ENSMUST00000048431.2|ENSMUSG00000039164|Naif1	901	49.94	48	0.010000000000005116
E0491	2566	47.19	N5860	6861	ENSMUST00000156290.8|ENSMUSG00000033209|Ttc28	2658	47.14	92	0.04999999999999716
E0492	497	48.49	N8327	9322	ENSMUST00000195738.1|ENSMUSG00000025651|Uqcrc1	482	48.55	15	0.05999999999999517
E0493	242	40.91	N7407	8393	ENSMUST00000033865.15|ENSMUSG00000031478|Nek3	247	40.89	5	0.01999999999999602
E0494	192	57.81	N5036	6027	ENSMUST00000098128.3|ENSMUSG00000094065|Ccl21d	212	58.02	20	0.21000000000000085
E0495	517	44.29	N6548	7550	ENSMUST00000043422.7|ENSMUSG00000038213|Tapbpl	512	44.34	5	0.05000000000000426
E0496	1774	46.79	N0084	1085	ENSMUST00000144306.8|ENSMUSG00000078656|Vps25	1868	46.79	94	0.0
E0497	253	33.2	N4535	5540	ENSMUST00000029266.13|ENSMUSG00000027712|Anxa5	233	33.48	20	0.27999999999999403
E0498	897	41.69	N1585	2589	ENSMUST00000109255.2|ENSMUSG00000036158|Prickle1	876	41.67	21	0.01999999999999602
E0499	538	52.97	N3295	4308	ENSMUST00000113306.3|ENSMUSG00000079445|B3gnt7	510	52.94	28	0.030000000000001137
E0500	177	53.67	N6890	7889	ENSMUST00000211352.1|ENSMUSG00000019539|Rcn3	195	53.33	18	0.3400000000000034
E0501	554	46.93	N5926	6930	ENSMUST00000080322.7|ENSMUSG00000052776|Oas1a	588	46.94	34	0.00999999999999801
E0502	176	50.0	N0044	1041	ENSMUST00000002655.7|ENSMUSG00000002580|Mien1	191	50.26	15	0.259999999999998
E0503	360	37.22	N0666	1676	ENSMUST00000047311.15|ENSMUSG00000038732|Mboat1	366	37.16	6	0.060000000000002274
E0504	335	46.27	N7974	8972	ENSMUST00000034541.11|ENSMUSG00000032042|Srpr	359	46.24	24	0.030000000000001137
E0505	1239	49.8	N0079	1080	ENSMUST00000142545.1|ENSMUSG00000019303|Psmc3ip	1147	49.78	92	0.01999999999999602
E0506	1523	41.89	N0657	1666	ENSMUST00000171127.3|ENSMUSG00000069270|H2ac6	1619	41.88	96	0.00999999999999801
E0507	1336	46.56	N5234	6217	ENSMUST00000049095.5|ENSMUSG00000034171|Faah	1260	46.59	76	0.030000000000001137
E0508	668	56.89	N2071	3076	ENSMUST00000019684.12|ENSMUSG00000002504|Slc9a3r2	630	56.98	38	0.0899999999999963
E0509	561	57.22	N5464	6451	ENSMUST00000038661.7|ENSMUSG00000040740|Slc25a34	615	57.07	54	0.14999999999999858
E0510	1491	42.52	N2617	3622	ENSMUST00000179937.1|ENSMUSG00000062210|Tnfaip8	1605	42.49	114	0.030000000000001137
E0511	296	49.66	N3719	4722	ENSMUST00000114336.3|ENSMUSG00000048707|Tprn	312	49.68	16	0.020000000000003126
E0512	1850	39.3	N3075	4091	ENSMUST00000088666.3|ENSMUSG00000067879|Vxn	1867	39.31	17	0.010000000000005116
E0513	354	31.64	N8459	9458	ENSMUST00000016452.10|ENSMUSG00000016308|Ube2a	348	31.61	6	0.030000000000001137
E0514	79	44.3	N7078	807	ENSMUST00000060444.5|ENSMUSG00000043602|Zfp3	70	44.29	9	0.00999999999999801
E0515	277	49.82	N1202	2207	ENSMUST00000022705.6|ENSMUSG00000022109|Med4	269	49.81	8	0.00999999999999801
E0516	581	40.28	N5590	6586	ENSMUST00000056045.4|ENSMUSG00000047221|Fam185a	621	40.26	40	0.020000000000003126
E0517	271	62.73	N0742	1751	ENSMUST00000021903.2|ENSMUSG00000021453|Gadd45g	256	62.11	15	0.6199999999999974
E0518	1349	45.89	N3740	4745	ENSMUST00000145701.7|ENSMUSG00000026925|Inpp5e	1442	45.91	93	0.01999999999999602
E0519	289	34.6	N4478	5486	ENSMUST00000042412.4|ENSMUSG00000040289|Hey1	300	34.67	11	0.07000000000000028
E0520	1358	48.16	N4783	578	ENSMUST00000020537.8|ENSMUSG00000020297|Nsg2	1420	48.17	62	0.010000000000005116
E0521	1651	50.7	N7932	8931	ENSMUST00000034713.8|ENSMUSG00000032193|Ldlr	1491	50.7	160	0.0
E0522	253	46.25	N1149	2155	ENSMUST00000067927.8|ENSMUSG00000054733|Msra	268	46.27	15	0.020000000000003126
E0523	325	38.77	N3201	4213	ENSMUST00000091374.8|ENSMUSG00000026021|Sumo1	297	38.72	28	0.05000000000000426
E0524	280	52.14	N1683	2685	ENSMUST00000156889.7|ENSMUSG00000014301|Pam16	259	52.12	21	0.020000000000003126
E0525	210	50.0	N6470	7466	ENSMUST00000060634.13|ENSMUSG00000051169|Rpusd3	230	50.0	20	0.0
E0526	463	40.39	N6102	7109	ENSMUST00000049861.10|ENSMUSG00000061898|Rbak	424	40.33	39	0.060000000000002274
E0527	322	39.44	N1077	2088	ENSMUST00000038539.7|ENSMUSG00000040822|1700123O20Rik	294	39.46	28	0.020000000000003126
E0528	16133	40.07	N2426	3442	ENSMUST00000234422.1|ENSMUSG00000024234|Mtpap	16441	40.05	308	0.020000000000003126
E0529	158	51.9	N6730	7724	ENSMUST00000117222.1|ENSMUSG00000044709|Gemin7	177	51.98	19	0.0799999999999983
E0530	1111	38.43	N4363	537	ENSMUST00000102880.4|ENSMUSG00000033953|Ppp3r1	1098	38.43	13	0.0
E0531	305	46.89	N5494	6486	ENSMUST00000084124.6|ENSMUSG00000028961|Pgd	288	46.88	17	0.00999999999999801
E0532	541	35.49	N6245	7249	ENSMUST00000031978.8|ENSMUSG00000029918|Mrps33	487	35.52	54	0.030000000000001137
E0533	92	27.17	N6166	7173	ENSMUST00000012627.4|ENSMUSG00000012483|Rpa3	81	27.16	11	0.010000000000001563
E0534	2784	42.03	N6145	7153	ENSMUST00000100404.5|ENSMUSG00000051950|B3glct	2793	42.03	9	0.0
E0535	262	38.17	N5594	6590	ENSMUST00000030872.11|ENSMUSG00000029012|Orc5	283	38.16	21	0.010000000000005116
E0536	248	34.68	N4199	5203	ENSMUST00000028730.12|ENSMUSG00000027274|Mkks	271	34.69	23	0.00999999999999801
E0537	227	31.28	N3646	4651	ENSMUST00000016338.14|ENSMUSG00000016194|Hsd11b1	229	31.44	2	0.16000000000000014
E0538	1169	37.21	N2954	3965	ENSMUST00000099494.3|ENSMUSG00000040565|Btaf1	1130	37.17	39	0.03999999999999915
E0539	547	48.45	N7036	8029	ENSMUST00000168435.6|ENSMUSG00000035713|Usp35	584	48.46	37	0.00999999999999801
E0540	1774	47.29	N2401	3416	ENSMUST00000047524.9|ENSMUSG00000024251|Thada	1652	47.28	122	0.00999999999999801
E0541	324	35.49	N7212	82	ENSMUST00000045114.12|ENSMUSG00000038510|Rpf2	347	35.45	23	0.03999999999999915
E0542	1307	49.12	N4411	5419	ENSMUST00000016396.7|ENSMUSG00000016252|Atp5e	1283	49.1	24	0.01999999999999602
E0543	231	56.28	N3786	4794	ENSMUST00000050003.8|ENSMUSG00000044320|1700001O22Rik	246	56.5	15	0.21999999999999886
E0544	356	50.28	N6705	7700	ENSMUST00000131087.1|ENSMUSG00000048481|Mypop	360	50.28	4	0.0
E0545	230	60.87	N0040	1038	ENSMUST00000008021.2|ENSMUSG00000007877|Tcap	213	61.5	17	0.6300000000000026
E0546	2428	54.04	N8367	9362	ENSMUST00000213464.1|ENSMUSG00000010660|Plcd1	2236	54.03	192	0.00999999999999801
E0547	4345	50.43	N2865	3878	ENSMUST00000236121.1|ENSMUSG00000034371|Tkfc	4668	50.45	323	0.020000000000003126
E0548	299	49.5	N7085	8077	ENSMUST00000084852.12|ENSMUSG00000066306|Numa1	299	49.5	0	0.0
E0549	927	55.23	N2818	3830	ENSMUST00000237334.1|ENSMUSG00000024959|Bad	878	55.13	49	0.09999999999999432
E0550	1179	45.21	N1709	2711	ENSMUST00000023143.13|ENSMUSG00000022500|Litaf	1251	45.24	72	0.030000000000001137
E0551	1512	46.16	N1973	2974	ENSMUST00000233881.1|ENSMUSG00000040732|Erg	1489	46.14	23	0.01999999999999602
E0552	2015	55.48	N7692	8686	ENSMUST00000034243.6|ENSMUSG00000031790|Mmp15	1850	55.51	165	0.030000000000001137
E0553	319	46.08	N0055	1053	ENSMUST00000103134.3|ENSMUSG00000037944|Ccr7	306	46.08	13	0.0
E0554	2986	47.82	N7749	875	ENSMUST00000144028.1|ENSMUSG00000020834|Dhrs13	3205	47.83	219	0.00999999999999801
E0555	256	44.92	N3309	4323	ENSMUST00000113138.7|ENSMUSG00000090145|Ugt1a6b	267	44.94	11	0.01999999999999602
E0556	290	40.34	N0352	1361	ENSMUST00000020977.3|ENSMUSG00000020648|Dus4l	285	40.35	5	0.00999999999999801
E0557	5437	45.61	N7977	8975	ENSMUST00000034612.6|ENSMUSG00000032101|Ddx25	5203	45.63	234	0.020000000000003126
E0558	1312	40.55	N8133	913	ENSMUST00000055056.15|ENSMUSG00000017686|Rhot1	1297	40.56	15	0.010000000000005116
E0559	162	28.4	N3647	4652	ENSMUST00000009777.3|ENSMUSG00000009633|G0s2	154	28.57	8	0.1700000000000017
E0560	298	48.66	N8123	912	ENSMUST00000017839.2|ENSMUSG00000020707|Rnf135	302	48.68	4	0.020000000000003126
E0561	275	46.55	N8520	9516	ENSMUST00000124200.7|ENSMUSG00000009995|Taz	277	46.57	2	0.020000000000003126
E0562	357	46.22	N3419	4430	ENSMUST00000153856.7|ENSMUSG00000064246|Chil1	357	46.22	0	0.0
E0563	1518	51.05	N0988	200	ENSMUST00000105413.7|ENSMUSG00000020241|Col6a2	1443	51.07	75	0.020000000000003126
E0564	216	60.65	N7789	8790	ENSMUST00000098363.9|ENSMUSG00000031837|Necab2	221	60.18	5	0.46999999999999886
E0565	1267	50.99	N3124	4137	ENSMUST00000043951.9|ENSMUSG00000037351|Actr1b	1284	51.01	17	0.01999999999999602
E0566	286	55.59	N6739	7733	ENSMUST00000172815.3|ENSMUSG00000092216|Gm19345	291	55.67	5	0.0799999999999983
E0567	225	49.78	N4286	5292	ENSMUST00000079691.12|ENSMUSG00000027610|Gss	229	49.78	4	0.0
E0568	234	43.59	N5083	6072	ENSMUST00000030014.8|ENSMUSG00000028330|Ncbp1	234	43.59	0	0.0
E0569	521	43.19	N4333	5339	ENSMUST00000109428.8|ENSMUSG00000074607|Tox2	501	43.11	20	0.0799999999999983
E0570	1766	48.81	N3417	4429	ENSMUST00000020692.6|ENSMUSG00000020423|Btg2	1903	48.77	137	0.03999999999999915
E0571	269	47.58	N7083	8075	ENSMUST00000033131.11|ENSMUSG00000030842|Lamtor1	269	47.58	0	0.0
E0572	2263	52.98	N1664	2667	ENSMUST00000131184.7|ENSMUSG00000023051|Tarbp2	2389	52.95	126	0.02999999999999403
E0573	3312	48.31	N6211	7217	ENSMUST00000026698.7|ENSMUSG00000025608|Podxl	3386	48.41	74	0.09999999999999432
E0574	2714	54.5	N3820	4827	ENSMUST00000156617.7|ENSMUSG00000009563|Tor2a	2755	54.48	41	0.020000000000003126
E0575	103	24.27	N8556	9557	ENSMUST00000117706.7|ENSMUSG00000079487|Med12	87	24.14	16	0.129999999999999
E0576	745	31.14	N0968	1977	ENSMUST00000159027.7|ENSMUSG00000021816|Ppp3cb	790	31.14	45	0.0
E0577	823	38.27	N7946	8947	ENSMUST00000086278.6|ENSMUSG00000066829|Zfp810	774	38.24	49	0.030000000000001137
E0578	684	32.31	N0979	1990	ENSMUST00000043409.8|ENSMUSG00000039081|Zfp503	663	32.28	21	0.030000000000001137
E0579	788	38.71	N0317	1325	ENSMUST00000055673.1|ENSMUSG00000043673|Kcns3	762	38.71	26	0.0
E0580	96	51.04	N4652	5651	ENSMUST00000166021.7|ENSMUSG00000028069|Gpatch4	116	50.86	20	0.17999999999999972
E0581	1858	49.14	N4251	5256	ENSMUST00000028963.13|ENSMUSG00000027465|Tbc1d20	1851	49.11	7	0.030000000000001137
E0582	4335	45.88	N6482	7481	ENSMUST00000032462.8|ENSMUSG00000030317|Timp4	4121	45.94	214	0.05999999999999517
E0583	262	62.98	N2490	3504	ENSMUST00000091967.12|ENSMUSG00000024381|Bin1	237	62.87	25	0.10999999999999943
E0584	278	41.01	N3962	4970	ENSMUST00000090726.5|ENSMUSG00000027074|Slc43a3	283	40.99	5	0.01999999999999602
E0585	3526	49.83	N5974	6980	ENSMUST00000198318.4|ENSMUSG00000029388|Eif2b1	3669	49.82	143	0.00999999999999801
E0586	4373	39.26	N4334	534	ENSMUST00000020329.12|ENSMUSG00000020122|Egfr	4475	39.26	102	0.0
E0587	259	26.64	N3451	4463	ENSMUST00000070200.14|ENSMUSG00000056220|Pla2g4a	248	26.61	11	0.030000000000001137
E0588	82	42.68	N6270	7272	ENSMUST00000009425.6|ENSMUSG00000009281|Rarres2	63	42.86	19	0.17999999999999972
E0589	245	27.76	N7028	8021	ENSMUST00000032842.12|ENSMUSG00000030613|Ccdc90b	264	27.65	19	0.11000000000000298
E0590	2761	45.42	N8211	9212	ENSMUST00000093802.5|ENSMUSG00000056919|Cep162	2991	45.47	230	0.04999999999999716
E0591	3255	40.92	N0573	158	ENSMUST00000218229.1|ENSMUSG00000020074|Ccar1	3577	41.01	322	0.0899999999999963
E0592	883	33.86	N2044	3048	ENSMUST00000233465.1|ENSMUSG00000117284|Gm7072	941	33.79	58	0.07000000000000028
E0593	1177	40.27	N8050	9047	ENSMUST00000176145.1|ENSMUSG00000037845|Fdxacb1	1278	40.3	101	0.02999999999999403
E0594	205	30.73	N3659	4663	ENSMUST00000027975.7|ENSMUSG00000026664|Phyh	222	30.63	17	0.10000000000000142
E0595	375	42.93	N6853	7849	ENSMUST00000032704.11|ENSMUSG00000030493|Faap24	382	42.93	7	0.0
E0596	285	38.6	N4386	5392	ENSMUST00000070642.3|ENSMUSG00000056501|Cebpb	267	38.58	18	0.020000000000003126
E0597	1054	39.85	N2034	3038	ENSMUST00000024620.7|ENSMUSG00000116564|Riok2	1089	39.85	35	0.0
E0598	470	49.15	N3782	479	ENSMUST00000110029.8|ENSMUSG00000020451|Limk2	515	49.13	45	0.01999999999999602
E0599	345	46.96	N6298	7299	ENSMUST00000168172.3|ENSMUSG00000038058|Nod1	362	46.96	17	0.0
E0600	390	47.69	N1182	219	ENSMUST00000040580.6|ENSMUSG00000032714|Syde1	359	47.63	31	0.05999999999999517
E0601	1102	42.01	N0109	111	ENSMUST00000218582.1|ENSMUSG00000019891|Dcbld1	1183	42.01	81	0.0
E0602	897	47.83	N5473	6462	ENSMUST00000030336.10|ENSMUSG00000028599|Tnfrsf1b	940	47.77	43	0.05999999999999517
E0603	257	49.03	N1769	2770	ENSMUST00000167388.2|ENSMUSG00000050761|Gp1bb	257	49.03	0	0.0
E0604	242	44.21	N1178	2186	ENSMUST00000022681.10|ENSMUSG00000022090|Pdlim2	244	44.26	2	0.04999999999999716
E0605	4042	47.11	N4409	5416	ENSMUST00000168292.1|ENSMUSG00000090625|Gm20721	3808	47.11	234	0.0
E0606	1390	43.45	N4629	5628	ENSMUST00000029628.10|ENSMUSG00000027998|Plrg1	1515	43.43	125	0.020000000000003126
E0607	169	47.93	N6357	736	ENSMUST00000018651.13|ENSMUSG00000018507|Trpv2	170	47.65	1	0.28000000000000114
E0608	346	46.53	N4816	5810	ENSMUST00000014747.2|ENSMUSG00000014603|Alx3	318	46.54	28	0.00999999999999801
E0609	270	54.81	N7203	8191	ENSMUST00000106369.1|ENSMUSG00000047721|Bola2	265	55.09	5	0.28000000000000114
E0610	236	59.32	N3974	4983	ENSMUST00000002180.7|ENSMUSG00000002111|Spi1	214	59.35	22	0.030000000000001137
E0611	201	51.24	N5683	668	ENSMUST00000108883.9|ENSMUSG00000018340|Anxa6	205	51.22	4	0.020000000000003126
E0612	339	37.46	N4513	552	ENSMUST00000059319.7|ENSMUSG00000049904|Tmem17	345	37.39	6	0.07000000000000028
E0613	325	43.38	N5461	6449	ENSMUST00000006614.2|ENSMUSG00000006445|Epha2	311	43.41	14	0.02999999999999403
E0614	379	36.68	N5368	6352	ENSMUST00000102567.3|ENSMUSG00000066042|Med18	379	36.68	0	0.0
E0615	1256	48.17	N2199	3208	ENSMUST00000038149.12|ENSMUSG00000034673|Pbx2	1168	48.2	88	0.030000000000001137
E0616	251	45.42	N3534	4542	ENSMUST00000078825.4|ENSMUSG00000059089|Fcgr4	242	45.45	9	0.030000000000001137
E0617	981	33.44	N4875	5869	ENSMUST00000199273.1|ENSMUSG00000050549|Fam241a	1023	33.53	42	0.09000000000000341
E0618	191	43.98	N1602	2604	ENSMUST00000230445.1|ENSMUSG00000033065|Pfkm	209	44.02	18	0.04000000000000625
E0619	641	35.88	N3029	4046	ENSMUST00000111741.9|ENSMUSG00000025026|Add3	592	35.98	49	0.09999999999999432
E0620	630	46.67	N8715	997	ENSMUST00000103164.3|ENSMUSG00000076435|Acsf2	660	46.67	30	0.0
E0621	1466	43.38	N4532	5538	ENSMUST00000011492.14|ENSMUSG00000027710|Acad9	1521	43.33	55	0.05000000000000426
E0622	769	46.55	N3144	4156	ENSMUST00000027231.12|ENSMUSG00000026062|Slc9a2	840	46.55	71	0.0
E0623	240	47.5	N3615	4621	ENSMUST00000048572.6|ENSMUSG00000039377|Hlx	221	47.51	19	0.00999999999999801
E0624	698	52.44	N8447	9444	ENSMUST00000115364.7|ENSMUSG00000031065|Cdk16	728	52.61	30	0.1700000000000017
E0625	312	54.49	N2054	3057	ENSMUST00000227120.1|ENSMUSG00000040097|Flywch1	323	54.49	11	0.0
E0626	589	43.63	N4951	594	ENSMUST00000018993.6|ENSMUSG00000018849|Wwc1	630	43.65	41	0.01999999999999602
E0627	202	50.99	N0092	1092	ENSMUST00000107252.8|ENSMUSG00000097487|Ptges3l	209	50.72	7	0.2700000000000031
E0628	350	52.57	N1627	263	ENSMUST00000218330.1|ENSMUSG00000055862|Izumo4	331	52.57	19	0.0
E0629	279	50.18	N8311	9308	ENSMUST00000193286.5|ENSMUSG00000032609|Klhdc8b	267	50.19	12	0.00999999999999801
E0630	866	37.88	N2642	3649	ENSMUST00000066912.12|ENSMUSG00000054072|Iigp1	863	37.89	3	0.00999999999999801
E0631	163	46.01	N1962	2962	ENSMUST00000047429.8|ENSMUSG00000039680|Mrps6	154	46.1	9	0.09000000000000341
E0632	171	62.57	N2800	3812	ENSMUST00000160448.7|ENSMUSG00000024792|Zfpl1	184	60.87	13	1.7000000000000028
E0633	232	53.88	N7600	8588	ENSMUST00000076316.5|ENSMUSG00000037148|Arhgap10	247	53.85	15	0.030000000000001137
E0634	1184	39.36	N3831	4838	ENSMUST00000028222.12|ENSMUSG00000026864|Hspa5	1237	39.37	53	0.00999999999999801
E0635	993	42.5	N5026	6015	ENSMUST00000072866.11|ENSMUSG00000028437|Ubap1	1005	42.49	12	0.00999999999999801
E0636	950	33.58	N5618	6612	ENSMUST00000174734.7|ENSMUSG00000038056|Kmt2c	887	33.6	63	0.020000000000003126
E0637	1199	43.2	N7585	8570	ENSMUST00000003123.9|ENSMUSG00000003039|Fam32a	1269	43.18	70	0.020000000000003126
E0638	286	52.45	N3542	4550	ENSMUST00000111313.9|ENSMUSG00000052423|B4galt3	288	52.43	2	0.020000000000003126
E0639	264	47.35	N2065	3069	ENSMUST00000226654.1|ENSMUSG00000024137|E4f1	270	47.41	6	0.05999999999999517
E0640	254	54.72	N6018	7023	ENSMUST00000067935.10|ENSMUSG00000043614|Vps37d	245	55.1	9	0.38000000000000256
E0641	325	55.08	N5863	6864	ENSMUST00000031288.13|ENSMUSG00000029345|Tfip11	332	55.12	7	0.03999999999999915
E0642	229	45.85	N6047	7055	ENSMUST00000031729.12|ENSMUSG00000029716|Tfr2	218	45.87	11	0.01999999999999602
E0643	1110	52.43	N4332	5338	ENSMUST00000018005.9|ENSMUSG00000017861|Mybl2	1106	52.44	4	0.00999999999999801
E0644	349	45.56	N2846	3860	ENSMUST00000237071.1|ENSMUSG00000071649|B3gat3	351	45.58	2	0.01999999999999602
E0645	338	53.85	N2274	3287	ENSMUST00000233543.1|ENSMUSG00000071073|Lrrc73	340	53.82	2	0.030000000000001137
E0646	1384	36.49	N2057	306	ENSMUST00000219144.1|ENSMUSG00000096718|Zfp781	1473	36.52	89	0.030000000000001137
E0647	304	36.51	N3320	4333	ENSMUST00000097653.10|ENSMUSG00000048126|Col6a3	291	36.43	13	0.0799999999999983
E0648	370	45.41	N5982	6989	ENSMUST00000031445.4|ENSMUSG00000029482|Aacs	401	45.39	31	0.01999999999999602
E0649	86	30.23	N2785	3798	ENSMUST00000169854.1|ENSMUSG00000056917|Sipa1	83	30.12	3	0.10999999999999943
E0650	374	39.57	N0402	1408	ENSMUST00000021413.8|ENSMUSG00000021025|Nfkbia	349	39.54	25	0.030000000000001137
E0651	634	35.49	N1279	2284	ENSMUST00000120563.1|ENSMUSG00000039942|Ptger4	612	35.62	22	0.12999999999999545
E0652	632	54.75	N6919	7916	ENSMUST00000002848.9|ENSMUSG00000002771|Grin2d	620	54.68	12	0.07000000000000028
E0653	192	41.67	N0059	1057	ENSMUST00000017741.3|ENSMUSG00000020912|Krt12	183	41.53	9	0.14000000000000057
E0654	730	45.21	N8416	9410	ENSMUST00000009875.4|ENSMUSG00000009731|Kcnd1	773	45.28	43	0.07000000000000028
E0655	2409	48.78	N6116	7121	ENSMUST00000148011.7|ENSMUSG00000079109|Pms2	2647	48.85	238	0.07000000000000028
E0656	272	56.99	N2076	3082	ENSMUST00000068508.12|ENSMUSG00000024160|Spsb3	279	56.99	7	0.0
E0657	1378	45.79	N7269	8255	ENSMUST00000202419.2|ENSMUSG00000042105|Inpp5f	1269	45.78	109	0.00999999999999801
E0658	4030	48.68	N1705	2708	ENSMUST00000128288.7|ENSMUSG00000050908|Tvp23a	3757	48.63	273	0.04999999999999716
E0659	292	46.58	N1460	2464	ENSMUST00000018313.5|ENSMUSG00000018169|Mfng	264	46.59	28	0.010000000000005116
E0660	148	39.86	N8340	9334	ENSMUST00000035069.13|ENSMUSG00000032491|Nradd	138	39.86	10	0.0
E0661	1339	41.08	N3777	4784	ENSMUST00000102866.9|ENSMUSG00000054766|Set	1312	41.08	27	0.0
E0662	203	57.64	N7250	8235	ENSMUST00000047075.13|ENSMUSG00000042308|Setd1a	218	57.34	15	0.29999999999999716
E0663	71	52.11	N1435	2438	ENSMUST00000023214.10|ENSMUSG00000022555|Dgat1	73	52.05	2	0.060000000000002274
E0664	478	42.47	N3107	4121	ENSMUST00000044691.8|ENSMUSG00000042215|Bag2	487	42.51	9	0.03999999999999915
E0665	750	51.73	N0263	1270	ENSMUST00000103018.10|ENSMUSG00000061306|Slc38a10	707	51.77	43	0.04000000000000625
E0666	274	39.05	N8192	9190	ENSMUST00000085311.12|ENSMUSG00000001366|Fbxo9	256	39.06	18	0.010000000000005116
E0667	256	50.0	N3287	430	ENSMUST00000038217.13|ENSMUSG00000040415|Dtx3	252	50.0	4	0.0
E0668	361	42.38	N8592	9594	ENSMUST00000037687.7|ENSMUSG00000033578|Tmem35a	354	42.37	7	0.010000000000005116
E0669	120	28.33	N2420	3437	ENSMUST00000086423.5|ENSMUSG00000066878|Gm10184	117	28.21	3	0.11999999999999744
E0670	389	35.22	N8451	9449	ENSMUST00000115313.7|ENSMUSG00000036782|Klhl13	403	35.24	14	0.020000000000003126
E0671	373	44.24	N0024	1021	ENSMUST00000001485.9|ENSMUSG00000001445|Mrpl10	366	44.26	7	0.01999999999999602
E0672	378	40.21	N6518	7517	ENSMUST00000007602.14|ENSMUSG00000007458|M6pr	383	40.21	5	0.0
E0673	1417	52.43	N2819	3831	ENSMUST00000237808.1|ENSMUSG00000024960|Plcb3	1507	52.42	90	0.00999999999999801
E0674	279	54.12	N4162	5165	ENSMUST00000126740.7|ENSMUSG00000053552|Ebf4	268	54.1	11	0.01999999999999602
E0675	3572	38.75	N5850	6850	ENSMUST00000112512.7|ENSMUSG00000029502|Golga3	3243	38.73	329	0.020000000000003126
E0676	110	49.09	N5421	6407	ENSMUST00000102536.10|ENSMUSG00000059291|Rpl11	108	49.07	2	0.020000000000003126
E0677	263	51.33	N7135	8127	ENSMUST00000005749.5|ENSMUSG00000005609|Ctr9	288	51.39	25	0.060000000000002274
E0678	3153	42.12	N8174	9170	ENSMUST00000038489.5|ENSMUSG00000034910|Pygo1	3167	42.06	14	0.05999999999999517
E0679	7917	43.22	N7486	8470	ENSMUST00000175692.7|ENSMUSG00000031568|Rwdd4a	8250	43.21	333	0.00999999999999801
E0680	857	41.42	N5139	6125	ENSMUST00000050850.13|ENSMUSG00000051675|Trim32	915	41.42	58	0.0
E0681	1956	42.89	N6458	7455	ENSMUST00000032196.8|ENSMUSG00000030105|Arl8b	1856	42.89	100	0.0
E0682	2925	37.44	N3356	4370	ENSMUST00000070699.14|ENSMUSG00000056536|Pign	2808	37.43	117	0.00999999999999801
E0683	473	39.96	N5395	638	ENSMUST00000109129.7|ENSMUSG00000049321|Zfp2	491	39.92	18	0.03999999999999915
E0684	1957	41.24	N5739	6736	ENSMUST00000087241.6|ENSMUSG00000050010|Shisa3	1803	41.26	154	0.01999999999999602
E0685	73	26.03	N3718	4721	ENSMUST00000104998.4|ENSMUSG00000078201|Tmem203	64	26.56	9	0.5299999999999976
E0686	1686	35.17	N3183	4195	ENSMUST00000042734.2|ENSMUSG00000038323|1700066M21Rik	1593	35.22	93	0.04999999999999716
E0687	256	39.06	N2482	3497	ENSMUST00000025106.4|ENSMUSG00000024258|Polr2d	264	39.02	8	0.03999999999999915
E0688	153	54.25	N3972	4981	ENSMUST00000146506.1|ENSMUSG00000002102|Psmc3	144	54.17	9	0.0799999999999983
E0689	303	50.5	N7960	896	ENSMUST00000103242.4|ENSMUSG00000037278|Tmem97	307	50.49	4	0.00999999999999801
E0690	208	52.4	N6442	744	ENSMUST00000101049.8|ENSMUSG00000020549|Elac2	212	52.36	4	0.03999999999999915
E0691	274	57.3	N5880	6883	ENSMUST00000071968.8|ENSMUSG00000014158|Trpv4	281	57.3	7	0.0
E0692	6509	52.62	N7050	8042	ENSMUST00000163913.7|ENSMUSG00000015957|Wnt11	6360	52.8	149	0.17999999999999972
E0693	265	47.92	N7170	816	ENSMUST00000021164.3|ENSMUSG00000020808|Pimreg	240	47.92	25	0.0
E0694	702	47.58	N2223	3236	ENSMUST00000174525.7|ENSMUSG00000067235|H2-Q10	763	47.71	61	0.13000000000000256
E0695	1877	44.65	N2056	3059	ENSMUST00000233593.1|ENSMUSG00000055839|Elob	1750	44.63	127	0.01999999999999602
E0696	314	57.64	N6074	7081	ENSMUST00000110865.1|ENSMUSG00000056413|Adap1	305	57.7	9	0.060000000000002274
E0697	129	27.13	N2962	3973	ENSMUST00000067167.5|ENSMUSG00000054237|Fra10ac1	129	27.13	0	0.0
E0698	485	29.48	N1928	2929	ENSMUST00000232205.1|ENSMUSG00000022883|Robo1	470	29.36	15	0.120000000000001
E0699	3749	38.57	N1862	2861	ENSMUST00000164050.7|ENSMUSG00000022831|Hcls1	4107	38.69	358	0.11999999999999744
E0700	532	58.83	N7562	8545	ENSMUST00000213053.1|ENSMUSG00000045128|Rpl18a	501	58.88	31	0.05000000000000426
E0701	352	56.82	N5636	6629	ENSMUST00000031058.14|ENSMUSG00000029166|Mapre3	322	56.83	30	0.00999999999999801
E0702	391	46.8	N2279	3292	ENSMUST00000044442.9|ENSMUSG00000023972|Ptk7	374	46.79	17	0.00999999999999801
E0703	156	51.92	N1694	2697	ENSMUST00000049207.8|ENSMUSG00000039427|Alg1	138	51.45	18	0.46999999999999886
E0704	1389	54.72	N3230	4245	ENSMUST00000087226.10|ENSMUSG00000026179|Pnkd	1510	54.64	121	0.0799999999999983
E0705	181	50.28	N4250	5255	ENSMUST00000089112.5|ENSMUSG00000068079|Tcf15	179	50.28	2	0.0
E0706	1102	37.39	N4787	5783	ENSMUST00000029451.11|ENSMUSG00000027858|Tspan2	1127	37.44	25	0.04999999999999716
E0707	357	35.57	N8458	9455	ENSMUST00000073339.6|ENSMUSG00000006373|Pgrmc1	329	35.56	28	0.00999999999999801
E0708	2299	37.58	N1812	2812	ENSMUST00000023154.2|ENSMUSG00000022512|Cldn1	2248	37.59	51	0.010000000000005116
E0709	3665	44.94	N3764	4772	ENSMUST00000171404.7|ENSMUSG00000035666|Gtf3c4	3937	44.96	272	0.020000000000003126
E0710	691	34.73	N4988	5978	ENSMUST00000098242.3|ENSMUSG00000073987|Ggh	741	34.68	50	0.04999999999999716
E0711	602	37.71	N4231	5236	ENSMUST00000073782.3|ENSMUSG00000060336|Zfp937	629	37.84	27	0.13000000000000256
E0712	245	47.76	N3239	4253	ENSMUST00000027358.10|ENSMUSG00000026172|Bcs1l	224	47.77	21	0.010000000000005116
E0713	336	52.08	N0835	185	ENSMUST00000095541.10|ENSMUSG00000006342|Susd2	311	52.09	25	0.010000000000005116
E0714	6741	47.32	N7772	8773	ENSMUST00000211866.1|ENSMUSG00000031951|Tmem231	6218	47.3	523	0.020000000000003126
E0715	1513	40.52	N0174	1178	ENSMUST00000106636.7|ENSMUSG00000051497|Kcnj16	1368	40.57	145	0.04999999999999716
E0716	237	48.95	N5301	6285	ENSMUST00000030687.7|ENSMUSG00000028871|Rspo1	231	48.92	6	0.030000000000001137
E0717	2754	52.72	N1171	218	ENSMUST00000041616.14|ENSMUSG00000032788|Pdxk	2542	52.71	212	0.00999999999999801
E0718	199	36.18	N5074	6063	ENSMUST00000107809.8|ENSMUSG00000078713|Tomm5	183	36.07	16	0.10999999999999943
E0719	1845	55.39	N7545	8528	ENSMUST00000209415.1|ENSMUSG00000055707|Klhl26	1761	55.31	84	0.0799999999999983
E0720	319	49.53	N1427	243	ENSMUST00000105365.8|ENSMUSG00000045193|Cirbp	327	49.54	8	0.00999999999999801
E0721	1888	45.87	N0345	1355	ENSMUST00000122328.7|ENSMUSG00000020674|Pxdn	1940	45.88	52	0.010000000000005116
E0722	2103	43.41	N2990	4000	ENSMUST00000045562.5|ENSMUSG00000040018|Cox15	2166	43.44	63	0.030000000000001137
E0723	3501	43.84	N3063	4079	ENSMUST00000003313.9|ENSMUSG00000003228|Grk5	3580	43.83	79	0.010000000000005116
E0724	166	53.01	N2203	3211	ENSMUST00000171121.8|ENSMUSG00000015474|Ppt2	183	53.01	17	0.0
E0725	2980	41.64	N4445	5453	ENSMUST00000041126.8|ENSMUSG00000039086|Ss18l1	2695	41.63	285	0.00999999999999801
E0726	281	42.35	N6855	7850	ENSMUST00000040962.5|ENSMUSG00000034875|Nudt19	284	42.25	3	0.10000000000000142
E0727	878	43.05	N1876	2874	ENSMUST00000171687.7|ENSMUSG00000002845|Tmem39a	869	43.04	9	0.00999999999999801
E0728	240	46.25	N6473	747	ENSMUST00000018491.7|ENSMUSG00000018347|Zkscan6	249	46.18	9	0.07000000000000028
E0729	307	44.95	N7456	8441	ENSMUST00000239436.1|ENSMUSG00000031532|Saraf	309	44.98	2	0.02999999999999403
E0730	1379	50.4	N1166	2173	ENSMUST00000111089.7|ENSMUSG00000022054|Nefm	1463	50.44	84	0.03999999999999915
E0731	486	41.36	N3367	4380	ENSMUST00000027626.12|ENSMUSG00000026377|Nifk	440	41.36	46	0.0
E0732	258	48.06	N8098	9095	ENSMUST00000041477.14|ENSMUSG00000037206|Islr	279	48.03	21	0.030000000000001137
E0733	2821	51.19	N1485	2489	ENSMUST00000231095.1|ENSMUSG00000042535|Gtpbp1	2663	51.11	158	0.0799999999999983
E0734	635	47.72	N3257	4271	ENSMUST00000185419.6|ENSMUSG00000026209|Dnpep	651	47.77	16	0.05000000000000426
E0735	405	50.37	N8329	9324	ENSMUST00000112059.9|ENSMUSG00000025647|Shisa5	393	50.13	12	0.23999999999999488
E0736	2207	54.55	N3738	4742	ENSMUST00000028295.8|ENSMUSG00000075467|Dnlz	2136	54.54	71	0.00999999999999801
E0737	1859	46.42	N7940	894	ENSMUST00000017759.8|ENSMUSG00000017615|Tnfaip1	1733	46.39	126	0.030000000000001137
E0738	730	43.15	N8395	939	ENSMUST00000019071.3|ENSMUSG00000018927|Ccl6	658	43.16	72	0.00999999999999801
E0739	338	52.66	N7307	8293	ENSMUST00000026541.14|ENSMUSG00000025468|Caly	319	52.66	19	0.0
E0740	316	53.16	N3999	5006	ENSMUST00000148314.2|ENSMUSG00000087006|Gm13889	333	53.15	17	0.00999999999999801
E0741	1735	48.76	N3843	4849	ENSMUST00000112961.9|ENSMUSG00000026890|Lhx6	1833	48.77	98	0.010000000000005116
E0742	108	45.37	N6640	7641	ENSMUST00000079970.5|ENSMUSG00000063802|Hspbp1	102	45.1	6	0.269999999999996
E0743	240	53.75	N1179	2187	ENSMUST00000227653.1|ENSMUSG00000022091|Sorbs3	251	53.78	11	0.030000000000001137
E0744	301	36.21	N2591	36	ENSMUST00000019998.8|ENSMUSG00000019851|Perp	323	36.22	22	0.00999999999999801
E0745	41379	52.13	N1706	2709	ENSMUST00000184863.7|ENSMUSG00000038055|Dexi	39724	50.27	1655	1.8599999999999994
E0746	274	56.57	N0039	1037	ENSMUST00000018311.4|ENSMUSG00000018167|Stard3	256	56.64	18	0.07000000000000028
E0747	157	45.86	N7697	8690	ENSMUST00000141900.7|ENSMUSG00000031671|Setd6	166	45.78	9	0.0799999999999983
E0748	290	31.03	N7877	8879	ENSMUST00000152878.2|ENSMUSG00000070323|Mmp27	261	31.03	29	0.0
E0749	1350	39.04	N7451	8436	ENSMUST00000095349.5|ENSMUSG00000052906|Ubxn8	1472	39.06	122	0.020000000000003126
E0750	1573	38.02	N2492	3506	ENSMUST00000053663.10|ENSMUSG00000038299|Wdr36	1444	38.02	129	0.0
E0751	2988	37.48	N1591	2594	ENSMUST00000096250.4|ENSMUSG00000033237|Arid2	2750	37.49	238	0.010000000000005116
E0752	93	35.48	N3242	4256	ENSMUST00000027356.6|ENSMUSG00000026170|Cyp27a1	85	35.29	8	0.18999999999999773
E0753	357	32.21	N5765	6762	ENSMUST00000120827.8|ENSMUSG00000059325|Hopx	384	32.29	27	0.0799999999999983
E0754	6729	44.64	N2102	311	ENSMUST00000125505.1|ENSMUSG00000020251|Glt8d2	7338	44.62	609	0.020000000000003126
E0755	253	51.78	N2724	3733	ENSMUST00000025546.16|ENSMUSG00000024644|Cndp2	266	51.88	13	0.10000000000000142
E0756	243	56.79	N1871	287	ENSMUST00000105323.7|ENSMUSG00000020232|Hmg20b	236	56.78	7	0.00999999999999801
E0757	1182	45.77	N1505	2507	ENSMUST00000023036.6|ENSMUSG00000022400|Rbx1	1123	45.77	59	0.0
E0758	407	32.19	N3172	4183	ENSMUST00000027266.3|ENSMUSG00000026097|Ormdl1	417	32.13	10	0.05999999999999517
E0759	495	49.9	N5561	6555	ENSMUST00000105569.3|ENSMUSG00000078485|Plekhn1	489	49.9	6	0.0
E0760	220	36.82	N8673	9677	ENSMUST00000037928.8|ENSMUSG00000040749|Siah1b	240	37.08	20	0.259999999999998
E0761	257	34.24	N3553	4560	ENSMUST00000015499.13|ENSMUSG00000015355|Cd48	233	34.33	24	0.0899999999999963
E0762	412	35.92	N5790	6787	ENSMUST00000058550.14|ENSMUSG00000063015|Ccni	434	35.94	22	0.01999999999999602
E0763	684	33.19	N4419	5428	ENSMUST00000109042.9|ENSMUSG00000078896|Zfp965	687	33.04	3	0.14999999999999858
E0764	1563	38.96	N3281	4295	ENSMUST00000177458.1|ENSMUSG00000045658|Pid1	1557	38.99	6	0.030000000000001137
E0765	137	29.93	N5172	6158	ENSMUST00000055693.8|ENSMUSG00000015224|Cyp2j9	147	29.93	10	0.0
E0766	2061	33.82	N0732	1740	ENSMUST00000222404.1|ENSMUSG00000113255|Tes3-ps	1928	33.82	133	0.0
E0767	2497	40.61	N0775	1787	ENSMUST00000172272.7|ENSMUSG00000021500|Ddx46	2277	40.58	220	0.030000000000001137
E0768	1262	46.51	N6531	7529	ENSMUST00000049124.9|ENSMUSG00000038527|C1rl	1375	46.47	113	0.03999999999999915
E0769	1003	36.39	N5842	6841	ENSMUST00000119014.7|ENSMUSG00000029263|Pigg	1051	36.44	48	0.04999999999999716
E0770	169	26.63	N5426	6413	ENSMUST00000116273.8|ENSMUSG00000036940|Kdm1a	160	26.88	9	0.25
E0771	357	31.09	N5813	6810	ENSMUST00000094559.8|ENSMUSG00000057315|Arhgap24	342	30.99	15	0.10000000000000142
E0772	973	41.01	N6448	7445	ENSMUST00000101120.10|ENSMUSG00000030069|Prok2	906	41.06	67	0.05000000000000426
E0773	1132	55.04	N7221	8208	ENSMUST00000205568.1|ENSMUSG00000030678|Maz	1226	55.06	94	0.020000000000003126
E0774	2858	42.62	N5001	5990	ENSMUST00000108183.7|ENSMUSG00000028284|Map3k7	2933	42.65	75	0.030000000000001137
E0775	1086	43.28	N5021	601	ENSMUST00000020681.9|ENSMUSG00000020409|Slu7	1158	43.26	72	0.020000000000003126
E0776	233	41.63	N8604	9605	ENSMUST00000119010.7|ENSMUSG00000033436|Armcx2	219	41.55	14	0.0800000000000054
E0777	145	36.55	N3985	4994	ENSMUST00000111309.7|ENSMUSG00000027239|Mdk	137	36.5	8	0.04999999999999716
E0778	209	39.23	N8595	9597	ENSMUST00000033617.12|ENSMUSG00000031264|Btk	215	39.07	6	0.1599999999999966
E0779	309	44.01	N3942	4950	ENSMUST00000028386.11|ENSMUSG00000027002|Nckap1	284	44.01	25	0.0
E0780	1098	43.53	N7760	8761	ENSMUST00000034197.4|ENSMUSG00000031749|St3gal2	1075	43.53	23	0.0
E0781	1706	40.68	N3489	4499	ENSMUST00000111611.7|ENSMUSG00000026705|Klhl20	1651	40.7	55	0.020000000000003126
E0782	286	48.6	N4817	5811	ENSMUST00000064759.6|ENSMUSG00000014601|Strip1	284	48.59	2	0.00999999999999801
E0783	1618	47.28	N5514	6505	ENSMUST00000055688.9|ENSMUSG00000047777|Phf13	1585	47.26	33	0.020000000000003126
E0784	201	44.78	N6775	777	ENSMUST00000005336.8|ENSMUSG00000005204|Senp3	205	44.88	4	0.10000000000000142
E0785	514	42.8	N1437	244	ENSMUST00000003154.6|ENSMUSG00000003070|Efna2	563	42.81	49	0.010000000000005116
E0786	167	47.31	N2123	3133	ENSMUST00000002327.5|ENSMUSG00000002257|Def6	171	47.37	4	0.05999999999999517
E0787	557	31.78	N2303	3321	ENSMUST00000017975.6|ENSMUSG00000017831|Rab5a	576	31.77	19	0.010000000000001563
E0788	1678	34.86	N2460	3477	ENSMUST00000092015.10|ENSMUSG00000041923|Nol4	1612	34.86	66	0.0
E0789	355	42.25	N0449	1453	ENSMUST00000116420.3|ENSMUSG00000034442|Trmt5	376	42.29	21	0.03999999999999915
E0790	115	30.43	N5856	6857	ENSMUST00000112426.7|ENSMUSG00000029507|Pus1	117	30.77	2	0.33999999999999986
E0791	802	31.17	N6175	7181	ENSMUST00000031554.8|ENSMUSG00000029569|Tmem168	818	30.93	16	0.240000000000002
E0792	269	29.74	N4528	5534	ENSMUST00000099151.5|ENSMUSG00000074637|Sox2	262	29.77	7	0.030000000000001137
E0793	1154	32.93	N2722	3731	ENSMUST00000060303.9|ENSMUSG00000046982|Tshz1	1128	32.89	26	0.03999999999999915
E0794	580	52.41	N6031	7038	ENSMUST00000057497.12|ENSMUSG00000004415|Col26a1	624	52.4	44	0.00999999999999801
E0795	181	54.14	N5445	6432	ENSMUST00000097830.3|ENSMUSG00000041161|Otud3	199	53.77	18	0.36999999999999744
E0796	713	48.67	N5613	6608	ENSMUST00000068693.11|ENSMUSG00000055235|Wdr86	670	48.66	43	0.010000000000005116
E0797	3762	42.53	N0095	1096	ENSMUST00000123558.7|ENSMUSG00000017119|Nbr1	3834	42.51	72	0.020000000000003126
E0798	1859	32.65	N4595	5597	ENSMUST00000099075.3|ENSMUSG00000074579|Lekr1	1703	32.53	156	0.11999999999999744
E0799	514	35.6	N2358	3374	ENSMUST00000186358.5|ENSMUSG00000047407|Tgif1	466	35.62	48	0.01999999999999602
E0800	95	30.53	N8163	9160	ENSMUST00000034742.7|ENSMUSG00000032218|Ccnb2	79	30.38	16	0.15000000000000213
E0801	2676	32.81	N2748	376	ENSMUST00000105275.8|ENSMUSG00000020189|Osbpl8	2593	32.82	83	0.00999999999999801
E0802	740	38.51	N4482	549	ENSMUST00000102875.10|ENSMUSG00000001891|Ugp2	677	38.55	63	0.03999999999999915
E0803	266	40.6	N7747	8748	ENSMUST00000044106.5|ENSMUSG00000039067|Psmd7	251	40.64	15	0.03999999999999915
E0804	329	39.21	N1167	2175	ENSMUST00000022641.8|ENSMUSG00000022057|Adamdec1	334	39.22	5	0.00999999999999801
E0805	1545	37.28	N8702	984	ENSMUST00000004050.6|ENSMUSG00000003948|Mmd	1578	37.26	33	0.020000000000003126
E0806	1115	38.48	N0640	1646	ENSMUST00000038690.5|ENSMUSG00000039182|AW209491	1067	38.52	48	0.04000000000000625
E0807	386	31.87	N7097	8089	ENSMUST00000106849.8|ENSMUSG00000056144|Trim34a	356	31.74	30	0.13000000000000256
E0808	3264	35.51	N0383	1390	ENSMUST00000054308.12|ENSMUSG00000035293|G2e3	3243	35.62	21	0.10999999999999943
E0809	297	38.38	N3969	4978	ENSMUST00000077874.14|ENSMUSG00000063235|Ptpmt1	320	38.44	23	0.05999999999999517
E0810	101	30.69	N8614	9616	ENSMUST00000066819.10|ENSMUSG00000054034|Tceal5	89	31.46	12	0.7699999999999996
E0811	72	33.33	N8424	9420	ENSMUST00000239441.1|ENSMUSG00000039201|Tbc1d25	85	32.94	13	0.39000000000000057
E0812	165	44.24	N4820	5814	ENSMUST00000037375.9|ENSMUSG00000040600|Eps8l3	158	44.3	7	0.05999999999999517
E0813	304	32.24	N8045	9040	ENSMUST00000000175.5|ENSMUSG00000000171|Sdhd	309	32.04	5	0.20000000000000284
E0814	823	39.61	N0705	1713	ENSMUST00000021796.8|ENSMUSG00000021367|Edn1	877	39.68	54	0.07000000000000028
E0815	256	33.98	N1229	2233	ENSMUST00000039568.10|ENSMUSG00000036422|Pcdh8	249	33.73	7	0.25
E0816	204	28.92	N7855	8859	ENSMUST00000059093.6|ENSMUSG00000051671|Coa6	187	28.88	17	0.0400000000000027
E0817	199	26.13	N6183	7189	ENSMUST00000056398.10|ENSMUSG00000044155|Lsm8	214	25.23	15	0.8999999999999986
E0818	174	27.59	N7144	8136	ENSMUST00000033012.8|ENSMUSG00000030754|Copb1	171	26.9	3	0.6900000000000013
E0819	1350	41.04	N2963	3974	ENSMUST00000054098.3|ENSMUSG00000044026|Slc35g1	1425	41.05	75	0.00999999999999801
E0820	2459	34.4	N8068	9064	ENSMUST00000034843.8|ENSMUSG00000032293|Ireb2	2641	34.49	182	0.09000000000000341
E0821	2432	40.5	N3521	4529	ENSMUST00000027997.8|ENSMUSG00000026678|Rgs5	2567	40.51	135	0.00999999999999801
E0822	483	47.2	N1075	2086	ENSMUST00000022786.5|ENSMUSG00000022179|4931414P19Rik	466	47.21	17	0.00999999999999801
E0823	3081	37.65	N0379	1387	ENSMUST00000053768.13|ENSMUSG00000046314|Stxbp6	3199	37.64	118	0.00999999999999801
E0824	126	34.92	N2923	3932	ENSMUST00000143467.7|ENSMUSG00000016495|Plgrkt	137	35.04	11	0.11999999999999744
