file	bytes	sha256
input_links/P2_SAP_frozen.md	5024	b39503949a2daa7e5153986c9d7f157781d374a00ba23ad9a199bbc10a492255
input_links/dapars2_event_coordinates.tsv	955860	460919739a2083a1b1b3ff4293d960c6a088a9ace160080c7f0bc329eaf56733
input_links/gencode_M25_3UTR_for_DaPars2.bed	3908667	7cec12ceef90cb05914c8292634f968939563c66866ad16ed5224186e1bdd103
input_links/lost_segments.OLD_WRONGSTRAND.bed	62849	3ca7d2e4ae9cb081efb78daa07924b6527281c811ba37d32df0848b6f4331c9b
input_links/p2_full_merge_qc.tsv	995	4a8b2d02932827af16df3e12cccda245fa882ba100b71fe570b7c71c9f5df241
input_links/p2_full_pdui_matrix.tsv	1399292	32b12218f02004bc685d1bdebb9abcbbb381ce7dd466f36664489191ac4da4c4
input_links/p2_full_qc_correlation.tsv	2769	40bcd59e6868086157cb7b21b83c1bcb93f689f5886adefbcf3b5181106fc6fb
input_links/p2_full_qc_pca.tsv	892	7ed9e447f8c35de8a433650af45f8fda076dc20c0a358a2b7ae86e9087cf2aca
input_links/p2_full_qc_sample_level.tsv	768	b017cfb54807fd6a397f12076a291ff5560d4d5b3fe716bb0a04769a614cb25a
input_links/p2_full_qc_stratified.tsv	1700	9e08062151eedf4c03ddb4ea10601881a947dd3fd0f32f3c4ab25b334e1201f7
input_links/p2_sample_map.tsv	269	9277848ece4f463ea0c54c6c9dbac4b64b293346034ec8fa612299fe2d918867
input_links/p2_sap_layer2_events.tsv	4014812	732b82837c40674be98c5577b55db4a34a4eadedd143b5ed26a00f5850fd0eb8
input_links/p2_second_tool_consistency.tsv	165	92eeb7815790f3cdd51b2e0e43995e73b4dcb0e448052a58749a024f3a4170d5
input_links/p2_second_tool_top40_signs.tsv	875	c661e6cf16fc0dae04ad0dddf7cf12ad2adce1cb30c55a520677433ddb148049
input_links/p3_level2_qki_clip_peaks.bed	23382	8f289b00e62ca2169fe654bf789419b61ec9e340e8086064be7fe23bff90f4b8
input_links/p3_p4_event_annotation_matrix.tsv	97975	325908a5a709019bbb501a64321bacf1174dd33c2aae56c45339c95041f1919f
input_links/p4_candidate_cards.md	4113	c4a9459906f1c414ede0bc714fc9f648b9b498ff029866113f9a24c2aaf073d2
input_links/p4_top_b_class_candidates.tsv	727	6a9377728fd2bde83ef9b45d33e862c21c1de2cb8a5367fc25dff5b3cb7fe31c
input_links/p5_redline_check.tsv	397	ba949ad2f4079301054cb2402233ebac9df4e5b7399e12d7f4e2f0c043d459e1
01_研究Proposal.md	25990	151c8a44750337f1e3b0b3b0fb0a9087a33e00a08c025ba446efc58f31a7b828
02_项目TODO.md	27993	b83ce2bcfe4110799cfc1c286121e0dabc37091b3a22f943b4e8be338b855bf6
