	sham1	sham2	day1_rep1	day1_rep2	day3_rep1	day3_rep2	day7_rep1	day7_rep2	day21_rep1	day21_rep2	day60_rep1	day60_rep2
sham1	1.0	0.9257105362913376	0.8718779719083595	0.9005656825287819	0.8445885590146149	0.9015690150610416	0.8790393246009398	0.8723219915306449	0.8725258649980842	0.8756659680008101	0.8715484018006778	0.873704253469623
sham2	0.9257105362913376	1.0	0.867202313771936	0.8998776561491288	0.8236036016348577	0.8910270603926074	0.883052360923256	0.8800034261070138	0.8802399449113822	0.8844887238015893	0.8578353890511404	0.882153267294095
day1_rep1	0.8718779719083595	0.867202313771936	1.0	0.9147618123821076	0.8220664238485674	0.9016262733352667	0.8961295865538147	0.9013429134621364	0.8934693994935051	0.8935542042668212	0.879130507993925	0.8956750547289805
day1_rep2	0.9005656825287819	0.8998776561491288	0.9147618123821076	1.0	0.80651320830836	0.905329879196405	0.9148395170918417	0.9177736571419087	0.9166938397526649	0.916347359566347	0.8921421577331831	0.9207424569914414
day3_rep1	0.8445885590146149	0.8236036016348577	0.8220664238485674	0.80651320830836	1.0	0.8509095719304077	0.7925781990298828	0.7811399681559555	0.7611626588579085	0.7643896517290962	0.7746744438108608	0.7615927192839417
day3_rep2	0.9015690150610416	0.8910270603926074	0.9016262733352667	0.905329879196405	0.8509095719304077	1.0	0.8915770118854904	0.8843458008967673	0.8777443368837397	0.8813605660192916	0.8692579362737262	0.8819811452656133
day7_rep1	0.8790393246009398	0.883052360923256	0.8961295865538147	0.9148395170918417	0.7925781990298828	0.8915770118854904	1.0	0.930008400945002	0.9165336502751116	0.9256520601256247	0.8884913851041115	0.9165842790952347
day7_rep2	0.8723219915306449	0.8800034261070138	0.9013429134621364	0.9177736571419087	0.7811399681559555	0.8843458008967673	0.930008400945002	1.0	0.9286365307712575	0.9317728457566385	0.8940639184591629	0.9304335459152581
day21_rep1	0.8725258649980842	0.8802399449113822	0.8934693994935051	0.9166938397526649	0.7611626588579085	0.8777443368837397	0.9165336502751116	0.9286365307712575	1.0	0.9344484629859071	0.8960842479217391	0.9316654995941004
day21_rep2	0.8756659680008101	0.8844887238015893	0.8935542042668212	0.916347359566347	0.7643896517290962	0.8813605660192916	0.9256520601256247	0.9317728457566385	0.9344484629859071	1.0	0.8983128076735126	0.9292748382345408
day60_rep1	0.8715484018006778	0.8578353890511404	0.879130507993925	0.8921421577331831	0.7746744438108608	0.8692579362737262	0.8884913851041115	0.8940639184591629	0.8960842479217391	0.8983128076735126	1.0	0.9029495577506977
day60_rep2	0.873704253469623	0.882153267294095	0.8956750547289805	0.9207424569914414	0.7615927192839417	0.8819811452656133	0.9165842790952347	0.9304335459152581	0.9316654995941004	0.9292748382345408	0.9029495577506977	1.0
