sample	n_valid	median_PDUI	trimmed_mean_PDUI	dup_rate	insert_mean	unique_rate
sham1	7874	0.42	0.4479	0.10936	228	
sham2	8192	0.43	0.4527	0.117442	229	0.8598598248486665
day1_rep1	8245	0.36	0.3992	0.0954563	228	0.9516440122604002
day1_rep2	8538	0.35	0.3954	0.0857757	239	0.9063884630387212
day3_rep1	8387	0.49	0.5055	0.214744	150	0.7891535076921623
day3_rep2	8672	0.38	0.4137	0.136549	150	0.8698747765702836
day7_rep1	8338	0.35	0.386	0.0729171	240	0.9637404397533422
day7_rep2	8488	0.34	0.3823	0.0954274	259	0.9718528808009348
day21_rep1	8845	0.34	0.3874	0.115597	260	0.9446868869113594
day21_rep2	8987	0.34	0.3918	0.0795834	262	0.9489451832359517
day60_rep1	8343	0.33	0.4016	0.125583	261	0.9480482541458845
day60_rep2	9041	0.34	0.3968	0.0867783	259	0.9561276411688611
