timepoint	stratum	quartile	n	shortening	lengthening	ratio	median_dPDUI
day1	expr_q	Q1	1925	573	264	2.17	-0.02
day1	expr_q	Q2	1925	538	147	3.66	-0.025
day1	expr_q	Q3	1924	508	115	4.42	-0.025
day1	expr_q	Q4	1925	511	87	5.87	-0.03
day1	utr_len_q	Q1	2033	878	134	6.55	-0.085
day1	utr_len_q	Q2	2033	628	210	2.99	-0.04
day1	utr_len_q	Q3	2032	487	188	2.59	-0.015
day1	utr_len_q	Q4	2033	249	112	2.22	0.0
day3	expr_q	Q1	1918	417	452	0.92	0.0
day3	expr_q	Q2	1917	295	378	0.78	0.0
day3	expr_q	Q3	1917	240	306	0.78	0.0
day3	expr_q	Q4	1918	165	318	0.52	0.005
day3	utr_len_q	Q1	2026	242	609	0.4	0.035
day3	utr_len_q	Q2	2025	296	483	0.61	0.01
day3	utr_len_q	Q3	2025	403	276	1.46	0.0
day3	utr_len_q	Q4	2026	241	145	1.66	0.0
day7	expr_q	Q1	1816	634	188	3.37	-0.03
day7	expr_q	Q2	1816	618	118	5.24	-0.045
day7	expr_q	Q3	1815	609	80	7.61	-0.04
day7	expr_q	Q4	1816	592	70	8.46	-0.045
day7	utr_len_q	Q1	1916	1016	83	12.24	-0.11
day7	utr_len_q	Q2	1916	794	151	5.26	-0.075
day7	utr_len_q	Q3	1916	518	148	3.5	-0.025
day7	utr_len_q	Q4	1916	254	102	2.49	0.0
day21	expr_q	Q1	1927	639	254	2.52	-0.025
day21	expr_q	Q2	1927	658	121	5.44	-0.04
day21	expr_q	Q3	1926	628	106	5.92	-0.035
day21	expr_q	Q4	1927	675	84	8.04	-0.045
day21	utr_len_q	Q1	2035	1171	97	12.07	-0.125
day21	utr_len_q	Q2	2035	867	166	5.22	-0.07
day21	utr_len_q	Q3	2035	483	199	2.43	-0.015
day21	utr_len_q	Q4	2035	221	130	1.7	0.0
day60	expr_q	Q1	1939	650	265	2.45	-0.025
day60	expr_q	Q2	1939	603	192	3.14	-0.03
day60	expr_q	Q3	1938	539	153	3.52	-0.02
day60	expr_q	Q4	1939	581	109	5.33	-0.025
day60	utr_len_q	Q1	2049	1209	94	12.86	-0.13
day60	utr_len_q	Q2	2049	696	229	3.04	-0.045
day60	utr_len_q	Q3	2048	383	266	1.44	-0.005
day60	utr_len_q	Q4	2049	214	165	1.3	0.0
