	PC1	PC2	PC3
sham1	-0.046707786360765606	0.07536735841383847	0.015612368535062605
sham2	-0.028603367055624832	0.07466435828778666	-0.026162314093949653
day1_rep1	0.0024025865841283117	-0.03816251367240179	-0.001292185491874232
day1_rep2	0.015482943757068051	-0.0008716724138375217	-0.007952846139763823
day3_rep1	-0.16093946155632644	-0.04786798156324938	-0.001992121332911666
day3_rep2	-0.03542922358975077	-0.008384173533746406	0.0021044921447020623
day7_rep1	0.02974747660908752	-0.01440843801215609	-0.024337959837035263
day7_rep2	0.04258022231470627	-0.01981676194138592	-0.021835768914844
day21_rep1	0.051264414583554026	-0.006944006517018917	-0.010409514073370834
day21_rep2	0.0488366846316241	-0.005775929208128412	-0.01382780037397031
day60_rep1	0.03086399947755678	-0.003288896486435618	0.0929895079244136
day60_rep2	0.05050151060474253	-0.004511343353265008	-0.0028958583464584863
