symbol	contrast	dLongFrac	dPDUI	call
Gnb1	day21	-0.492	-0.375	agree
Plod1	day21	0.102	-0.11	DISAGREE
Efcab14	day21	-0.027	-0.255	agree
Nt5c2	day60	0.049	0.455	agree
Tgfbrap1	day7	0.048	-0.32	DISAGREE
Acd	day7	-0.028	-0.86	agree
Zfp644	day21	0.072	0.43	agree
Socs5	day7	-0.381	-0.325	agree
Khsrp	day7	0.049	-0.325	DISAGREE
Shc1	day21	0.109	-0.355	DISAGREE
Wdr89	day21	-0.394	-0.56	agree
Shc1	day60	0.12	-0.29	DISAGREE
Asph	day60	0.186	-0.855	DISAGREE
Abi3	day3	-0.58	-0.24	agree
Slc24a3	day7	0.0	-0.38	DISAGREE
Cthrc1	day60	-0.032	-0.315	agree
Gmppb	day21	0.011	-0.5	DISAGREE
Rbm7	day7	-0.32	0.15	DISAGREE
Edc4	day21	-0.126	-0.12	agree
Acd	day21	-0.025	-0.7	agree
Bgn	day21	0.0	-0.27	DISAGREE
Bid	day7	0.0	-0.6	DISAGREE
Elovl5	day7	0.007	-0.2	DISAGREE
Ubp1	day7	-0.048	-0.26	agree
Rfc5	day7	0.073	-0.525	DISAGREE
Gnb1	day7	-0.599	-0.61	agree
Spats2l	day1	0.292	-0.22	DISAGREE
