run_accession	sample_accession	experiment_title	library_name	read_count	fastq_bytes	fastq_ftp	submitted_ftp	submitted_bytes
SRR25403064	SAMN36695343	Illumina HiSeq 4000 sequencing: GSM7658911: Astrocyte day7 rep1 Mus musculus RNA-Seq	GSM7658911	20634384	1734627512;1984996684	ftp.sra.ebi.ac.uk/vol1/fastq/SRR254/064/SRR25403064/SRR25403064_1.fastq.gz;ftp.sra.ebi.ac.uk/vol1/fastq/SRR254/064/SRR25403064/SRR25403064_2.fastq.gz		
SRR25403066	SAMN36695341	Illumina HiSeq 4000 sequencing: GSM7658913: Astrocyte day21 rep1 Mus musculus RNA-Seq	GSM7658913	19876188	1557585893;1772782743	ftp.sra.ebi.ac.uk/vol1/fastq/SRR254/066/SRR25403066/SRR25403066_1.fastq.gz;ftp.sra.ebi.ac.uk/vol1/fastq/SRR254/066/SRR25403066/SRR25403066_2.fastq.gz		
SRR25403070	SAMN36695349	Illumina HiSeq 4000 sequencing: GSM7658905: Astrocyte Sham rep1 Mus musculus RNA-Seq	GSM7658905	25577916	2090117617;2499313759	ftp.sra.ebi.ac.uk/vol1/fastq/SRR254/070/SRR25403070/SRR25403070_1.fastq.gz;ftp.sra.ebi.ac.uk/vol1/fastq/SRR254/070/SRR25403070/SRR25403070_2.fastq.gz		
SRR25403071	SAMN36695348	Illumina HiSeq 4000 sequencing: GSM7658906: Astrocyte Sham rep2 Mus musculus RNA-Seq	GSM7658906	26846951	2203999787;2600414669	ftp.sra.ebi.ac.uk/vol1/fastq/SRR254/071/SRR25403071/SRR25403071_1.fastq.gz;ftp.sra.ebi.ac.uk/vol1/fastq/SRR254/071/SRR25403071/SRR25403071_2.fastq.gz		
SRR25403072	SAMN36695347	Illumina HiSeq 4000 sequencing: GSM7658907: Astrocyte day1 rep1 Mus musculus RNA-Seq	GSM7658907	20214045	1619518494;1908705751	ftp.sra.ebi.ac.uk/vol1/fastq/SRR254/072/SRR25403072/SRR25403072_1.fastq.gz;ftp.sra.ebi.ac.uk/vol1/fastq/SRR254/072/SRR25403072/SRR25403072_2.fastq.gz		
SRR25403073	SAMN36695346	Illumina HiSeq 4000 sequencing: GSM7658908: Astrocyte day1 rep2 Mus musculus RNA-Seq	GSM7658908	20679201	1744646188;1968612492	ftp.sra.ebi.ac.uk/vol1/fastq/SRR254/073/SRR25403073/SRR25403073_1.fastq.gz;ftp.sra.ebi.ac.uk/vol1/fastq/SRR254/073/SRR25403073/SRR25403073_2.fastq.gz		
SRR25403069	SAMN36695338	Illumina HiSeq 4000 sequencing: GSM7658916: Astrocyte day60 rep2 Mus musculus RNA-Seq	GSM7658916	26118348	2073285072;2578042548	ftp.sra.ebi.ac.uk/vol1/fastq/SRR254/069/SRR25403069/SRR25403069_1.fastq.gz;ftp.sra.ebi.ac.uk/vol1/fastq/SRR254/069/SRR25403069/SRR25403069_2.fastq.gz		
SRR25403062	SAMN36695345	Illumina HiSeq 4000 sequencing: GSM7658909: Astrocyte day3 rep1 Mus musculus RNA-Seq	GSM7658909	23276640	1888969160;2077321272	ftp.sra.ebi.ac.uk/vol1/fastq/SRR254/062/SRR25403062/SRR25403062_1.fastq.gz;ftp.sra.ebi.ac.uk/vol1/fastq/SRR254/062/SRR25403062/SRR25403062_2.fastq.gz		
SRR25403063	SAMN36695344	Illumina HiSeq 4000 sequencing: GSM7658910: Astrocyte day3 rep2 Mus musculus RNA-Seq	GSM7658910	22181973	1808974726;2115518528	ftp.sra.ebi.ac.uk/vol1/fastq/SRR254/063/SRR25403063/SRR25403063_1.fastq.gz;ftp.sra.ebi.ac.uk/vol1/fastq/SRR254/063/SRR25403063/SRR25403063_2.fastq.gz		
SRR25403068	SAMN36695339	Illumina HiSeq 4000 sequencing: GSM7658915: Astrocyte day60 rep1 Mus musculus RNA-Seq	GSM7658915	20588526	1633891094;1945606863	ftp.sra.ebi.ac.uk/vol1/fastq/SRR254/068/SRR25403068/SRR25403068_1.fastq.gz;ftp.sra.ebi.ac.uk/vol1/fastq/SRR254/068/SRR25403068/SRR25403068_2.fastq.gz		
SRR25403065	SAMN36695342	Illumina HiSeq 4000 sequencing: GSM7658912: Astrocyte day7 rep2 Mus musculus RNA-Seq	GSM7658912	22525706	1858263749;2166189038	ftp.sra.ebi.ac.uk/vol1/fastq/SRR254/065/SRR25403065/SRR25403065_1.fastq.gz;ftp.sra.ebi.ac.uk/vol1/fastq/SRR254/065/SRR25403065/SRR25403065_2.fastq.gz		
SRR25403067	SAMN36695340	Illumina HiSeq 4000 sequencing: GSM7658914: Astrocyte day21 rep2 Mus musculus RNA-Seq	GSM7658914	21547497	1800827038;2092579609	ftp.sra.ebi.ac.uk/vol1/fastq/SRR254/067/SRR25403067/SRR25403067_1.fastq.gz;ftp.sra.ebi.ac.uk/vol1/fastq/SRR254/067/SRR25403067/SRR25403067_2.fastq.gz		
