gene	ensembl	sample	condition	mean_raw	median_raw	pct_expr	sample_total_counts
Nudt21	ENSMUSG00000031754	sham1	sham	0.12974575304982328	0.0	11.640633907194163	25377653.0
Cpsf6	ENSMUSG00000055531	sham1	sham	0.12666742674723522	0.0	11.709041158362785	25377653.0
Cstf2	ENSMUSG00000031256	sham1	sham	0.0340896134990309	0.0	3.306350473150154	25377653.0
Elavl1	ENSMUSG00000040028	sham1	sham	0.3170676091665717	0.0	26.39379774256071	25377653.0
Aqp4	ENSMUSG00000024411	sham1	sham	0.07353779500627067	0.0	3.488769809599818	25377653.0
Slc1a3	ENSMUSG00000005360	sham1	sham	0.544407707216965	0.0	18.036711891460495	25377653.0
Gfap	ENSMUSG00000020932	sham1	sham	0.023600501653175236	0.0	1.5163607342378291	25377653.0
Aldh1l1	ENSMUSG00000030088	sham1	sham	0.040702314445331206	0.0	3.29494926462205	25377653.0
Serpina3n	ENSMUSG00000021091	sham1	sham	0.005016531752365751	0.0	0.3762398814274313	25377653.0
C3	ENSMUSG00000024164	sham1	sham	0.006384676775738229	0.0	0.41044350701174326	25377653.0
Nudt21	ENSMUSG00000031754	sham2	sham	0.130327868852459	0.0	11.52224824355972	25135690.0
Cpsf6	ENSMUSG00000055531	sham2	sham	0.132903981264637	0.0	12.353629976580796	25135690.0
Cstf2	ENSMUSG00000031256	sham2	sham	0.03840749414519906	0.0	3.747072599531616	25135690.0
Elavl1	ENSMUSG00000040028	sham2	sham	0.3195550351288056	0.0	26.54566744730679	25135690.0
Aqp4	ENSMUSG00000024411	sham2	sham	0.08313817330210772	0.0	3.7704918032786887	25135690.0
Slc1a3	ENSMUSG00000005360	sham2	sham	0.5633489461358314	0.0	17.97423887587822	25135690.0
Gfap	ENSMUSG00000020932	sham2	sham	0.03817330210772834	0.0	1.7915690866510539	25135690.0
Aldh1l1	ENSMUSG00000030088	sham2	sham	0.040046838407494144	0.0	3.395784543325527	25135690.0
Serpina3n	ENSMUSG00000021091	sham2	sham	0.005503512880562061	0.0	0.4332552693208431	25135690.0
C3	ENSMUSG00000024164	sham2	sham	0.008548009367681499	0.0	0.5971896955503513	25135690.0
Nudt21	ENSMUSG00000031754	sham3	sham	0.1369739478957916	0.0	12.20440881763527	29771389.0
Cpsf6	ENSMUSG00000055531	sham3	sham	0.14198396793587173	0.0	12.79559118236473	29771389.0
Cstf2	ENSMUSG00000031256	sham3	sham	0.035170340681362725	0.0	3.4569138276553106	29771389.0
Elavl1	ENSMUSG00000040028	sham3	sham	0.33026052104208414	0.0	27.725450901803605	29771389.0
Aqp4	ENSMUSG00000024411	sham3	sham	0.09498997995991984	0.0	4.338677354709419	29771389.0
Slc1a3	ENSMUSG00000005360	sham3	sham	0.6116232464929859	0.0	19.4188376753507	29771389.0
Gfap	ENSMUSG00000020932	sham3	sham	0.030460921843687375	0.0	1.783567134268537	29771389.0
Aldh1l1	ENSMUSG00000030088	sham3	sham	0.03697394789579158	0.0	3.2064128256513023	29771389.0
Serpina3n	ENSMUSG00000021091	sham3	sham	0.008316633266533067	0.0	0.5110220440881764	29771389.0
C3	ENSMUSG00000024164	sham3	sham	0.00871743486973948	0.0	0.591182364729459	29771389.0
Nudt21	ENSMUSG00000031754	MCAO1	MCAO	0.2009004417261298	0.0	16.913013931362556	42848023.0
Cpsf6	ENSMUSG00000055531	MCAO1	MCAO	0.1709140332993544	0.0	15.069656812776078	42848023.0
Cstf2	ENSMUSG00000031256	MCAO1	MCAO	0.050118926265715256	0.0	4.825008494733265	42848023.0
Elavl1	ENSMUSG00000040028	MCAO1	MCAO	0.43076792388718993	0.0	33.01053346924906	42848023.0
Aqp4	ENSMUSG00000024411	MCAO1	MCAO	0.19291539245667685	0.0	7.968059802922188	42848023.0
Slc1a3	ENSMUSG00000005360	MCAO1	MCAO	0.7916241930003398	0.0	23.20761128100578	42848023.0
Gfap	ENSMUSG00000020932	MCAO1	MCAO	0.3870200475705063	0.0	12.470268433571185	42848023.0
Aldh1l1	ENSMUSG00000030088	MCAO1	MCAO	0.06235134216785593	0.0	4.892966360856269	42848023.0
Serpina3n	ENSMUSG00000021091	MCAO1	MCAO	0.21678559293238192	0.0	11.009174311926607	42848023.0
C3	ENSMUSG00000024164	MCAO1	MCAO	0.018093781855249746	0.0	1.4441046551138295	42848023.0
Nudt21	ENSMUSG00000031754	MCAO2	MCAO	0.18501892439045858	0.0	15.74685326995863	40306707.0
Cpsf6	ENSMUSG00000055531	MCAO2	MCAO	0.1653903705659713	0.0	14.805034768066191	40306707.0
Cstf2	ENSMUSG00000031256	MCAO2	MCAO	0.04383416952733034	0.0	4.304198574069184	40306707.0
Elavl1	ENSMUSG00000040028	MCAO2	MCAO	0.42689904057741396	0.0	32.391514831440894	40306707.0
Aqp4	ENSMUSG00000024411	MCAO2	MCAO	0.1860751694393099	0.0	7.965848076753806	40306707.0
Slc1a3	ENSMUSG00000005360	MCAO2	MCAO	0.7312736554880732	0.0	22.806091013115044	40306707.0
Gfap	ENSMUSG00000020932	MCAO2	MCAO	0.3527858463163454	0.0	11.93556905202007	40306707.0
Aldh1l1	ENSMUSG00000030088	MCAO2	MCAO	0.05087580318633923	0.0	4.084147522225156	40306707.0
Serpina3n	ENSMUSG00000021091	MCAO2	MCAO	0.19109233342135376	0.0	9.752662617727314	40306707.0
C3	ENSMUSG00000024164	MCAO2	MCAO	0.01496347152539389	0.0	1.2234838482527945	40306707.0
Nudt21	ENSMUSG00000031754	MCAO3	MCAO	0.2211253701875617	0.0	18.410661401776903	34617621.0
Cpsf6	ENSMUSG00000055531	MCAO3	MCAO	0.1731243830207305	0.0	15.227048371174728	34617621.0
Cstf2	ENSMUSG00000031256	MCAO3	MCAO	0.05330700888450148	0.0	5.059230009871668	34617621.0
Elavl1	ENSMUSG00000040028	MCAO3	MCAO	0.45138203356367224	0.0	33.21816386969398	34617621.0
Aqp4	ENSMUSG00000024411	MCAO3	MCAO	0.24358341559723592	0.0	8.279861796643633	34617621.0
Slc1a3	ENSMUSG00000005360	MCAO3	MCAO	0.8886969397828233	0.0	22.458045409674234	34617621.0
Gfap	ENSMUSG00000020932	MCAO3	MCAO	0.4355873642645607	0.0	12.055774925962488	34617621.0
Aldh1l1	ENSMUSG00000030088	MCAO3	MCAO	0.06897828232971372	0.0	5.429417571569595	34617621.0
Serpina3n	ENSMUSG00000021091	MCAO3	MCAO	0.21409180651530108	0.0	9.291707798617967	34617621.0
C3	ENSMUSG00000024164	MCAO3	MCAO	0.02085389930898322	0.0	1.5918065153010859	34617621.0
