cluster	n_cells	Aqp4	Slc1a3	Gfap	Aldh1l1	Serpina3n	C3	C1qa	Cx3cr1	Pecam1	Mbp	Rbfox3	Syt1
0	9086	0.011278447695076466	0.10090890526771545	0.011449266225099564	0.016237376257777214	0.003072434337809682	0.0018240392673760653	0.8385599255561829	0.3037550449371338	1.1993709802627563	0.18190370500087738	0.0007108246209099889	0.001550022978335619
1	4443	0.009747529402375221	0.09899601340293884	0.012455443851649761	0.018070770427584648	0.002427326748147607	0.0	0.8176284432411194	0.2958419620990753	1.265860676765442	0.17621390521526337	0.0015959845623001456	0.0007597436779178679
2	581	0.014593061991035938	0.10412351042032242	0.007623066660016775	0.02140980213880539	0.13246393203735352	0.006657775957137346	0.9040915966033936	0.36323481798171997	1.2689968347549438	0.19146591424942017	0.0	0.0032833898440003395
3	1679	0.04755697399377823	0.2064756453037262	0.10585108399391174	0.030085327103734016	0.07407645136117935	0.169535830616951	1.3304011821746826	0.579353392124176	0.19667093455791473	0.3398405909538269	0.0	0.0
4	616	0.03235744684934616	0.17519471049308777	0.09696657210588455	0.026248548179864883	0.07650332897901535	0.024777645245194435	1.1889081001281738	0.4756385385990143	0.22381195425987244	0.3451581597328186	0.0	0.0
5	2815	1.3762829303741455	2.9455559253692627	1.0684245824813843	0.5199111700057983	0.27493494749069214	0.007303139194846153	1.1377251148223877	0.31333065032958984	0.11656032502651215	0.32231467962265015	0.005924144759774208	0.008751721121370792
6	5597	0.03973199054598808	0.1699928492307663	0.10180150717496872	0.018236812204122543	0.12246843427419662	0.002287541516125202	1.2137972116470337	0.27967196702957153	1.3034127950668335	0.3305665850639343	0.0014561184216290712	0.00108928675763309
7	6040	0.014020702801644802	0.6096304655075073	0.010148041881620884	0.02160297892987728	0.0011583244195207953	0.00158652663230896	4.46953821182251	3.3776028156280518	0.14543552696704865	0.21642276644706726	0.0009903140598908067	0.0005921667325310409
8	933	0.030113648623228073	0.38066673278808594	0.06694330275058746	0.027515264227986336	0.06927420943975449	0.005961715243756771	3.681032419204712	2.366452693939209	0.9645349979400635	0.3229983150959015	0.0035730605013668537	0.00146785331889987
9	3883	0.036893244832754135	0.4957307279109955	0.10644708573818207	0.021542035043239594	0.0833064615726471	0.005304679740220308	4.403843879699707	2.629683494567871	0.14338350296020508	0.3491078317165375	0.0011411922750994563	0.0015451776562258601
10	2243	0.052690763026475906	0.2417718768119812	0.10922475159168243	0.02926648035645485	0.08088738471269608	0.009061445482075214	3.7613613605499268	1.3481440544128418	0.1449851095676422	0.3433804214000702	0.00038330614916048944	0.0
11	2624	0.03238338977098465	0.15462498366832733	0.09314853698015213	0.013645620085299015	0.0766400396823883	0.0029199698474258184	1.2058957815170288	0.2910003066062927	1.417472004890442	0.3242781460285187	0.003816528245806694	0.0013402345357462764
12	2155	0.026514630764722824	0.14199738204479218	0.07415279746055603	0.034725189208984375	0.045130226761102676	0.013815191574394703	4.282602310180664	0.9917369484901428	0.1679430603981018	0.36526593565940857	0.004599467385560274	0.0006248492863960564
13	2624	0.032748982310295105	0.14335377514362335	0.059437647461891174	0.019876422360539436	0.04540157690644264	0.0034916808363050222	0.9805722832679749	0.29064783453941345	0.09688431024551392	0.24575652182102203	0.001444116816855967	0.0
14	656	0.0432763434946537	0.2146611362695694	0.10400334000587463	0.01001384761184454	0.08939312398433685	0.18636681139469147	1.3624719381332397	0.36523255705833435	0.2301340103149414	0.4216311275959015	0.0	0.0
15	295	0.037989482283592224	0.18988889455795288	0.0961994081735611	0.0267694853246212	0.06441456079483032	0.0028397871647030115	1.1155391931533813	0.3672583997249603	0.2530442178249359	0.4030594527721405	0.0	0.0
16	1001	0.033816780894994736	0.26375389099121094	0.0644240602850914	0.02052316442131996	0.0469890832901001	0.001776772434823215	1.1139718294143677	0.34066396951675415	0.24803845584392548	0.316916286945343	0.006887686438858509	0.003930607344955206
17	365	0.005868136882781982	0.3607827425003052	0.03948986157774925	0.02697412110865116	0.017710192129015923	0.0	0.8582768440246582	0.3318941295146942	0.10036167502403259	4.085174083709717	0.0	0.0
18	278	0.05182943865656853	0.3845706582069397	0.06905075907707214	0.08900325745344162	0.08959997445344925	0.0037988973781466484	1.790018916130066	0.6863523125648499	0.7644052505493164	0.6401232481002808	0.004377644043415785	0.0
19	2585	0.03902243450284004	0.15523232519626617	0.08849859237670898	0.09685114771127701	0.06975827366113663	0.002442701254040003	1.154402256011963	0.32045987248420715	0.10790667682886124	0.2817707359790802	0.0	0.0036965699400752783
20	193	0.02999836392700672	0.15043869614601135	0.06784406304359436	0.014339061453938484	0.12123098224401474	0.0	0.9876220226287842	0.3270951211452484	0.9342933893203735	0.3070710599422455	0.0	0.0
21	230	1.3561623096466064	0.6554834842681885	1.3859742879867554	0.06974111497402191	0.8374537825584412	0.22190077602863312	1.0674160718917847	0.30180272459983826	0.11543025076389313	0.256095826625824	0.0	0.0
22	317	0.5928671360015869	1.9868348836898804	0.7498485445976257	0.20939987897872925	0.3032688796520233	0.023459509015083313	3.5258851051330566	1.6074663400650024	0.37754592299461365	0.6991285681724548	0.0	0.007963924668729305
23	327	0.967738926410675	2.3640084266662598	0.827351450920105	0.38260790705680847	0.29494255781173706	0.0034765228629112244	1.2173086404800415	0.36959564685821533	1.0063556432724	0.4089086651802063	0.0	0.0
24	48	0.02708861418068409	1.6452757120132446	0.14388197660446167	0.05475730821490288	0.5117225646972656	0.0	1.1307958364486694	0.21129179000854492	0.2712722420692444	0.37142810225486755	0.03149551898241043	0.0
25	302	0.019241005182266235	0.13212208449840546	0.0463450662791729	0.02770998887717724	0.03370886296033859	0.004728657193481922	1.1484148502349854	0.37378621101379395	1.6582752466201782	0.2535093426704407	0.0	0.0
26	364	0.022009991109371185	1.0948864221572876	0.07624007016420364	0.04429653659462929	0.0671783983707428	0.05849899724125862	0.9649465084075928	0.39152154326438904	0.17728109657764435	0.2809563875198364	0.0	0.0
27	3513	0.033283211290836334	0.17004185914993286	0.10389309376478195	0.022104501724243164	0.21543245017528534	0.0042814514599740505	1.1690784692764282	0.29897400736808777	1.6853753328323364	0.3147256076335907	0.0007974038599058986	0.0002880000392906368
28	1032	0.03930245712399483	0.3114897310733795	0.1774519383907318	0.036357950419187546	0.6739856004714966	0.0034069973044097424	1.2339823246002197	0.3302783966064453	0.1870279163122177	3.679716110229492	0.0008503738790750504	0.0008556582615710795
29	79	0.024327361956238747	0.45768123865127563	0.05094977840781212	0.03846510872244835	0.05861186236143112	0.011088976636528969	3.728649616241455	2.293104410171509	0.10259493440389633	0.3318638503551483	0.0	0.0
