gene	layer1_log2FC	layer1_padj	layer1_dir	layer1_homeostatic_log2FC	layer1_homeostatic_padj	layer2_paired_log2FC	layer2_padj	layer2_dir	direction_consistency
Cpsf1	0.6144670486120138	0.5604424053700028	up	0.48945379078484874	0.7991067596714054			NA	NA
Cpsf2	0.4336647008898686	0.4968070195061084	up	0.45568814038893063	0.6142359781478217			NA	NA
Cpsf3	0.2471253268602021	0.6488233405540627	up	0.17790954474847478	0.8596734300190896	-1.1018057073566103	0.9995150899006425	down	discordant
Cpsf4	0.41322510116789446	0.7228204813101954	up	0.4937930285448407	0.7708897889618453			NA	NA
Cpsf4l			NA					NA	NA
Wdr33	-0.4235976056254556	0.3377732254569037	down	-0.4645647407916411	0.4220849102579011			NA	NA
Fip1l1	0.16061723677779446	0.7790488297237137	up	0.12519881668296748	0.9060695132893283	-0.04828611075936753	0.9995150899006425	down	discordant
Cstf1	0.5185435356492614	0.5087578749551159	up	0.6019538910872289	0.5611950587367595			NA	NA
Cstf2	0.10326469253103143	0.9305061738212429	up	0.15869516051028973	0.9354835609567804			NA	NA
Cstf3	-0.24579451511894104	0.6847316420653083	down	-0.035899188629257096	0.9831212213552173	-1.1915763859324715	0.9995150899006425	down	concordant
Nudt21	-0.06203078505815724	0.9213112592775723	down	-0.1566777535332884	0.8441466325105658			NA	NA
Cpsf6	-0.07067634040781781	0.9074135470711435	down	0.02843376694120772	0.9817257133076066			NA	NA
Cpsf7	0.05672110666919417	0.9493566007909054	up	0.055350654734703304	0.9736734738032529	-0.4906955534236705	0.9995150899006425	down	discordant
Pabpn1	-0.6302383675343323	0.0002000937891899007	down	-0.5079967794486463	0.017489641482309172			NA	NA
Pcf11	-0.3876661555848606	0.3960367358525733	down	-0.3300531129168046	0.6564315482284688			NA	NA
Clp1	0.27332055964966623	0.8078818162761296	up	0.2480961750542677	0.9043492755240248			NA	NA
Sympk	-0.15212926651237743	0.8505970969512069	down	-0.2904950057734736	0.7855631084975306			NA	NA
Elavl1	0.2518185792312983	0.37723778220582094	up	0.28637917923367623	0.4208707707631325			NA	NA
Elavl2	-0.05064719987151808	0.9875459176869334	down	0.49054962320513384	0.8856704877035443			NA	NA
Qk	-0.26612382877727536	0.07700580828187856	down	-0.23662307650885983	0.20844179019625672	-0.8258542455730208	0.9995150899006425	down	concordant
Ptbp1	0.05502430426144814	0.9352243656327466	up	-0.07363295467805094	0.9500490190580577	2.9779081816129453	0.9995150899006425	up	concordant
Ptbp2	0.07245216436103803	0.9288906609154669	up	0.11527304845774994	0.9284303559234016			NA	NA
Hnrnpa2b1	0.030141527729722437	0.917165728546555	up	0.08768246773268079	0.7875477676944432			NA	NA
Srsf1	-0.24645856915817316	0.3934159993892293	down	-0.14097856573113512	0.806106891999797	-1.9172037102406891	0.9995150899006425	down	concordant
Nova1	-0.3761679747661963	0.6860087144745688	down	-0.2096100844192753	0.913451991816039			NA	NA
Nova2	-0.17681017182388184	0.9213112592775723	down	-0.140325822086808	0.9671737672250869			NA	NA
Fus	0.03838216040240149	0.9139587674255739	up	-0.007877152937135297	0.9915261186674558			NA	NA
Tardbp	0.11298160788988802	0.8345920906260563	up	0.15069901043174577	0.8505427253597289			NA	NA
Khdrbs1	-0.0020467353416057364	0.9983041028298602	down	-0.1186129137189005	0.9043630435149435			NA	NA
Mbnl1	0.09845546348181325	0.8644550204526505	up	0.26352978700325985	0.6425878584044015			NA	NA
Mbnl2	0.24528624678869182	0.36212617155747495	up	0.2985526490191833	0.34528188248279645			NA	NA
