event	contrast	logitFC	dPDUI	d_rep1	d_rep2	padj_joint	padj_within
5970	day21	-1.40848962579294	-0.335	-0.34	-0.33	0.0234538615374884	0.0105404013232856
6687	day21	-1.0249530609350501	-0.25	-0.25	-0.25	0.0234538615374884	0.0105404013232856
6533	day21	-4.09446693687691	-0.375	-0.39	-0.36	0.0234538615374884	0.0105404013232856
6470	day21	-0.637070485947239	-0.11	-0.11	-0.11	0.0234538615374884	0.0111766165684056
6213	day21	-3.5484756400347104	-0.255	-0.25	-0.26	0.0234538615374884	0.0105404013232856
4035	day60	4.41824307402295	0.455	0.46	0.45	0.0234538615374884	0.0247030491728338
980	day21	-4.81175180787372	-0.555	-0.54	-0.57	0.0234538615374884	0.0105404013232856
4159	day7	-3.8574896072934104	-0.32	-0.33	-0.31	0.0234538615374884	0.0123229654725458
4085	day7	-1.8740326081809597	-0.175	-0.17	-0.18	0.0234538615374884	0.0120777761880692
8722	day7	-6.35400777867411	-0.86	-0.85	-0.87	0.0234538615374884	0.0116645882275986
6831	day21	1.96500745098838	0.43	0.43	0.43	0.0234538615374884	0.0105404013232856
3859	day7	-1.73896670038032	-0.345	-0.34	-0.35	0.0234538615374884	0.0130856018449202
4963	day60	-4.49703184608941	-0.475	-0.48	-0.47	0.0234538615374884	0.0247030491728338
3429	day7	-3.8800580364360697	-0.325	-0.32	-0.33	0.0234538615374884	0.0116645882275986
5407	day60	-4.03164131255624	-0.36	-0.35	-0.37	0.0234538615374884	0.0247030491728338
3348	day7	-3.8800580364360697	-0.325	-0.33	-0.32	0.0234538615374884	0.0116645882275986
5687	day21	-4.0100473360778395	-0.355	-0.34	-0.37	0.0234538615374884	0.0109324323754623
1459	day21	-4.8317854120515005	-0.56	-0.58	-0.54	0.0234538615374884	0.0105404013232856
5687	day60	-3.7200477470607596	-0.29	-0.29	-0.29	0.0234538615374884	0.0247030491728338
5561	day21	-3.8578434182945003	-0.32	-0.32	-0.32	0.0234538615374884	0.0105404013232856
5952	day60	-6.31788631207842	-0.855	-0.87	-0.84	0.0234538615374884	0.0247030491728338
4886	day60	-1.01847598357685	-0.2	-0.2	-0.2	0.0234538615374884	0.0247030491728338
1012	day3	-2.0386704582823	-0.24	-0.24	-0.24	0.0234538615374884	0.0709882090678622
5224	day7	-4.11554344797982	-0.38	-0.39	-0.37	0.0234538615374884	0.0116645882275986
2347	day60	-1.3549434025477702	-0.315	-0.31	-0.32	0.0234538615374884	0.0247030491728338
9299	day21	-4.59511985013459	-0.5	-0.5	-0.5	0.0234538615374884	0.0105404013232856
9347	day21	-1.15924723855432	-0.285	-0.29	-0.28	0.0234538615374884	0.0111766165684056
8997	day21	-2.3280581744609	-0.155	-0.15	-0.16	0.0234538615374884	0.0105404013232856
8997	day7	-2.3280581744609	-0.155	-0.15	-0.16	0.0234538615374884	0.0116645882275986
9032	day7	0.8260649293367541	0.15	0.15	0.15	0.0234538615374884	0.0116645882275986
8728	day21	-1.35293189252561	-0.12	-0.12	-0.12	0.0234538615374884	0.0105404013232856
8722	day21	-5.4238625467342105	-0.7	-0.71	-0.69	0.0234538615374884	0.0105404013232856
9504	day21	-3.62316614979254	-0.27	-0.28	-0.26	0.0234538615374884	0.0109324323754623
7512	day7	-3.37555472083932	-0.6	-0.61	-0.59	0.0234538615374884	0.0116645882275986
9189	day7	-3.24591255767703	-0.2	-0.2	-0.2	0.0234538615374884	0.0130856018449202
9346	day7	-3.57335564676656	-0.26	-0.25	-0.27	0.0234538615374884	0.0130856018449202
6916	day7	-4.6932835856668	-0.525	-0.54	-0.51	0.0234538615374884	0.0116645882275986
6533	day7	-5.03337609156705	-0.61	-0.62	-0.6	0.0234538615374884	0.0116645882275986
2112	day3	-5.3775331402600095	-0.69	-0.69	-0.69	0.0234538615374884	0.0709882090678622
4198	day1	-1.6825306783324	-0.22	-0.22	-0.22	0.0234538615374884	0.050655585473239
