metric	value
events_total	9269.0
pdui_valid_sham1	8146.0
pdui_valid_sham2	8427.0
pdui_valid_day1_rep1	8118.0
pdui_valid_day1_rep2	8562.0
sham1_vs_sham2_pearson_r	0.9192
day1_rep1_vs_sham_n	7525.0
day1_rep1_deltaPDUI<-0.1	2256.0
day1_rep1_deltaPDUI>+0.1	720.0
day1_rep1_deltaPDUI<-0.2	1035.0
day1_rep1_deltaPDUI>+0.2	334.0
day1_rep1_median_deltaPDUI	-0.025
day1_rep2_vs_sham_n	7969.0
day1_rep2_deltaPDUI<-0.1	2359.0
day1_rep2_deltaPDUI>+0.1	569.0
day1_rep2_deltaPDUI<-0.2	1003.0
day1_rep2_deltaPDUI>+0.2	252.0
day1_rep2_median_deltaPDUI	-0.03
