family	hits_lost	hits_null_utr	density_lost_perMb	density_null_perMb	enrichment	poisson_p	q_bh_families
ELAVL1	91278	51677	54410.5	51884.4	1.05	1.00e+00	1.0
FUS	23882	13341	14236.0	13394.6	1.06	1.00e+00	1.0
KHDRBS1	27992	15498	16685.9	15560.2	1.07	1.00e+00	1.0
TARDBP	46852	30341	27928.3	30462.8	0.92	1.85e-81	2.775e-80
PTBP1	197802	120419	117909.0	120902.4	0.98	2.10e-29	1.05e-28
MBNL1	20350	12383	12130.6	12432.7	0.98	2.11e-04	0.0007912500000000001
NOVA2	19094	11498	11381.9	11544.2	0.99	2.48e-02	0.0744
PABPN1	2577	1550	1536.1	1556.2	0.99	2.52e-01	0.42000000000000004
SRSF1	154544	91866	92123.1	92234.8	1.0	3.17e-01	0.4755
QKI	10370	6259	6181.5	6284.1	0.98	4.61e-02	0.11525
HNRNPA2B1	23486	14085	13999.9	14141.5	0.99	6.09e-02	0.1171875
NOVA1	24559	14724	14639.5	14783.1	0.99	6.25e-02	0.1171875
ZFP36	19990	11746	11916.0	11793.1	1.01	9.28e-01	1.0
PTBP2	10158	6756	6055.1	6783.1	0.89	9.49e-32	7.1175e-31
HNRNPA1	101765	59891	60661.7	60131.4	1.01	9.97e-01	1.0
